log,drive,day_vehicle,role,prior_use,in_navtest,shard,n_scenes_navtest,n_frame_Aminus_5090,n_frame_mismatch_Aplus_5090,n_frame_nomismatch_5090,poc_mech_Aminus_scenes,poc_mech_Aplus_scenes,navhard_source,drive_overlaps_poc,dayveh_overlaps_poc,images_local,n_output_dirs_using,eval_order_key,output_dirs_using
2021.05.25.14.16.10_veh-35_02482_02649,2021.05.25.14.16.10_veh-35,2021.05.25_veh-35,dev_discovery,poc_mechanism_dev,True,0-5,24,,,,0,1,False,False,False,True,37,,action_history_causal;annotations;best_of_n_selection;best_of_n_selection_5090;best_of_n_selection_n16_T0.85;best_of_n_selection_n16_T1;best_of_n_selection_n16_T1.0_seed0_5090;best_of_n_selection_n16_T1.0_seed1_5090;best_of_n_selection_n16_T1.0_seed2_5090;best_of_n_selection_n16_T1.0_seed3_5090;best_of_n_selection_n16_T1.0_seed4_5090;best_of_n_selection_n16_T1.15;best_of_n_selection_n16_T1_seed1;best_of_n_selection_n16_T1_seed2;best_of_n_selection_n16_T1_seed3;best_of_n_selection_n16_T1_seed4;best_of_n_selection_n32_T1.0;best_of_n_selection_n32_T1.3;best_of_n_selection_n4_T1.0;best_of_n_selection_n4_T1.0_seed0_5090;best_of_n_selection_n8_T1.0;best_of_n_selection_n8_T1.0_seed0_5090;consensus_reference_stabilization;consensus_reference_stabilization_5090;cross_vla_temporal_replication;equal_distance_perturbation;frame_index;full_extract;motion_semantics_ablation;natural_reference_stabilization;natural_reference_stabilization_5090;pdm_reference_stabilization;prev_action_identity_decomposition;receding_horizon_replanning;reference_stabilization;review_followup;robustness_reference_stabilization
2021.05.25.14.16.10_veh-35_03373_03550,2021.05.25.14.16.10_veh-35,2021.05.25_veh-35,dev_discovery,poc_mechanism_dev,True,0-5,39,,,,0,3,True,False,False,True,42,,action_history_causal;annotations;best_of_n_selection;best_of_n_selection_5090;best_of_n_selection_n16_T0.85;best_of_n_selection_n16_T1;best_of_n_selection_n16_T1.0_seed0_5090;best_of_n_selection_n16_T1.0_seed1_5090;best_of_n_selection_n16_T1.0_seed2_5090;best_of_n_selection_n16_T1.0_seed3_5090;best_of_n_selection_n16_T1.0_seed4_5090;best_of_n_selection_n16_T1.15;best_of_n_selection_n16_T1_seed1;best_of_n_selection_n16_T1_seed2;best_of_n_selection_n16_T1_seed3;best_of_n_selection_n16_T1_seed4;best_of_n_selection_n32_T1.0;best_of_n_selection_n32_T1.3;best_of_n_selection_n4_T1.0;best_of_n_selection_n4_T1.0_seed0_5090;best_of_n_selection_n8_T1.0;best_of_n_selection_n8_T1.0_seed0_5090;candidate_oracle;consensus_reference_stabilization;consensus_reference_stabilization_5090;cross_vla_temporal_replication;equal_distance_perturbation;frame_index;full_extract;motion_semantics_ablation;natural_reference_stabilization;natural_reference_stabilization_5090;navhard_eval;navhard_full_validation;pdm_reference_stabilization;prev_action_identity_decomposition;receding_horizon_replanning;reference_stabilization;review_followup;robustness_reference_stabilization;safety_filter_ablation;safety_filter_components
2021.05.25.14.24.08_veh-25_00934_01067,2021.05.25.14.24.08_veh-25,2021.05.25_veh-25,dev_discovery,poc_mechanism_dev,True,0-5,31,,,,2,1,False,False,False,True,37,,action_history_causal;annotations;best_of_n_selection;best_of_n_selection_5090;best_of_n_selection_n16_T0.85;best_of_n_selection_n16_T1;best_of_n_selection_n16_T1.0_seed0_5090;best_of_n_selection_n16_T1.0_seed1_5090;best_of_n_selection_n16_T1.0_seed2_5090;best_of_n_selection_n16_T1.0_seed3_5090;best_of_n_selection_n16_T1.0_seed4_5090;best_of_n_selection_n16_T1.15;best_of_n_selection_n16_T1_seed1;best_of_n_selection_n16_T1_seed2;best_of_n_selection_n16_T1_seed3;best_of_n_selection_n16_T1_seed4;best_of_n_selection_n32_T1.0;best_of_n_selection_n32_T1.3;best_of_n_selection_n4_T1.0;best_of_n_selection_n4_T1.0_seed0_5090;best_of_n_selection_n8_T1.0;best_of_n_selection_n8_T1.0_seed0_5090;consensus_reference_stabilization;consensus_reference_stabilization_5090;cross_vla_temporal_replication;equal_distance_perturbation;frame_index;full_extract;motion_semantics_ablation;natural_reference_stabilization;natural_reference_stabilization_5090;pdm_reference_stabilization;prev_action_identity_decomposition;receding_horizon_replanning;reference_stabilization;review_followup;robustness_reference_stabilization
2021.05.25.14.24.08_veh-25_04059_04203,2021.05.25.14.24.08_veh-25,2021.05.25_veh-25,dev_discovery,poc_mechanism_dev,True,0-5,66,,,,2,9,False,False,False,True,38,,action_history_causal;annotations;best_of_n_selection;best_of_n_selection_5090;best_of_n_selection_n16_T0.85;best_of_n_selection_n16_T1;best_of_n_selection_n16_T1.0_seed0_5090;best_of_n_selection_n16_T1.0_seed1_5090;best_of_n_selection_n16_T1.0_seed2_5090;best_of_n_selection_n16_T1.0_seed3_5090;best_of_n_selection_n16_T1.0_seed4_5090;best_of_n_selection_n16_T1.15;best_of_n_selection_n16_T1_seed1;best_of_n_selection_n16_T1_seed2;best_of_n_selection_n16_T1_seed3;best_of_n_selection_n16_T1_seed4;best_of_n_selection_n32_T1.0;best_of_n_selection_n32_T1.3;best_of_n_selection_n4_T1.0;best_of_n_selection_n4_T1.0_seed0_5090;best_of_n_selection_n8_T1.0;best_of_n_selection_n8_T1.0_seed0_5090;consensus_reference_stabilization;consensus_reference_stabilization_5090;cross_vla_temporal_replication;equal_distance_perturbation;frame_index;full_extract;motion_semantics_ablation;natural_reference_stabilization;natural_reference_stabilization_5090;pdm_reference_stabilization;prev_action_identity_decomposition;prev_action_state_patching;receding_horizon_replanning;reference_stabilization;review_followup;robustness_reference_stabilization
2021.05.25.14.26.37_veh-27_04122_04279,2021.05.25.14.26.37_veh-27,2021.05.25_veh-27,dev_discovery,poc_mechanism_dev,True,0-5,25,,,,0,0,True,False,False,True,32,,annotations;best_of_n_selection;best_of_n_selection_5090;best_of_n_selection_n16_T0.85;best_of_n_selection_n16_T1;best_of_n_selection_n16_T1.0_seed0_5090;best_of_n_selection_n16_T1.0_seed1_5090;best_of_n_selection_n16_T1.0_seed2_5090;best_of_n_selection_n16_T1.0_seed3_5090;best_of_n_selection_n16_T1.0_seed4_5090;best_of_n_selection_n16_T1.15;best_of_n_selection_n16_T1_seed1;best_of_n_selection_n16_T1_seed2;best_of_n_selection_n16_T1_seed3;best_of_n_selection_n16_T1_seed4;best_of_n_selection_n32_T1.0;best_of_n_selection_n32_T1.3;best_of_n_selection_n4_T1.0;best_of_n_selection_n4_T1.0_seed0_5090;best_of_n_selection_n8_T1.0;best_of_n_selection_n8_T1.0_seed0_5090;candidate_oracle;cross_vla_temporal_replication;frame_index;full_extract;natural_reference_stabilization;natural_reference_stabilization_5090;navhard_eval;navhard_full_validation;review_followup;safety_filter_ablation;safety_filter_components
2021.05.25.18.38.25_veh-25_04058_04186,2021.05.25.18.38.25_veh-25,2021.05.25_veh-25,dev_discovery,poc_mechanism_dev,True,0-5,23,,,,0,1,False,False,False,True,37,,action_history_causal;annotations;best_of_n_selection;best_of_n_selection_5090;best_of_n_selection_n16_T0.85;best_of_n_selection_n16_T1;best_of_n_selection_n16_T1.0_seed0_5090;best_of_n_selection_n16_T1.0_seed1_5090;best_of_n_selection_n16_T1.0_seed2_5090;best_of_n_selection_n16_T1.0_seed3_5090;best_of_n_selection_n16_T1.0_seed4_5090;best_of_n_selection_n16_T1.15;best_of_n_selection_n16_T1_seed1;best_of_n_selection_n16_T1_seed2;best_of_n_selection_n16_T1_seed3;best_of_n_selection_n16_T1_seed4;best_of_n_selection_n32_T1.0;best_of_n_selection_n32_T1.3;best_of_n_selection_n4_T1.0;best_of_n_selection_n4_T1.0_seed0_5090;best_of_n_selection_n8_T1.0;best_of_n_selection_n8_T1.0_seed0_5090;consensus_reference_stabilization;consensus_reference_stabilization_5090;cross_vla_temporal_replication;equal_distance_perturbation;frame_index;full_extract;motion_semantics_ablation;natural_reference_stabilization;natural_reference_stabilization_5090;pdm_reference_stabilization;prev_action_identity_decomposition;receding_horizon_replanning;reference_stabilization;review_followup;robustness_reference_stabilization
2021.06.03.13.55.17_veh-35_00789_00999,2021.06.03.13.55.17_veh-35,2021.06.03_veh-35,dev_discovery,poc_mechanism_dev,True,0-5,33,,,,1,2,False,False,False,True,37,,action_history_causal;annotations;best_of_n_selection;best_of_n_selection_5090;best_of_n_selection_n16_T0.85;best_of_n_selection_n16_T1;best_of_n_selection_n16_T1.0_seed0_5090;best_of_n_selection_n16_T1.0_seed1_5090;best_of_n_selection_n16_T1.0_seed2_5090;best_of_n_selection_n16_T1.0_seed3_5090;best_of_n_selection_n16_T1.0_seed4_5090;best_of_n_selection_n16_T1.15;best_of_n_selection_n16_T1_seed1;best_of_n_selection_n16_T1_seed2;best_of_n_selection_n16_T1_seed3;best_of_n_selection_n16_T1_seed4;best_of_n_selection_n32_T1.0;best_of_n_selection_n32_T1.3;best_of_n_selection_n4_T1.0;best_of_n_selection_n4_T1.0_seed0_5090;best_of_n_selection_n8_T1.0;best_of_n_selection_n8_T1.0_seed0_5090;consensus_reference_stabilization;consensus_reference_stabilization_5090;cross_vla_temporal_replication;equal_distance_perturbation;frame_index;full_extract;motion_semantics_ablation;natural_reference_stabilization;natural_reference_stabilization_5090;pdm_reference_stabilization;prev_action_identity_decomposition;receding_horizon_replanning;reference_stabilization;review_followup;robustness_reference_stabilization
2021.06.03.13.55.17_veh-35_02866_03582,2021.06.03.13.55.17_veh-35,2021.06.03_veh-35,dev_discovery,poc_mechanism_dev,True,0-5,179,,,,3,11,True,False,False,True,42,,action_history_causal;annotations;best_of_n_selection;best_of_n_selection_5090;best_of_n_selection_n16_T0.85;best_of_n_selection_n16_T1;best_of_n_selection_n16_T1.0_seed0_5090;best_of_n_selection_n16_T1.0_seed1_5090;best_of_n_selection_n16_T1.0_seed2_5090;best_of_n_selection_n16_T1.0_seed3_5090;best_of_n_selection_n16_T1.0_seed4_5090;best_of_n_selection_n16_T1.15;best_of_n_selection_n16_T1_seed1;best_of_n_selection_n16_T1_seed2;best_of_n_selection_n16_T1_seed3;best_of_n_selection_n16_T1_seed4;best_of_n_selection_n32_T1.0;best_of_n_selection_n32_T1.3;best_of_n_selection_n4_T1.0;best_of_n_selection_n4_T1.0_seed0_5090;best_of_n_selection_n8_T1.0;best_of_n_selection_n8_T1.0_seed0_5090;candidate_oracle;consensus_reference_stabilization;consensus_reference_stabilization_5090;cross_vla_temporal_replication;equal_distance_perturbation;frame_index;full_extract;motion_semantics_ablation;natural_reference_stabilization;natural_reference_stabilization_5090;navhard_eval;navhard_full_validation;pdm_reference_stabilization;prev_action_identity_decomposition;receding_horizon_replanning;reference_stabilization;review_followup;robustness_reference_stabilization;safety_filter_ablation;safety_filter_components
2021.06.03.17.06.58_veh-35_00712_00855,2021.06.03.17.06.58_veh-35,2021.06.03_veh-35,dev_discovery,poc_mechanism_dev,True,0-5,19,,,,0,1,False,False,False,True,37,,action_history_causal;annotations;best_of_n_selection;best_of_n_selection_5090;best_of_n_selection_n16_T0.85;best_of_n_selection_n16_T1;best_of_n_selection_n16_T1.0_seed0_5090;best_of_n_selection_n16_T1.0_seed1_5090;best_of_n_selection_n16_T1.0_seed2_5090;best_of_n_selection_n16_T1.0_seed3_5090;best_of_n_selection_n16_T1.0_seed4_5090;best_of_n_selection_n16_T1.15;best_of_n_selection_n16_T1_seed1;best_of_n_selection_n16_T1_seed2;best_of_n_selection_n16_T1_seed3;best_of_n_selection_n16_T1_seed4;best_of_n_selection_n32_T1.0;best_of_n_selection_n32_T1.3;best_of_n_selection_n4_T1.0;best_of_n_selection_n4_T1.0_seed0_5090;best_of_n_selection_n8_T1.0;best_of_n_selection_n8_T1.0_seed0_5090;consensus_reference_stabilization;consensus_reference_stabilization_5090;cross_vla_temporal_replication;equal_distance_perturbation;frame_index;full_extract;motion_semantics_ablation;natural_reference_stabilization;natural_reference_stabilization_5090;pdm_reference_stabilization;prev_action_identity_decomposition;receding_horizon_replanning;reference_stabilization;review_followup;robustness_reference_stabilization
2021.06.28.16.29.11_veh-38_00022_00368,2021.06.28.16.29.11_veh-38,2021.06.28_veh-38,dev_discovery,poc_mechanism_dev,True,0-5,135,,,,1,11,False,False,False,True,38,,action_history_causal;annotations;best_of_n_selection;best_of_n_selection_5090;best_of_n_selection_n16_T0.85;best_of_n_selection_n16_T1;best_of_n_selection_n16_T1.0_seed0_5090;best_of_n_selection_n16_T1.0_seed1_5090;best_of_n_selection_n16_T1.0_seed2_5090;best_of_n_selection_n16_T1.0_seed3_5090;best_of_n_selection_n16_T1.0_seed4_5090;best_of_n_selection_n16_T1.15;best_of_n_selection_n16_T1_seed1;best_of_n_selection_n16_T1_seed2;best_of_n_selection_n16_T1_seed3;best_of_n_selection_n16_T1_seed4;best_of_n_selection_n32_T1.0;best_of_n_selection_n32_T1.3;best_of_n_selection_n4_T1.0;best_of_n_selection_n4_T1.0_seed0_5090;best_of_n_selection_n8_T1.0;best_of_n_selection_n8_T1.0_seed0_5090;consensus_reference_stabilization;consensus_reference_stabilization_5090;cross_vla_temporal_replication;equal_distance_perturbation;frame_index;full_extract;motion_semantics_ablation;natural_reference_stabilization;natural_reference_stabilization_5090;pdm_reference_stabilization;prev_action_identity_decomposition;receding_horizon_replanning;reference_stabilization;review_followup;robustness_reference_stabilization;sanity
2021.06.28.16.29.11_veh-38_01415_01821,2021.06.28.16.29.11_veh-38,2021.06.28_veh-38,dev_discovery,poc_mechanism_dev,True,0-5,88,,,,0,9,False,False,False,True,37,,action_history_causal;annotations;best_of_n_selection;best_of_n_selection_5090;best_of_n_selection_n16_T0.85;best_of_n_selection_n16_T1;best_of_n_selection_n16_T1.0_seed0_5090;best_of_n_selection_n16_T1.0_seed1_5090;best_of_n_selection_n16_T1.0_seed2_5090;best_of_n_selection_n16_T1.0_seed3_5090;best_of_n_selection_n16_T1.0_seed4_5090;best_of_n_selection_n16_T1.15;best_of_n_selection_n16_T1_seed1;best_of_n_selection_n16_T1_seed2;best_of_n_selection_n16_T1_seed3;best_of_n_selection_n16_T1_seed4;best_of_n_selection_n32_T1.0;best_of_n_selection_n32_T1.3;best_of_n_selection_n4_T1.0;best_of_n_selection_n4_T1.0_seed0_5090;best_of_n_selection_n8_T1.0;best_of_n_selection_n8_T1.0_seed0_5090;consensus_reference_stabilization;consensus_reference_stabilization_5090;cross_vla_temporal_replication;equal_distance_perturbation;frame_index;full_extract;motion_semantics_ablation;natural_reference_stabilization;natural_reference_stabilization_5090;pdm_reference_stabilization;prev_action_identity_decomposition;receding_horizon_replanning;reference_stabilization;review_followup;robustness_reference_stabilization
2021.06.28.16.57.59_veh-26_00016_00484,2021.06.28.16.57.59_veh-26,2021.06.28_veh-26,dev_discovery,poc_mechanism_dev,True,0-5,156,,,,0,6,False,False,False,True,37,,action_history_causal;annotations;best_of_n_selection;best_of_n_selection_5090;best_of_n_selection_n16_T0.85;best_of_n_selection_n16_T1;best_of_n_selection_n16_T1.0_seed0_5090;best_of_n_selection_n16_T1.0_seed1_5090;best_of_n_selection_n16_T1.0_seed2_5090;best_of_n_selection_n16_T1.0_seed3_5090;best_of_n_selection_n16_T1.0_seed4_5090;best_of_n_selection_n16_T1.15;best_of_n_selection_n16_T1_seed1;best_of_n_selection_n16_T1_seed2;best_of_n_selection_n16_T1_seed3;best_of_n_selection_n16_T1_seed4;best_of_n_selection_n32_T1.0;best_of_n_selection_n32_T1.3;best_of_n_selection_n4_T1.0;best_of_n_selection_n4_T1.0_seed0_5090;best_of_n_selection_n8_T1.0;best_of_n_selection_n8_T1.0_seed0_5090;consensus_reference_stabilization;consensus_reference_stabilization_5090;cross_vla_temporal_replication;equal_distance_perturbation;frame_index;full_extract;motion_semantics_ablation;natural_reference_stabilization;natural_reference_stabilization_5090;pdm_reference_stabilization;prev_action_identity_decomposition;receding_horizon_replanning;reference_stabilization;review_followup;robustness_reference_stabilization
2021.06.28.18.03.27_veh-14_00620_01581,2021.06.28.18.03.27_veh-14,2021.06.28_veh-14,dev_discovery,poc_mechanism_dev,True,0-5,162,,,,9,11,False,False,False,True,37,,action_history_causal;annotations;best_of_n_selection;best_of_n_selection_5090;best_of_n_selection_n16_T0.85;best_of_n_selection_n16_T1;best_of_n_selection_n16_T1.0_seed0_5090;best_of_n_selection_n16_T1.0_seed1_5090;best_of_n_selection_n16_T1.0_seed2_5090;best_of_n_selection_n16_T1.0_seed3_5090;best_of_n_selection_n16_T1.0_seed4_5090;best_of_n_selection_n16_T1.15;best_of_n_selection_n16_T1_seed1;best_of_n_selection_n16_T1_seed2;best_of_n_selection_n16_T1_seed3;best_of_n_selection_n16_T1_seed4;best_of_n_selection_n32_T1.0;best_of_n_selection_n32_T1.3;best_of_n_selection_n4_T1.0;best_of_n_selection_n4_T1.0_seed0_5090;best_of_n_selection_n8_T1.0;best_of_n_selection_n8_T1.0_seed0_5090;consensus_reference_stabilization;consensus_reference_stabilization_5090;cross_vla_temporal_replication;equal_distance_perturbation;frame_index;full_extract;motion_semantics_ablation;natural_reference_stabilization;natural_reference_stabilization_5090;pdm_reference_stabilization;prev_action_identity_decomposition;receding_horizon_replanning;reference_stabilization;review_followup;robustness_reference_stabilization
2021.06.28.21.47.53_veh-35_00280_00424,2021.06.28.21.47.53_veh-35,2021.06.28_veh-35,dev_discovery,poc_mechanism_dev,True,0-5,70,,,,0,2,False,False,False,True,37,,action_history_causal;annotations;best_of_n_selection;best_of_n_selection_5090;best_of_n_selection_n16_T0.85;best_of_n_selection_n16_T1;best_of_n_selection_n16_T1.0_seed0_5090;best_of_n_selection_n16_T1.0_seed1_5090;best_of_n_selection_n16_T1.0_seed2_5090;best_of_n_selection_n16_T1.0_seed3_5090;best_of_n_selection_n16_T1.0_seed4_5090;best_of_n_selection_n16_T1.15;best_of_n_selection_n16_T1_seed1;best_of_n_selection_n16_T1_seed2;best_of_n_selection_n16_T1_seed3;best_of_n_selection_n16_T1_seed4;best_of_n_selection_n32_T1.0;best_of_n_selection_n32_T1.3;best_of_n_selection_n4_T1.0;best_of_n_selection_n4_T1.0_seed0_5090;best_of_n_selection_n8_T1.0;best_of_n_selection_n8_T1.0_seed0_5090;consensus_reference_stabilization;consensus_reference_stabilization_5090;cross_vla_temporal_replication;equal_distance_perturbation;frame_index;full_extract;motion_semantics_ablation;natural_reference_stabilization;natural_reference_stabilization_5090;pdm_reference_stabilization;prev_action_identity_decomposition;receding_horizon_replanning;reference_stabilization;review_followup;robustness_reference_stabilization
2021.08.30.13.45.25_veh-40_01116_01336,2021.08.30.13.45.25_veh-40,2021.08.30_veh-40,dev_discovery,poc_mechanism_dev,True,0-5,62,,,,1,5,True,False,False,True,42,,action_history_causal;annotations;best_of_n_selection;best_of_n_selection_5090;best_of_n_selection_n16_T0.85;best_of_n_selection_n16_T1;best_of_n_selection_n16_T1.0_seed0_5090;best_of_n_selection_n16_T1.0_seed1_5090;best_of_n_selection_n16_T1.0_seed2_5090;best_of_n_selection_n16_T1.0_seed3_5090;best_of_n_selection_n16_T1.0_seed4_5090;best_of_n_selection_n16_T1.15;best_of_n_selection_n16_T1_seed1;best_of_n_selection_n16_T1_seed2;best_of_n_selection_n16_T1_seed3;best_of_n_selection_n16_T1_seed4;best_of_n_selection_n32_T1.0;best_of_n_selection_n32_T1.3;best_of_n_selection_n4_T1.0;best_of_n_selection_n4_T1.0_seed0_5090;best_of_n_selection_n8_T1.0;best_of_n_selection_n8_T1.0_seed0_5090;candidate_oracle;consensus_reference_stabilization;consensus_reference_stabilization_5090;cross_vla_temporal_replication;equal_distance_perturbation;frame_index;full_extract;motion_semantics_ablation;natural_reference_stabilization;natural_reference_stabilization_5090;navhard_eval;navhard_full_validation;pdm_reference_stabilization;prev_action_identity_decomposition;receding_horizon_replanning;reference_stabilization;review_followup;robustness_reference_stabilization;safety_filter_ablation;safety_filter_components
2021.08.30.14.54.34_veh-40_00439_00835,2021.08.30.14.54.34_veh-40,2021.08.30_veh-40,dev_discovery,poc_mechanism_dev,True,0-5,138,,,,3,12,True,False,False,True,44,,action_history_causal;annotations;best_of_n_selection;best_of_n_selection_5090;best_of_n_selection_n16_T0.85;best_of_n_selection_n16_T1;best_of_n_selection_n16_T1.0_seed0_5090;best_of_n_selection_n16_T1.0_seed1_5090;best_of_n_selection_n16_T1.0_seed2_5090;best_of_n_selection_n16_T1.0_seed3_5090;best_of_n_selection_n16_T1.0_seed4_5090;best_of_n_selection_n16_T1.15;best_of_n_selection_n16_T1_seed1;best_of_n_selection_n16_T1_seed2;best_of_n_selection_n16_T1_seed3;best_of_n_selection_n16_T1_seed4;best_of_n_selection_n32_T1.0;best_of_n_selection_n32_T1.3;best_of_n_selection_n4_T1.0;best_of_n_selection_n4_T1.0_seed0_5090;best_of_n_selection_n8_T1.0;best_of_n_selection_n8_T1.0_seed0_5090;candidate_oracle;consensus_reference_stabilization;consensus_reference_stabilization_5090;cross_vla_temporal_replication;equal_distance_perturbation;frame_index;full_extract;horizon_controlled_window;motion_semantics_ablation;natural_reference_stabilization;natural_reference_stabilization_5090;navhard_eval;navhard_full_validation;pdm_reference_stabilization;prev_action_identity_decomposition;prev_action_state_patching;receding_horizon_replanning;reference_stabilization;review_followup;robustness_reference_stabilization;safety_filter_ablation;safety_filter_components
2021.08.30.14.54.34_veh-40_00885_00986,2021.08.30.14.54.34_veh-40,2021.08.30_veh-40,dev_discovery,poc_mechanism_dev,True,0-5,21,,,,0,1,False,False,False,True,37,,action_history_causal;annotations;best_of_n_selection;best_of_n_selection_5090;best_of_n_selection_n16_T0.85;best_of_n_selection_n16_T1;best_of_n_selection_n16_T1.0_seed0_5090;best_of_n_selection_n16_T1.0_seed1_5090;best_of_n_selection_n16_T1.0_seed2_5090;best_of_n_selection_n16_T1.0_seed3_5090;best_of_n_selection_n16_T1.0_seed4_5090;best_of_n_selection_n16_T1.15;best_of_n_selection_n16_T1_seed1;best_of_n_selection_n16_T1_seed2;best_of_n_selection_n16_T1_seed3;best_of_n_selection_n16_T1_seed4;best_of_n_selection_n32_T1.0;best_of_n_selection_n32_T1.3;best_of_n_selection_n4_T1.0;best_of_n_selection_n4_T1.0_seed0_5090;best_of_n_selection_n8_T1.0;best_of_n_selection_n8_T1.0_seed0_5090;consensus_reference_stabilization;consensus_reference_stabilization_5090;cross_vla_temporal_replication;equal_distance_perturbation;frame_index;full_extract;motion_semantics_ablation;natural_reference_stabilization;natural_reference_stabilization_5090;pdm_reference_stabilization;prev_action_identity_decomposition;receding_horizon_replanning;reference_stabilization;review_followup;robustness_reference_stabilization
2021.08.30.16.16.44_veh-40_01099_01351,2021.08.30.16.16.44_veh-40,2021.08.30_veh-40,dev_discovery,poc_mechanism_dev,True,0-5,83,,,,2,6,True,False,False,True,42,,action_history_causal;annotations;best_of_n_selection;best_of_n_selection_5090;best_of_n_selection_n16_T0.85;best_of_n_selection_n16_T1;best_of_n_selection_n16_T1.0_seed0_5090;best_of_n_selection_n16_T1.0_seed1_5090;best_of_n_selection_n16_T1.0_seed2_5090;best_of_n_selection_n16_T1.0_seed3_5090;best_of_n_selection_n16_T1.0_seed4_5090;best_of_n_selection_n16_T1.15;best_of_n_selection_n16_T1_seed1;best_of_n_selection_n16_T1_seed2;best_of_n_selection_n16_T1_seed3;best_of_n_selection_n16_T1_seed4;best_of_n_selection_n32_T1.0;best_of_n_selection_n32_T1.3;best_of_n_selection_n4_T1.0;best_of_n_selection_n4_T1.0_seed0_5090;best_of_n_selection_n8_T1.0;best_of_n_selection_n8_T1.0_seed0_5090;candidate_oracle;consensus_reference_stabilization;consensus_reference_stabilization_5090;cross_vla_temporal_replication;equal_distance_perturbation;frame_index;full_extract;motion_semantics_ablation;natural_reference_stabilization;natural_reference_stabilization_5090;navhard_eval;navhard_full_validation;pdm_reference_stabilization;prev_action_identity_decomposition;receding_horizon_replanning;reference_stabilization;review_followup;robustness_reference_stabilization;safety_filter_ablation;safety_filter_components
2021.09.09.18.29.25_veh-39_00427_00556,2021.09.09.18.29.25_veh-39,2021.09.09_veh-39,dev_discovery,poc_mechanism_dev,True,0-5,36,,,,0,0,False,False,False,True,27,,annotations;best_of_n_selection;best_of_n_selection_5090;best_of_n_selection_n16_T0.85;best_of_n_selection_n16_T1;best_of_n_selection_n16_T1.0_seed0_5090;best_of_n_selection_n16_T1.0_seed1_5090;best_of_n_selection_n16_T1.0_seed2_5090;best_of_n_selection_n16_T1.0_seed3_5090;best_of_n_selection_n16_T1.0_seed4_5090;best_of_n_selection_n16_T1.15;best_of_n_selection_n16_T1_seed1;best_of_n_selection_n16_T1_seed2;best_of_n_selection_n16_T1_seed3;best_of_n_selection_n16_T1_seed4;best_of_n_selection_n32_T1.0;best_of_n_selection_n32_T1.3;best_of_n_selection_n4_T1.0;best_of_n_selection_n4_T1.0_seed0_5090;best_of_n_selection_n8_T1.0;best_of_n_selection_n8_T1.0_seed0_5090;cross_vla_temporal_replication;frame_index;full_extract;natural_reference_stabilization;natural_reference_stabilization_5090;review_followup
2021.09.09.18.29.25_veh-39_00569_00903,2021.09.09.18.29.25_veh-39,2021.09.09_veh-39,dev_discovery,poc_mechanism_dev,True,0-5,78,,,,5,4,False,False,False,True,37,,action_history_causal;annotations;best_of_n_selection;best_of_n_selection_5090;best_of_n_selection_n16_T0.85;best_of_n_selection_n16_T1;best_of_n_selection_n16_T1.0_seed0_5090;best_of_n_selection_n16_T1.0_seed1_5090;best_of_n_selection_n16_T1.0_seed2_5090;best_of_n_selection_n16_T1.0_seed3_5090;best_of_n_selection_n16_T1.0_seed4_5090;best_of_n_selection_n16_T1.15;best_of_n_selection_n16_T1_seed1;best_of_n_selection_n16_T1_seed2;best_of_n_selection_n16_T1_seed3;best_of_n_selection_n16_T1_seed4;best_of_n_selection_n32_T1.0;best_of_n_selection_n32_T1.3;best_of_n_selection_n4_T1.0;best_of_n_selection_n4_T1.0_seed0_5090;best_of_n_selection_n8_T1.0;best_of_n_selection_n8_T1.0_seed0_5090;consensus_reference_stabilization;consensus_reference_stabilization_5090;cross_vla_temporal_replication;equal_distance_perturbation;frame_index;full_extract;motion_semantics_ablation;natural_reference_stabilization;natural_reference_stabilization_5090;pdm_reference_stabilization;prev_action_identity_decomposition;receding_horizon_replanning;reference_stabilization;review_followup;robustness_reference_stabilization
2021.09.16.14.39.34_veh-42_00032_00186,2021.09.16.14.39.34_veh-42,2021.09.16_veh-42,dev_discovery,poc_mechanism_dev,True,0-5,97,,,,1,3,True,False,False,True,42,,action_history_causal;annotations;best_of_n_selection;best_of_n_selection_5090;best_of_n_selection_n16_T0.85;best_of_n_selection_n16_T1;best_of_n_selection_n16_T1.0_seed0_5090;best_of_n_selection_n16_T1.0_seed1_5090;best_of_n_selection_n16_T1.0_seed2_5090;best_of_n_selection_n16_T1.0_seed3_5090;best_of_n_selection_n16_T1.0_seed4_5090;best_of_n_selection_n16_T1.15;best_of_n_selection_n16_T1_seed1;best_of_n_selection_n16_T1_seed2;best_of_n_selection_n16_T1_seed3;best_of_n_selection_n16_T1_seed4;best_of_n_selection_n32_T1.0;best_of_n_selection_n32_T1.3;best_of_n_selection_n4_T1.0;best_of_n_selection_n4_T1.0_seed0_5090;best_of_n_selection_n8_T1.0;best_of_n_selection_n8_T1.0_seed0_5090;candidate_oracle;consensus_reference_stabilization;consensus_reference_stabilization_5090;cross_vla_temporal_replication;equal_distance_perturbation;frame_index;full_extract;motion_semantics_ablation;natural_reference_stabilization;natural_reference_stabilization_5090;navhard_eval;navhard_full_validation;pdm_reference_stabilization;prev_action_identity_decomposition;receding_horizon_replanning;reference_stabilization;review_followup;robustness_reference_stabilization;safety_filter_ablation;safety_filter_components
2021.09.16.19.12.04_veh-42_00289_00398,2021.09.16.19.12.04_veh-42,2021.09.16_veh-42,dev_discovery,poc_mechanism_dev,True,0-5,67,,,,0,3,True,False,False,True,43,,action_history_causal;annotations;best_of_n_selection;best_of_n_selection_5090;best_of_n_selection_n16_T0.85;best_of_n_selection_n16_T1;best_of_n_selection_n16_T1.0_seed0_5090;best_of_n_selection_n16_T1.0_seed1_5090;best_of_n_selection_n16_T1.0_seed2_5090;best_of_n_selection_n16_T1.0_seed3_5090;best_of_n_selection_n16_T1.0_seed4_5090;best_of_n_selection_n16_T1.15;best_of_n_selection_n16_T1_seed1;best_of_n_selection_n16_T1_seed2;best_of_n_selection_n16_T1_seed3;best_of_n_selection_n16_T1_seed4;best_of_n_selection_n32_T1.0;best_of_n_selection_n32_T1.3;best_of_n_selection_n4_T1.0;best_of_n_selection_n4_T1.0_seed0_5090;best_of_n_selection_n8_T1.0;best_of_n_selection_n8_T1.0_seed0_5090;candidate_oracle;consensus_reference_stabilization;consensus_reference_stabilization_5090;cross_vla_temporal_replication;equal_distance_perturbation;frame_index;full_extract;motion_semantics_ablation;natural_reference_stabilization;natural_reference_stabilization_5090;navhard_eval;navhard_full_validation;pdm_reference_stabilization;prev_action_identity_decomposition;prev_action_state_patching;receding_horizon_replanning;reference_stabilization;review_followup;robustness_reference_stabilization;safety_filter_ablation;safety_filter_components
2021.09.16.19.27.01_veh-45_00472_00711,2021.09.16.19.27.01_veh-45,2021.09.16_veh-45,dev_discovery,poc_mechanism_dev,True,0-5,79,,,,0,2,True,False,False,True,42,,action_history_causal;annotations;best_of_n_selection;best_of_n_selection_5090;best_of_n_selection_n16_T0.85;best_of_n_selection_n16_T1;best_of_n_selection_n16_T1.0_seed0_5090;best_of_n_selection_n16_T1.0_seed1_5090;best_of_n_selection_n16_T1.0_seed2_5090;best_of_n_selection_n16_T1.0_seed3_5090;best_of_n_selection_n16_T1.0_seed4_5090;best_of_n_selection_n16_T1.15;best_of_n_selection_n16_T1_seed1;best_of_n_selection_n16_T1_seed2;best_of_n_selection_n16_T1_seed3;best_of_n_selection_n16_T1_seed4;best_of_n_selection_n32_T1.0;best_of_n_selection_n32_T1.3;best_of_n_selection_n4_T1.0;best_of_n_selection_n4_T1.0_seed0_5090;best_of_n_selection_n8_T1.0;best_of_n_selection_n8_T1.0_seed0_5090;candidate_oracle;consensus_reference_stabilization;consensus_reference_stabilization_5090;cross_vla_temporal_replication;equal_distance_perturbation;frame_index;full_extract;motion_semantics_ablation;natural_reference_stabilization;natural_reference_stabilization_5090;navhard_eval;navhard_full_validation;pdm_reference_stabilization;prev_action_identity_decomposition;receding_horizon_replanning;reference_stabilization;review_followup;robustness_reference_stabilization;safety_filter_ablation;safety_filter_components
2021.09.16.19.27.01_veh-45_01749_03230,2021.09.16.19.27.01_veh-45,2021.09.16_veh-45,dev_discovery,poc_mechanism_dev,True,0-5,544,,,,15,34,True,False,False,True,43,,action_history_causal;annotations;best_of_n_selection;best_of_n_selection_5090;best_of_n_selection_n16_T0.85;best_of_n_selection_n16_T1;best_of_n_selection_n16_T1.0_seed0_5090;best_of_n_selection_n16_T1.0_seed1_5090;best_of_n_selection_n16_T1.0_seed2_5090;best_of_n_selection_n16_T1.0_seed3_5090;best_of_n_selection_n16_T1.0_seed4_5090;best_of_n_selection_n16_T1.15;best_of_n_selection_n16_T1_seed1;best_of_n_selection_n16_T1_seed2;best_of_n_selection_n16_T1_seed3;best_of_n_selection_n16_T1_seed4;best_of_n_selection_n32_T1.0;best_of_n_selection_n32_T1.3;best_of_n_selection_n4_T1.0;best_of_n_selection_n4_T1.0_seed0_5090;best_of_n_selection_n8_T1.0;best_of_n_selection_n8_T1.0_seed0_5090;candidate_oracle;consensus_reference_stabilization;consensus_reference_stabilization_5090;cross_vla_temporal_replication;equal_distance_perturbation;frame_index;full_extract;motion_semantics_ablation;natural_reference_stabilization;natural_reference_stabilization_5090;navhard_eval;navhard_full_validation;pdm_reference_stabilization;prev_action_identity_decomposition;prev_action_state_patching;receding_horizon_replanning;reference_stabilization;review_followup;robustness_reference_stabilization;safety_filter_ablation;safety_filter_components
2021.09.29.14.44.26_veh-28_00238_00320,2021.09.29.14.44.26_veh-28,2021.09.29_veh-28,dev_discovery,poc_mechanism_dev,True,0-5,19,,,,1,1,True,False,False,True,43,,action_history_causal;annotations;best_of_n_selection;best_of_n_selection_5090;best_of_n_selection_n16_T0.85;best_of_n_selection_n16_T1;best_of_n_selection_n16_T1.0_seed0_5090;best_of_n_selection_n16_T1.0_seed1_5090;best_of_n_selection_n16_T1.0_seed2_5090;best_of_n_selection_n16_T1.0_seed3_5090;best_of_n_selection_n16_T1.0_seed4_5090;best_of_n_selection_n16_T1.15;best_of_n_selection_n16_T1_seed1;best_of_n_selection_n16_T1_seed2;best_of_n_selection_n16_T1_seed3;best_of_n_selection_n16_T1_seed4;best_of_n_selection_n32_T1.0;best_of_n_selection_n32_T1.3;best_of_n_selection_n4_T1.0;best_of_n_selection_n4_T1.0_seed0_5090;best_of_n_selection_n8_T1.0;best_of_n_selection_n8_T1.0_seed0_5090;candidate_oracle;consensus_reference_stabilization;consensus_reference_stabilization_5090;cross_vla_temporal_replication;equal_distance_perturbation;frame_index;full_extract;motion_semantics_ablation;natural_reference_stabilization;natural_reference_stabilization_5090;navhard_eval;navhard_full_validation;pdm_reference_stabilization;prev_action_identity_decomposition;receding_horizon_replanning;reference_stabilization;review_followup;robustness_reference_stabilization;safety_filter_ablation;safety_filter_components;sanity
2021.09.29.14.44.26_veh-28_01059_01191,2021.09.29.14.44.26_veh-28,2021.09.29_veh-28,dev_discovery,poc_mechanism_dev,True,0-5,46,,,,1,1,False,False,False,True,37,,action_history_causal;annotations;best_of_n_selection;best_of_n_selection_5090;best_of_n_selection_n16_T0.85;best_of_n_selection_n16_T1;best_of_n_selection_n16_T1.0_seed0_5090;best_of_n_selection_n16_T1.0_seed1_5090;best_of_n_selection_n16_T1.0_seed2_5090;best_of_n_selection_n16_T1.0_seed3_5090;best_of_n_selection_n16_T1.0_seed4_5090;best_of_n_selection_n16_T1.15;best_of_n_selection_n16_T1_seed1;best_of_n_selection_n16_T1_seed2;best_of_n_selection_n16_T1_seed3;best_of_n_selection_n16_T1_seed4;best_of_n_selection_n32_T1.0;best_of_n_selection_n32_T1.3;best_of_n_selection_n4_T1.0;best_of_n_selection_n4_T1.0_seed0_5090;best_of_n_selection_n8_T1.0;best_of_n_selection_n8_T1.0_seed0_5090;consensus_reference_stabilization;consensus_reference_stabilization_5090;cross_vla_temporal_replication;equal_distance_perturbation;frame_index;full_extract;motion_semantics_ablation;natural_reference_stabilization;natural_reference_stabilization_5090;pdm_reference_stabilization;prev_action_identity_decomposition;receding_horizon_replanning;reference_stabilization;review_followup;robustness_reference_stabilization
2021.09.29.19.02.14_veh-28_00273_00514,2021.09.29.19.02.14_veh-28,2021.09.29_veh-28,dev_discovery,poc_mechanism_dev,True,0-5,87,,,,2,1,True,False,False,True,42,,action_history_causal;annotations;best_of_n_selection;best_of_n_selection_5090;best_of_n_selection_n16_T0.85;best_of_n_selection_n16_T1;best_of_n_selection_n16_T1.0_seed0_5090;best_of_n_selection_n16_T1.0_seed1_5090;best_of_n_selection_n16_T1.0_seed2_5090;best_of_n_selection_n16_T1.0_seed3_5090;best_of_n_selection_n16_T1.0_seed4_5090;best_of_n_selection_n16_T1.15;best_of_n_selection_n16_T1_seed1;best_of_n_selection_n16_T1_seed2;best_of_n_selection_n16_T1_seed3;best_of_n_selection_n16_T1_seed4;best_of_n_selection_n32_T1.0;best_of_n_selection_n32_T1.3;best_of_n_selection_n4_T1.0;best_of_n_selection_n4_T1.0_seed0_5090;best_of_n_selection_n8_T1.0;best_of_n_selection_n8_T1.0_seed0_5090;candidate_oracle;consensus_reference_stabilization;consensus_reference_stabilization_5090;cross_vla_temporal_replication;equal_distance_perturbation;frame_index;full_extract;motion_semantics_ablation;natural_reference_stabilization;natural_reference_stabilization_5090;navhard_eval;navhard_full_validation;pdm_reference_stabilization;prev_action_identity_decomposition;receding_horizon_replanning;reference_stabilization;review_followup;robustness_reference_stabilization;safety_filter_ablation;safety_filter_components
2021.10.06.08.16.17_veh-52_01949_02501,2021.10.06.08.16.17_veh-52,2021.10.06_veh-52,dev_discovery,poc_mechanism_dev,True,0-5,341,,,,3,15,True,False,False,True,43,,action_history_causal;annotations;best_of_n_selection;best_of_n_selection_5090;best_of_n_selection_n16_T0.85;best_of_n_selection_n16_T1;best_of_n_selection_n16_T1.0_seed0_5090;best_of_n_selection_n16_T1.0_seed1_5090;best_of_n_selection_n16_T1.0_seed2_5090;best_of_n_selection_n16_T1.0_seed3_5090;best_of_n_selection_n16_T1.0_seed4_5090;best_of_n_selection_n16_T1.15;best_of_n_selection_n16_T1_seed1;best_of_n_selection_n16_T1_seed2;best_of_n_selection_n16_T1_seed3;best_of_n_selection_n16_T1_seed4;best_of_n_selection_n32_T1.0;best_of_n_selection_n32_T1.3;best_of_n_selection_n4_T1.0;best_of_n_selection_n4_T1.0_seed0_5090;best_of_n_selection_n8_T1.0;best_of_n_selection_n8_T1.0_seed0_5090;candidate_oracle;consensus_reference_stabilization;consensus_reference_stabilization_5090;cross_vla_temporal_replication;equal_distance_perturbation;frame_index;full_extract;motion_semantics_ablation;natural_reference_stabilization;natural_reference_stabilization_5090;navhard_eval;navhard_full_validation;pdm_reference_stabilization;prev_action_identity_decomposition;receding_horizon_replanning;reference_stabilization;review_followup;robustness_reference_stabilization;safety_filter_ablation;safety_filter_components;sanity
2021.05.25.15.59.03_veh-30_00625_00855,2021.05.25.15.59.03_veh-30,2021.05.25_veh-30,eval,heldout_selection,True,21,48,0,20,28,,,True,False,False,False,10,5dcca5eab09a,candidate_count_curve;candidate_oracle;heldout_best_of_n;instability_detection_baselines;navhard_eval;navhard_full_validation;pdm_score_best_of_n;safety_filter;safety_filter_ablation;safety_filter_components
2021.05.25.15.59.03_veh-30_01478_01643,2021.05.25.15.59.03_veh-30,2021.05.25_veh-30,eval,dev_selection,True,17,16,2,10,4,,,False,False,False,False,6,797e8bb21409,candidate_count_curve;expanded_best_of_n;expanded_best_of_n_5090;instability_detection_baselines;pdm_score_best_of_n;safety_filter
2021.05.25.15.59.03_veh-30_03499_03671,2021.05.25.15.59.03_veh-30,2021.05.25_veh-30,eval,dev_selection,True,12,52,3,30,19,,,False,False,False,False,5,1b758e238e2a,candidate_count_curve;expanded_best_of_n;instability_detection_baselines;pdm_score_best_of_n;safety_filter
2021.05.25.15.59.03_veh-30_04027_04200,2021.05.25.15.59.03_veh-30,2021.05.25_veh-30,eval,dev_selection,True,17,105,1,61,43,,,True,False,False,False,10,5635fc256c26,candidate_count_curve;candidate_oracle;expanded_best_of_n;expanded_best_of_n_5090;instability_detection_baselines;navhard_full_validation;pdm_score_best_of_n;safety_filter;safety_filter_ablation;safety_filter_components
2021.05.25.15.59.03_veh-30_04463_04606,2021.05.25.15.59.03_veh-30,2021.05.25_veh-30,eval,heldout_selection,True,30,36,0,17,19,,,True,False,False,False,11,f279cd32424a,candidate_count_curve;candidate_oracle;heldout_best_of_n;heldout_best_of_n_5090;instability_detection_baselines;navhard_eval;navhard_full_validation;pdm_score_best_of_n;safety_filter;safety_filter_ablation;safety_filter_components
2021.05.25.16.37.23_veh-25_00005_00217,2021.05.25.16.37.23_veh-25,2021.05.25_veh-25,eval,dev_selection,True,15,34,1,15,18,,,False,False,True,False,6,41eb7c25b460,candidate_count_curve;expanded_best_of_n;expanded_best_of_n_5090;instability_detection_baselines;pdm_score_best_of_n;safety_filter
2021.05.25.16.37.23_veh-25_03311_03550,2021.05.25.16.37.23_veh-25,2021.05.25_veh-25,eval,heldout_selection,True,29,24,0,3,21,,,False,False,True,False,6,9f5201320304,candidate_count_curve;heldout_best_of_n;heldout_best_of_n_5090;instability_detection_baselines;pdm_score_best_of_n;safety_filter
2021.05.25.17.54.41_veh-35_01654_01850,2021.05.25.17.54.41_veh-35,2021.05.25_veh-35,eval,dev_selection,True,17,61,0,34,27,,,False,False,True,False,6,bbf8b66b1aff,candidate_count_curve;expanded_best_of_n;expanded_best_of_n_5090;instability_detection_baselines;pdm_score_best_of_n;safety_filter
2021.05.25.17.54.41_veh-35_01905_02121,2021.05.25.17.54.41_veh-35,2021.05.25_veh-35,eval,heldout_selection,True,28,64,1,22,41,,,True,False,True,False,10,78741113bd09,candidate_count_curve;candidate_oracle;heldout_best_of_n;heldout_best_of_n_5090;instability_detection_baselines;navhard_full_validation;pdm_score_best_of_n;safety_filter;safety_filter_ablation;safety_filter_components
2021.05.25.17.54.41_veh-35_02723_02902,2021.05.25.17.54.41_veh-35,2021.05.25_veh-35,eval,heldout_selection,True,24,84,3,40,41,,,False,False,True,False,5,c1195844edb9,candidate_count_curve;heldout_best_of_n;instability_detection_baselines;pdm_score_best_of_n;safety_filter
2021.05.25.17.54.41_veh-35_04111_04288,2021.05.25.17.54.41_veh-35,2021.05.25_veh-35,eval,heldout_selection,True,20,54,2,27,25,,,True,False,True,False,10,49437d3f3544,candidate_count_curve;candidate_oracle;heldout_best_of_n;instability_detection_baselines;navhard_eval;navhard_full_validation;pdm_score_best_of_n;safety_filter;safety_filter_ablation;safety_filter_components
2021.05.25.17.54.41_veh-35_04967_05098,2021.05.25.17.54.41_veh-35,2021.05.25_veh-35,eval,dev_selection,True,12,8,0,2,6,,,False,False,True,False,5,c463b4f8fbae,candidate_count_curve;expanded_best_of_n;instability_detection_baselines;pdm_score_best_of_n;safety_filter
2021.06.03.12.02.06_veh-35_00233_00609,2021.06.03.12.02.06_veh-35,2021.06.03_veh-35,eval,heldout_selection,True,18,106,1,40,65,,,True,False,True,False,9,4ec1f7b439cb,candidate_count_curve;candidate_oracle;heldout_best_of_n;instability_detection_baselines;navhard_full_validation;pdm_score_best_of_n;safety_filter;safety_filter_ablation;safety_filter_components
2021.06.03.12.02.06_veh-35_01100_01227,2021.06.03.12.02.06_veh-35,2021.06.03_veh-35,eval,dev_selection,True,10,43,0,15,28,,,False,False,True,False,5,a857d075d485,candidate_count_curve;expanded_best_of_n;instability_detection_baselines;pdm_score_best_of_n;safety_filter
2021.06.03.12.02.06_veh-35_03526_03712,2021.06.03.12.02.06_veh-35,2021.06.03_veh-35,eval,heldout_selection,True,26,15,0,11,4,,,False,False,True,False,6,4b251cc91187,candidate_count_curve;heldout_best_of_n;heldout_best_of_n_5090;instability_detection_baselines;pdm_score_best_of_n;safety_filter
2021.06.03.18.47.39_veh-35_00123_00246,2021.06.03.18.47.39_veh-35,2021.06.03_veh-35,eval,heldout_selection,True,23,22,0,11,11,,,False,False,True,False,5,3893cf6b2379,candidate_count_curve;heldout_best_of_n;instability_detection_baselines;pdm_score_best_of_n;safety_filter
2021.06.03.18.47.39_veh-35_00257_00492,2021.06.03.18.47.39_veh-35,2021.06.03_veh-35,eval,dev_selection,True,9,71,1,23,47,,,True,False,True,False,10,1752657af946,candidate_count_curve;candidate_oracle;expanded_best_of_n;instability_detection_baselines;navhard_eval;navhard_full_validation;pdm_score_best_of_n;safety_filter;safety_filter_ablation;safety_filter_components
2021.06.03.18.47.39_veh-35_00503_00777,2021.06.03.18.47.39_veh-35,2021.06.03_veh-35,eval,dev_selection,True,16,122,1,41,80,,,True,False,True,False,10,9d41db41b0dd,candidate_count_curve;candidate_oracle;expanded_best_of_n;expanded_best_of_n_5090;instability_detection_baselines;navhard_full_validation;pdm_score_best_of_n;safety_filter;safety_filter_ablation;safety_filter_components
2021.06.28.13.53.26_veh-26_00492_00696,2021.06.28.13.53.26_veh-26,2021.06.28_veh-26,eval,dev_selection,True,13,92,0,39,53,,,True,False,True,False,9,3c0d121865df,candidate_count_curve;candidate_oracle;expanded_best_of_n;instability_detection_baselines;navhard_full_validation;pdm_score_best_of_n;safety_filter;safety_filter_ablation;safety_filter_components
2021.06.28.15.02.02_veh-38_02398_02848,2021.06.28.15.02.02_veh-38,2021.06.28_veh-38,eval,heldout_selection,True,21,156,2,57,97,,,True,False,True,False,9,28e0b72156d1,candidate_count_curve;candidate_oracle;heldout_best_of_n;instability_detection_baselines;navhard_full_validation;pdm_score_best_of_n;safety_filter;safety_filter_ablation;safety_filter_components
2021.06.28.15.10.57_veh-16_02438_02580,2021.06.28.15.10.57_veh-16,2021.06.28_veh-16,eval,dev_selection,True,6,34,0,12,22,,,False,False,False,False,5,18326ed82c39,candidate_count_curve;expanded_best_of_n;instability_detection_baselines;pdm_score_best_of_n;safety_filter
2021.06.28.20.24.43_veh-38_00369_00601,2021.06.28.20.24.43_veh-38,2021.06.28_veh-38,eval,dev_selection,True,14,73,2,36,35,,,False,False,True,False,6,94d65d7d3df0,candidate_count_curve;expanded_best_of_n;expanded_best_of_n_5090;instability_detection_baselines;pdm_score_best_of_n;safety_filter
2021.06.28.20.24.43_veh-38_03385_04952,2021.06.28.20.24.43_veh-38,2021.06.28_veh-38,eval,heldout_selection,True,20,568,11,239,318,,,True,False,True,False,9,5e22823428f2,candidate_count_curve;candidate_oracle;heldout_best_of_n;instability_detection_baselines;navhard_full_validation;pdm_score_best_of_n;safety_filter;safety_filter_ablation;safety_filter_components
2021.06.28.21.16.05_veh-14_00957_01198,2021.06.28.21.16.05_veh-14,2021.06.28_veh-14,eval,heldout_selection,True,23,74,0,27,47,,,False,False,True,False,5,425922dd9a53,candidate_count_curve;heldout_best_of_n;instability_detection_baselines;pdm_score_best_of_n;safety_filter
2021.08.16.14.23.37_veh-45_00015_00132,2021.08.16.14.23.37_veh-45,2021.08.16_veh-45,eval,dev_selection,True,15,76,0,26,50,,,True,False,False,False,10,c90b7480da26,candidate_count_curve;candidate_oracle;expanded_best_of_n;expanded_best_of_n_5090;instability_detection_baselines;navhard_full_validation;pdm_score_best_of_n;safety_filter;safety_filter_ablation;safety_filter_components
2021.09.09.14.18.22_veh-48_00221_00299,2021.09.09.14.18.22_veh-48,2021.09.09_veh-48,eval,heldout_selection,True,19,42,1,13,28,,,False,False,False,False,5,de6c94fb9a5c,candidate_count_curve;heldout_best_of_n;instability_detection_baselines;pdm_score_best_of_n;safety_filter
2021.09.09.14.18.22_veh-48_00322_00895,2021.09.09.14.18.22_veh-48,2021.09.09_veh-48,eval,dev_selection,True,6,189,16,74,99,,,False,False,False,False,5,012257751b26,candidate_count_curve;expanded_best_of_n;instability_detection_baselines;pdm_score_best_of_n;safety_filter
2021.09.09.14.18.22_veh-48_00960_01115,2021.09.09.14.18.22_veh-48,2021.09.09_veh-48,eval,dev_selection,True,9,57,1,29,27,,,False,False,False,False,5,4e267353b3f4,candidate_count_curve;expanded_best_of_n;instability_detection_baselines;pdm_score_best_of_n;safety_filter
2021.09.09.14.18.22_veh-48_01298_01492,2021.09.09.14.18.22_veh-48,2021.09.09_veh-48,eval,heldout_selection,True,19,66,2,33,31,,,False,False,False,False,5,a7bf167959f3,candidate_count_curve;heldout_best_of_n;instability_detection_baselines;pdm_score_best_of_n;safety_filter
2021.09.09.14.18.22_veh-48_01503_01761,2021.09.09.14.18.22_veh-48,2021.09.09_veh-48,eval,dev_selection,True,9,73,1,41,31,,,False,False,False,False,5,ea5d71fb2c05,candidate_count_curve;expanded_best_of_n;instability_detection_baselines;pdm_score_best_of_n;safety_filter
2021.09.09.17.18.51_veh-48_00098_00328,2021.09.09.17.18.51_veh-48,2021.09.09_veh-48,eval,dev_selection,True,10,70,4,19,47,,,False,False,False,False,5,e038794e1d16,candidate_count_curve;expanded_best_of_n;instability_detection_baselines;pdm_score_best_of_n;safety_filter
2021.09.09.17.18.51_veh-48_00574_00646,2021.09.09.17.18.51_veh-48,2021.09.09_veh-48,eval,dev_selection,True,11,29,1,5,23,,,False,False,False,False,5,d635c059451c,candidate_count_curve;expanded_best_of_n;instability_detection_baselines;pdm_score_best_of_n;safety_filter
2021.09.09.17.18.51_veh-48_00657_00876,2021.09.09.17.18.51_veh-48,2021.09.09_veh-48,eval,dev_selection,True,10,75,2,35,38,,,False,False,False,False,5,fb9b6d5439b7,candidate_count_curve;expanded_best_of_n;instability_detection_baselines;pdm_score_best_of_n;safety_filter
2021.09.09.17.18.51_veh-48_00889_01147,2021.09.09.17.18.51_veh-48,2021.09.09_veh-48,eval,heldout_selection,True,18,87,3,45,39,,,False,False,False,False,5,8306ac947a28,candidate_count_curve;heldout_best_of_n;instability_detection_baselines;pdm_score_best_of_n;safety_filter
2021.09.09.17.18.51_veh-48_01173_01237,2021.09.09.17.18.51_veh-48,2021.09.09_veh-48,eval,heldout_selection,True,30,15,0,2,13,,,False,False,False,False,6,d4fe5d25e9b1,candidate_count_curve;heldout_best_of_n;heldout_best_of_n_5090;instability_detection_baselines;pdm_score_best_of_n;safety_filter
2021.09.09.17.18.51_veh-48_01248_01450,2021.09.09.17.18.51_veh-48,2021.09.09_veh-48,eval,dev_selection,True,11,109,2,47,60,,,True,False,False,False,10,436fab3bcbfe,candidate_count_curve;candidate_oracle;expanded_best_of_n;instability_detection_baselines;navhard_eval;navhard_full_validation;pdm_score_best_of_n;safety_filter;safety_filter_ablation;safety_filter_components
2021.09.09.17.18.51_veh-48_01462_01552,2021.09.09.17.18.51_veh-48,2021.09.09_veh-48,eval,heldout_selection,True,28,19,1,11,7,,,False,False,False,False,6,fe646e753d2e,candidate_count_curve;heldout_best_of_n;heldout_best_of_n_5090;instability_detection_baselines;pdm_score_best_of_n;safety_filter
2021.09.09.18.04.06_veh-40_00555_00731,2021.09.09.18.04.06_veh-40,2021.09.09_veh-40,eval,heldout_selection,True,27,62,2,20,40,,,False,False,False,False,6,4820efa35455,candidate_count_curve;heldout_best_of_n;heldout_best_of_n_5090;instability_detection_baselines;pdm_score_best_of_n;safety_filter
2021.09.09.18.04.06_veh-40_00743_01071,2021.09.09.18.04.06_veh-40,2021.09.09_veh-40,eval,heldout_selection,True,25,94,1,45,48,,,False,False,False,False,5,0313c50f0e51,candidate_count_curve;heldout_best_of_n;instability_detection_baselines;pdm_score_best_of_n;safety_filter
2021.09.09.18.04.06_veh-40_01340_01425,2021.09.09.18.04.06_veh-40,2021.09.09_veh-40,eval,dev_selection,True,12,18,0,14,4,,,False,False,False,False,5,1aec6ae639d4,candidate_count_curve;expanded_best_of_n;instability_detection_baselines;pdm_score_best_of_n;safety_filter
2021.09.16.13.53.10_veh-42_00077_00153,2021.09.16.13.53.10_veh-42,2021.09.16_veh-42,eval,heldout_selection,True,21,48,0,19,29,,,True,False,True,False,9,3ab203e5c21c,candidate_count_curve;candidate_oracle;heldout_best_of_n;instability_detection_baselines;navhard_full_validation;pdm_score_best_of_n;safety_filter;safety_filter_ablation;safety_filter_components
2021.09.16.13.53.10_veh-42_00180_00342,2021.09.16.13.53.10_veh-42,2021.09.16_veh-42,eval,dev_selection,True,7,140,1,46,93,,,True,False,True,False,9,77999138f31b,candidate_count_curve;candidate_oracle;expanded_best_of_n;instability_detection_baselines;navhard_full_validation;pdm_score_best_of_n;safety_filter;safety_filter_ablation;safety_filter_components
2021.09.16.13.53.10_veh-42_00630_00818,2021.09.16.13.53.10_veh-42,2021.09.16_veh-42,eval,dev_selection,True,10,69,5,28,36,,,False,False,True,False,5,ff19c5dd4ac5,candidate_count_curve;expanded_best_of_n;instability_detection_baselines;pdm_score_best_of_n;safety_filter
2021.09.16.13.53.10_veh-42_00860_01069,2021.09.16.13.53.10_veh-42,2021.09.16_veh-42,eval,dev_selection,True,13,42,2,12,28,,,True,False,True,False,9,6962d8249c6e,candidate_count_curve;candidate_oracle;expanded_best_of_n;instability_detection_baselines;navhard_full_validation;pdm_score_best_of_n;safety_filter;safety_filter_ablation;safety_filter_components
2021.09.16.13.53.10_veh-42_01510_01591,2021.09.16.13.53.10_veh-42,2021.09.16_veh-42,eval,heldout_selection,True,29,51,0,14,37,,,True,False,True,False,11,12a26da0a6e8,candidate_count_curve;candidate_oracle;heldout_best_of_n;heldout_best_of_n_5090;instability_detection_baselines;navhard_eval;navhard_full_validation;pdm_score_best_of_n;safety_filter;safety_filter_ablation;safety_filter_components
2021.09.16.15.12.03_veh-42_01037_01434,2021.09.16.15.12.03_veh-42,2021.09.16_veh-42,eval,dev_selection,True,7,144,3,37,104,,,True,False,True,False,9,2fb4a57b4d31,candidate_count_curve;candidate_oracle;expanded_best_of_n;instability_detection_baselines;navhard_full_validation;pdm_score_best_of_n;safety_filter;safety_filter_ablation;safety_filter_components
2021.09.16.15.47.30_veh-45_01199_01391,2021.09.16.15.47.30_veh-45,2021.09.16_veh-45,eval,heldout_selection,True,27,87,1,27,59,,,True,False,True,False,10,d1060c022c98,candidate_count_curve;candidate_oracle;heldout_best_of_n;heldout_best_of_n_5090;instability_detection_baselines;navhard_full_validation;pdm_score_best_of_n;safety_filter;safety_filter_ablation;safety_filter_components
2021.09.16.16.20.27_veh-08_02435_02525,2021.09.16.16.20.27_veh-08,2021.09.16_veh-08,eval,heldout_selection,True,29,39,1,23,15,,,True,False,False,False,11,7010c17d421c,candidate_count_curve;candidate_oracle;heldout_best_of_n;heldout_best_of_n_5090;instability_detection_baselines;navhard_eval;navhard_full_validation;pdm_score_best_of_n;safety_filter;safety_filter_ablation;safety_filter_components
2021.09.16.17.40.09_veh-45_02539_02745,2021.09.16.17.40.09_veh-45,2021.09.16_veh-45,eval,dev_selection,True,7,106,1,56,49,,,True,False,True,False,9,9067c56e9646,candidate_count_curve;candidate_oracle;expanded_best_of_n;instability_detection_baselines;navhard_full_validation;pdm_score_best_of_n;safety_filter;safety_filter_ablation;safety_filter_components
2021.09.16.19.49.00_veh-42_00990_01609,2021.09.16.19.49.00_veh-42,2021.09.16_veh-42,eval,dev_selection,True,6,283,12,114,157,,,True,False,True,False,9,e250bd2a3138,candidate_count_curve;candidate_oracle;expanded_best_of_n;instability_detection_baselines;navhard_full_validation;pdm_score_best_of_n;safety_filter;safety_filter_ablation;safety_filter_components
2021.09.16.21.13.37_veh-42_00172_00347,2021.09.16.21.13.37_veh-42,2021.09.16_veh-42,eval,dev_selection,True,15,16,1,5,10,,,True,False,True,False,10,cc2e407727ad,candidate_count_curve;candidate_oracle;expanded_best_of_n;expanded_best_of_n_5090;instability_detection_baselines;navhard_full_validation;pdm_score_best_of_n;safety_filter;safety_filter_ablation;safety_filter_components
2021.09.29.15.23.04_veh-28_00601_00802,2021.09.29.15.23.04_veh-28,2021.09.29_veh-28,eval,heldout_selection,True,23,88,1,30,57,,,True,False,True,False,9,f3201043e3d8,candidate_count_curve;candidate_oracle;heldout_best_of_n;instability_detection_baselines;navhard_full_validation;pdm_score_best_of_n;safety_filter;safety_filter_ablation;safety_filter_components
2021.09.29.15.23.04_veh-28_00814_01101,2021.09.29.15.23.04_veh-28,2021.09.29_veh-28,eval,heldout_selection,True,22,93,1,21,71,,,True,False,True,False,10,f61add32b75e,candidate_count_curve;candidate_oracle;heldout_best_of_n;instability_detection_baselines;navhard_eval;navhard_full_validation;pdm_score_best_of_n;safety_filter;safety_filter_ablation;safety_filter_components
2021.09.29.18.19.40_veh-28_00331_00426,2021.09.29.18.19.40_veh-28,2021.09.29_veh-28,eval,heldout_selection,True,18,8,0,2,6,,,False,False,True,False,5,93e9553e8293,candidate_count_curve;heldout_best_of_n;instability_detection_baselines;pdm_score_best_of_n;safety_filter
2021.09.29.18.19.40_veh-28_00438_00833,2021.09.29.18.19.40_veh-28,2021.09.29_veh-28,eval,dev_selection,True,17,150,1,45,104,,,True,False,True,False,11,f94263749d8d,candidate_count_curve;candidate_oracle;expanded_best_of_n;expanded_best_of_n_5090;instability_detection_baselines;navhard_eval;navhard_full_validation;pdm_score_best_of_n;safety_filter;safety_filter_ablation;safety_filter_components
2021.09.29.18.19.40_veh-28_00844_01218,2021.09.29.18.19.40_veh-28,2021.09.29_veh-28,eval,dev_selection,True,11,108,2,36,70,,,True,False,True,False,9,7fdb3692f5ac,candidate_count_curve;candidate_oracle;expanded_best_of_n;instability_detection_baselines;navhard_full_validation;pdm_score_best_of_n;safety_filter;safety_filter_ablation;safety_filter_components
2021.09.29.18.19.40_veh-28_01268_01685,2021.09.29.18.19.40_veh-28,2021.09.29_veh-28,eval,dev_selection,True,16,153,4,70,79,,,True,False,True,False,11,241883a8644d,candidate_count_curve;candidate_oracle;expanded_best_of_n;expanded_best_of_n_5090;instability_detection_baselines;navhard_eval;navhard_full_validation;pdm_score_best_of_n;safety_filter;safety_filter_ablation;safety_filter_components
2021.09.29.18.19.40_veh-28_01727_01833,2021.09.29.18.19.40_veh-28,2021.09.29_veh-28,eval,heldout_selection,True,25,18,0,5,13,,,False,False,True,False,5,e7c8866b3589,candidate_count_curve;heldout_best_of_n;instability_detection_baselines;pdm_score_best_of_n;safety_filter
2021.10.06.07.26.10_veh-52_00006_00398,2021.10.06.07.26.10_veh-52,2021.10.06_veh-52,eval,heldout_selection,True,28,196,2,81,113,,,True,False,True,False,10,e8eaac22b200,candidate_count_curve;candidate_oracle;heldout_best_of_n;heldout_best_of_n_5090;instability_detection_baselines;navhard_full_validation;pdm_score_best_of_n;safety_filter;safety_filter_ablation;safety_filter_components
2021.10.06.07.26.10_veh-52_00422_00728,2021.10.06.07.26.10_veh-52,2021.10.06_veh-52,eval,heldout_selection,True,18,131,0,45,86,,,True,False,True,False,10,5a0a95d5f424,candidate_count_curve;candidate_oracle;heldout_best_of_n;instability_detection_baselines;navhard_eval;navhard_full_validation;pdm_score_best_of_n;safety_filter;safety_filter_ablation;safety_filter_components
2021.10.06.07.26.10_veh-52_00772_00917,2021.10.06.07.26.10_veh-52,2021.10.06_veh-52,eval,dev_selection,True,8,77,2,49,26,,,True,False,True,False,9,b12af809c003,candidate_count_curve;candidate_oracle;expanded_best_of_n;instability_detection_baselines;navhard_full_validation;pdm_score_best_of_n;safety_filter;safety_filter_ablation;safety_filter_components
2021.10.06.07.26.10_veh-52_00953_01126,2021.10.06.07.26.10_veh-52,2021.10.06_veh-52,eval,heldout_selection,True,23,37,0,15,22,,,True,False,True,False,9,6d8cb53de44d,candidate_count_curve;candidate_oracle;heldout_best_of_n;instability_detection_baselines;navhard_full_validation;pdm_score_best_of_n;safety_filter;safety_filter_ablation;safety_filter_components
2021.10.06.07.26.10_veh-52_01245_02064,2021.10.06.07.26.10_veh-52,2021.10.06_veh-52,eval,heldout_selection,True,31,398,5,184,209,,,True,False,True,False,10,76af96f7b006,candidate_count_curve;candidate_oracle;heldout_best_of_n;heldout_best_of_n_5090;instability_detection_baselines;navhard_full_validation;pdm_score_best_of_n;safety_filter;safety_filter_ablation;safety_filter_components
2021.10.06.07.26.10_veh-52_02208_02394,2021.10.06.07.26.10_veh-52,2021.10.06_veh-52,eval,heldout_selection,True,27,146,0,46,100,,,True,False,True,False,11,114aa14c36ea,candidate_count_curve;candidate_oracle;heldout_best_of_n;heldout_best_of_n_5090;instability_detection_baselines;navhard_eval;navhard_full_validation;pdm_score_best_of_n;safety_filter;safety_filter_ablation;safety_filter_components
2021.05.25.14.16.10_veh-35_00083_00485,2021.05.25.14.16.10_veh-35,2021.05.25_veh-35,excluded_drive_adjacent_to_dev,dev_selection,True,14,79,0,37,42,,,False,True,True,False,6,,candidate_count_curve;expanded_best_of_n;expanded_best_of_n_5090;instability_detection_baselines;pdm_score_best_of_n;safety_filter
2021.05.25.14.16.10_veh-35_01100_01664,2021.05.25.14.16.10_veh-35,2021.05.25_veh-35,excluded_drive_adjacent_to_dev,heldout_selection,True,24,159,3,66,90,,,True,True,True,False,10,,candidate_count_curve;candidate_oracle;heldout_best_of_n;instability_detection_baselines;navhard_eval;navhard_full_validation;pdm_score_best_of_n;safety_filter;safety_filter_ablation;safety_filter_components
2021.05.25.14.16.10_veh-35_01690_02183,2021.05.25.14.16.10_veh-35,2021.05.25_veh-35,excluded_drive_adjacent_to_dev,heldout_selection,True,20,132,0,46,86,,,True,True,True,False,10,,candidate_count_curve;candidate_oracle;heldout_best_of_n;instability_detection_baselines;navhard_eval;navhard_full_validation;pdm_score_best_of_n;safety_filter;safety_filter_ablation;safety_filter_components
2021.05.25.14.16.10_veh-35_04097_04328,2021.05.25.14.16.10_veh-35,2021.05.25_veh-35,excluded_drive_adjacent_to_dev,heldout_selection,True,26,76,1,29,46,,,False,True,True,False,6,,candidate_count_curve;heldout_best_of_n;heldout_best_of_n_5090;instability_detection_baselines;pdm_score_best_of_n;safety_filter
2021.05.25.14.24.08_veh-25_03764_04034,2021.05.25.14.24.08_veh-25,2021.05.25_veh-25,excluded_drive_adjacent_to_dev,dev_selection,True,6,66,2,18,46,,,True,True,True,False,9,,candidate_count_curve;candidate_oracle;expanded_best_of_n;instability_detection_baselines;navhard_full_validation;pdm_score_best_of_n;safety_filter;safety_filter_ablation;safety_filter_components
2021.06.03.13.55.17_veh-35_00073_00426,2021.06.03.13.55.17_veh-35,2021.06.03_veh-35,excluded_drive_adjacent_to_dev,dev_selection,True,9,48,2,17,29,,,False,True,True,False,5,,candidate_count_curve;expanded_best_of_n;instability_detection_baselines;pdm_score_best_of_n;safety_filter
2021.06.03.13.55.17_veh-35_02419_02561,2021.06.03.13.55.17_veh-35,2021.06.03_veh-35,excluded_drive_adjacent_to_dev,heldout_selection,True,31,63,0,40,23,,,False,True,True,False,6,,candidate_count_curve;heldout_best_of_n;heldout_best_of_n_5090;instability_detection_baselines;pdm_score_best_of_n;safety_filter
2021.06.03.13.55.17_veh-35_02572_02855,2021.06.03.13.55.17_veh-35,2021.06.03_veh-35,excluded_drive_adjacent_to_dev,heldout_selection,True,27,55,0,22,33,,,True,True,True,False,10,,candidate_count_curve;candidate_oracle;heldout_best_of_n;heldout_best_of_n_5090;instability_detection_baselines;navhard_full_validation;pdm_score_best_of_n;safety_filter;safety_filter_ablation;safety_filter_components
2021.06.03.17.06.58_veh-35_02571_02742,2021.06.03.17.06.58_veh-35,2021.06.03_veh-35,excluded_drive_adjacent_to_dev,dev_selection,True,13,22,0,13,9,,,True,True,True,False,9,,candidate_count_curve;candidate_oracle;expanded_best_of_n;instability_detection_baselines;navhard_full_validation;pdm_score_best_of_n;safety_filter;safety_filter_ablation;safety_filter_components
2021.06.03.17.06.58_veh-35_02943_03220,2021.06.03.17.06.58_veh-35,2021.06.03_veh-35,excluded_drive_adjacent_to_dev,dev_selection,True,6,112,1,66,45,,,False,True,True,False,5,,candidate_count_curve;expanded_best_of_n;instability_detection_baselines;pdm_score_best_of_n;safety_filter
2021.06.03.17.06.58_veh-35_03860_03992,2021.06.03.17.06.58_veh-35,2021.06.03_veh-35,excluded_drive_adjacent_to_dev,heldout_selection,True,31,35,0,14,21,,,True,True,True,False,11,,candidate_count_curve;candidate_oracle;heldout_best_of_n;heldout_best_of_n_5090;instability_detection_baselines;navhard_eval;navhard_full_validation;pdm_score_best_of_n;safety_filter;safety_filter_ablation;safety_filter_components
2021.06.28.16.29.11_veh-38_03263_03766,2021.06.28.16.29.11_veh-38,2021.06.28_veh-38,excluded_drive_adjacent_to_dev,heldout_selection,True,26,200,2,72,126,,,True,True,True,False,10,,candidate_count_curve;candidate_oracle;heldout_best_of_n;heldout_best_of_n_5090;instability_detection_baselines;navhard_full_validation;pdm_score_best_of_n;safety_filter;safety_filter_ablation;safety_filter_components
2021.08.30.13.45.25_veh-40_00610_00771,2021.08.30.13.45.25_veh-40,2021.08.30_veh-40,excluded_drive_adjacent_to_dev,heldout_selection,True,19,85,2,34,49,,,True,True,True,False,9,,candidate_count_curve;candidate_oracle;heldout_best_of_n;instability_detection_baselines;navhard_full_validation;pdm_score_best_of_n;safety_filter;safety_filter_ablation;safety_filter_components
2021.08.30.13.45.25_veh-40_00784_00867,2021.08.30.13.45.25_veh-40,2021.08.30_veh-40,excluded_drive_adjacent_to_dev,heldout_selection,True,22,8,0,1,7,,,False,True,True,False,5,,candidate_count_curve;heldout_best_of_n;instability_detection_baselines;pdm_score_best_of_n;safety_filter
2021.08.30.13.45.25_veh-40_00878_01104,2021.08.30.13.45.25_veh-40,2021.08.30_veh-40,excluded_drive_adjacent_to_dev,dev_selection,True,13,104,2,49,53,,,True,True,True,False,9,,candidate_count_curve;candidate_oracle;expanded_best_of_n;instability_detection_baselines;navhard_full_validation;pdm_score_best_of_n;safety_filter;safety_filter_ablation;safety_filter_components
2021.08.30.14.54.34_veh-40_00334_00419,2021.08.30.14.54.34_veh-40,2021.08.30_veh-40,excluded_drive_adjacent_to_dev,dev_selection,True,16,31,0,8,23,,,False,True,True,False,6,,candidate_count_curve;expanded_best_of_n;expanded_best_of_n_5090;instability_detection_baselines;pdm_score_best_of_n;safety_filter
2021.08.30.16.16.44_veh-40_00256_00716,2021.08.30.16.16.44_veh-40,2021.08.30_veh-40,excluded_drive_adjacent_to_dev,dev_selection,True,11,106,0,53,53,,,True,True,True,False,9,,candidate_count_curve;candidate_oracle;expanded_best_of_n;instability_detection_baselines;navhard_full_validation;pdm_score_best_of_n;safety_filter;safety_filter_ablation;safety_filter_components
2021.08.30.16.16.44_veh-40_00779_01088,2021.08.30.16.16.44_veh-40,2021.08.30_veh-40,excluded_drive_adjacent_to_dev,heldout_selection,True,29,151,4,65,82,,,True,True,True,False,10,,candidate_count_curve;candidate_oracle;heldout_best_of_n;heldout_best_of_n_5090;instability_detection_baselines;navhard_full_validation;pdm_score_best_of_n;safety_filter;safety_filter_ablation;safety_filter_components
2021.09.09.18.29.25_veh-39_00969_01184,2021.09.09.18.29.25_veh-39,2021.09.09_veh-39,excluded_drive_adjacent_to_dev,dev_selection,True,11,73,2,38,33,,,False,True,True,False,5,,candidate_count_curve;expanded_best_of_n;instability_detection_baselines;pdm_score_best_of_n;safety_filter
2021.09.09.18.29.25_veh-39_01622_01766,2021.09.09.18.29.25_veh-39,2021.09.09_veh-39,excluded_drive_adjacent_to_dev,dev_selection,True,17,28,0,20,8,,,False,True,True,False,6,,candidate_count_curve;expanded_best_of_n;expanded_best_of_n_5090;instability_detection_baselines;pdm_score_best_of_n;safety_filter
2021.09.16.14.39.34_veh-42_00297_00935,2021.09.16.14.39.34_veh-42,2021.09.16_veh-42,excluded_drive_adjacent_to_dev,heldout_selection,True,24,224,6,83,135,,,True,True,True,False,10,,candidate_count_curve;candidate_oracle;heldout_best_of_n;instability_detection_baselines;navhard_eval;navhard_full_validation;pdm_score_best_of_n;safety_filter;safety_filter_ablation;safety_filter_components
2021.09.16.14.39.34_veh-42_01111_01448,2021.09.16.14.39.34_veh-42,2021.09.16_veh-42,excluded_drive_adjacent_to_dev,dev_selection,True,8,128,2,42,84,,,True,True,True,False,10,,candidate_count_curve;candidate_oracle;expanded_best_of_n;instability_detection_baselines;navhard_eval;navhard_full_validation;pdm_score_best_of_n;safety_filter;safety_filter_ablation;safety_filter_components
2021.09.16.14.39.34_veh-42_01609_01687,2021.09.16.14.39.34_veh-42,2021.09.16_veh-42,excluded_drive_adjacent_to_dev,dev_selection,True,9,66,1,23,42,,,True,True,True,False,9,,candidate_count_curve;candidate_oracle;expanded_best_of_n;instability_detection_baselines;navhard_full_validation;pdm_score_best_of_n;safety_filter;safety_filter_ablation;safety_filter_components
2021.09.16.19.12.04_veh-42_01088_01192,2021.09.16.19.12.04_veh-42,2021.09.16_veh-42,excluded_drive_adjacent_to_dev,dev_selection,True,8,13,0,4,9,,,False,True,True,False,5,,candidate_count_curve;expanded_best_of_n;instability_detection_baselines;pdm_score_best_of_n;safety_filter
2021.09.16.19.12.04_veh-42_01221_01380,2021.09.16.19.12.04_veh-42,2021.09.16_veh-42,excluded_drive_adjacent_to_dev,heldout_selection,True,30,28,0,10,18,,,False,True,True,False,6,,candidate_count_curve;heldout_best_of_n;heldout_best_of_n_5090;instability_detection_baselines;pdm_score_best_of_n;safety_filter
2021.09.16.19.12.04_veh-42_01438_01677,2021.09.16.19.12.04_veh-42,2021.09.16_veh-42,excluded_drive_adjacent_to_dev,heldout_selection,True,19,82,2,25,55,,,True,True,True,False,9,,candidate_count_curve;candidate_oracle;heldout_best_of_n;instability_detection_baselines;navhard_full_validation;pdm_score_best_of_n;safety_filter;safety_filter_ablation;safety_filter_components
2021.09.29.14.44.26_veh-28_00337_00504,2021.09.29.14.44.26_veh-28,2021.09.29_veh-28,excluded_drive_adjacent_to_dev,heldout_selection,True,31,53,1,25,27,,,True,True,True,False,10,,candidate_count_curve;candidate_oracle;heldout_best_of_n;heldout_best_of_n_5090;instability_detection_baselines;navhard_full_validation;pdm_score_best_of_n;safety_filter;safety_filter_ablation;safety_filter_components
2021.09.29.14.44.26_veh-28_00528_00992,2021.09.29.14.44.26_veh-28,2021.09.29_veh-28,excluded_drive_adjacent_to_dev,dev_selection,True,10,181,2,88,91,,,True,True,True,False,9,,candidate_count_curve;candidate_oracle;expanded_best_of_n;instability_detection_baselines;navhard_full_validation;pdm_score_best_of_n;safety_filter;safety_filter_ablation;safety_filter_components
2021.09.29.14.44.26_veh-28_01202_01296,2021.09.29.14.44.26_veh-28,2021.09.29_veh-28,excluded_drive_adjacent_to_dev,dev_selection,True,15,28,0,13,15,,,True,True,True,False,11,,candidate_count_curve;candidate_oracle;expanded_best_of_n;expanded_best_of_n_5090;instability_detection_baselines;navhard_eval;navhard_full_validation;pdm_score_best_of_n;safety_filter;safety_filter_ablation;safety_filter_components
2021.09.29.14.44.26_veh-28_01331_01485,2021.09.29.14.44.26_veh-28,2021.09.29_veh-28,excluded_drive_adjacent_to_dev,dev_selection,True,13,61,0,25,36,,,True,True,True,False,10,,candidate_count_curve;candidate_oracle;expanded_best_of_n;instability_detection_baselines;navhard_eval;navhard_full_validation;pdm_score_best_of_n;safety_filter;safety_filter_ablation;safety_filter_components
2021.09.29.14.44.26_veh-28_01509_01628,2021.09.29.14.44.26_veh-28,2021.09.29_veh-28,excluded_drive_adjacent_to_dev,dev_selection,True,7,14,0,1,13,,,False,True,True,False,5,,candidate_count_curve;expanded_best_of_n;instability_detection_baselines;pdm_score_best_of_n;safety_filter
2021.09.29.14.44.26_veh-28_01640_01743,2021.09.29.14.44.26_veh-28,2021.09.29_veh-28,excluded_drive_adjacent_to_dev,dev_selection,True,14,49,1,20,28,,,False,True,True,False,6,,candidate_count_curve;expanded_best_of_n;expanded_best_of_n_5090;instability_detection_baselines;pdm_score_best_of_n;safety_filter
2021.09.29.19.02.14_veh-28_00540_00917,2021.09.29.19.02.14_veh-28,2021.09.29_veh-28,excluded_drive_adjacent_to_dev,heldout_selection,True,28,178,6,68,104,,,True,True,True,False,10,,candidate_count_curve;candidate_oracle;heldout_best_of_n;heldout_best_of_n_5090;instability_detection_baselines;navhard_full_validation;pdm_score_best_of_n;safety_filter;safety_filter_ablation;safety_filter_components
2021.09.29.19.02.14_veh-28_00964_01689,2021.09.29.19.02.14_veh-28,2021.09.29_veh-28,excluded_drive_adjacent_to_dev,dev_selection,True,14,226,4,76,146,,,True,True,True,False,10,,candidate_count_curve;candidate_oracle;expanded_best_of_n;expanded_best_of_n_5090;instability_detection_baselines;navhard_full_validation;pdm_score_best_of_n;safety_filter;safety_filter_ablation;safety_filter_components
2021.09.29.19.02.14_veh-28_01717_01824,2021.09.29.19.02.14_veh-28,2021.09.29_veh-28,excluded_drive_adjacent_to_dev,heldout_selection,True,25,12,0,4,8,,,False,True,True,False,5,,candidate_count_curve;heldout_best_of_n;instability_detection_baselines;pdm_score_best_of_n;safety_filter
2021.09.29.19.02.14_veh-28_02451_02708,2021.09.29.19.02.14_veh-28,2021.09.29_veh-28,excluded_drive_adjacent_to_dev,heldout_selection,True,24,48,0,8,40,,,True,True,True,False,10,,candidate_count_curve;candidate_oracle;heldout_best_of_n;instability_detection_baselines;navhard_eval;navhard_full_validation;pdm_score_best_of_n;safety_filter;safety_filter_ablation;safety_filter_components
2021.09.29.19.02.14_veh-28_03198_03360,2021.09.29.19.02.14_veh-28,2021.09.29_veh-28,excluded_drive_adjacent_to_dev,dev_selection,True,7,73,1,27,45,,,True,True,True,False,9,,candidate_count_curve;candidate_oracle;expanded_best_of_n;instability_detection_baselines;navhard_full_validation;pdm_score_best_of_n;safety_filter;safety_filter_ablation;safety_filter_components
2021.10.06.08.16.17_veh-52_00032_00170,2021.10.06.08.16.17_veh-52,2021.10.06_veh-52,excluded_drive_adjacent_to_dev,dev_selection,True,12,81,1,25,55,,,False,True,True,False,5,,candidate_count_curve;expanded_best_of_n;instability_detection_baselines;pdm_score_best_of_n;safety_filter
2021.10.06.08.16.17_veh-52_00181_00574,2021.10.06.08.16.17_veh-52,2021.10.06_veh-52,excluded_drive_adjacent_to_dev,heldout_selection,True,22,158,4,98,56,,,True,True,True,False,10,,candidate_count_curve;candidate_oracle;heldout_best_of_n;instability_detection_baselines;navhard_eval;navhard_full_validation;pdm_score_best_of_n;safety_filter;safety_filter_ablation;safety_filter_components
2021.10.06.08.16.17_veh-52_00612_00782,2021.10.06.08.16.17_veh-52,2021.10.06_veh-52,excluded_drive_adjacent_to_dev,heldout_selection,True,21,61,0,27,34,,,True,True,True,False,9,,candidate_count_curve;candidate_oracle;heldout_best_of_n;instability_detection_baselines;navhard_full_validation;pdm_score_best_of_n;safety_filter;safety_filter_ablation;safety_filter_components
2021.10.06.08.16.17_veh-52_00922_01296,2021.10.06.08.16.17_veh-52,2021.10.06_veh-52,excluded_drive_adjacent_to_dev,dev_selection,True,12,131,3,66,62,,,True,True,True,False,10,,candidate_count_curve;candidate_oracle;expanded_best_of_n;instability_detection_baselines;navhard_eval;navhard_full_validation;pdm_score_best_of_n;safety_filter;safety_filter_ablation;safety_filter_components
2021.10.06.08.16.17_veh-52_01430_01579,2021.10.06.08.16.17_veh-52,2021.10.06_veh-52,excluded_drive_adjacent_to_dev,dev_selection,True,8,126,1,61,64,,,True,True,True,False,10,,candidate_count_curve;candidate_oracle;expanded_best_of_n;instability_detection_baselines;navhard_eval;navhard_full_validation;pdm_score_best_of_n;safety_filter;safety_filter_ablation;safety_filter_components
2021.09.29.19.02.14_veh-28_02911_03005,2021.09.29.19.02.14_veh-28,2021.09.29_veh-28,pilot_harness_check,dev_selection,True,16,22,1,6,15,,,True,True,True,False,10,,candidate_count_curve;candidate_oracle;expanded_best_of_n;expanded_best_of_n_5090;instability_detection_baselines;navhard_full_validation;pdm_score_best_of_n;safety_filter;safety_filter_ablation;safety_filter_components
2021.10.06.08.16.17_veh-52_01590_01725,2021.10.06.08.16.17_veh-52,2021.10.06_veh-52,pilot_harness_check,heldout_selection,True,20,30,1,7,22,,,True,True,True,False,9,,candidate_count_curve;candidate_oracle;heldout_best_of_n;instability_detection_baselines;navhard_full_validation;pdm_score_best_of_n;safety_filter;safety_filter_ablation;safety_filter_components
2021.08.30.13.45.25_veh-40_00520_00595,2021.08.30.13.45.25_veh-40,2021.08.30_veh-40,reserve_non_navtest_not_used,never_used_non_navtest,False,0-5,0,,,,,,False,True,True,True,0,,
2021.09.09.14.18.22_veh-48_01775_01866,2021.09.09.14.18.22_veh-48,2021.09.09_veh-48,reserve_non_navtest_not_used,never_used_non_navtest,False,unknown,0,,,,,,False,False,False,False,0,,
2021.09.09.18.38.12_veh-40_00015_00156,2021.09.09.18.38.12_veh-40,2021.09.09_veh-40,reserve_non_navtest_not_used,never_used_non_navtest,False,unknown,0,,,,,,False,False,False,False,0,,
2021.09.09.18.38.12_veh-40_01247_01425,2021.09.09.18.38.12_veh-40,2021.09.09_veh-40,reserve_non_navtest_not_used,never_used_non_navtest,False,unknown,0,,,,,,False,False,False,False,0,,
2021.09.09.18.38.12_veh-40_01437_01622,2021.09.09.18.38.12_veh-40,2021.09.09_veh-40,reserve_non_navtest_not_used,never_used_non_navtest,False,unknown,0,,,,,,False,False,False,False,0,,
2021.09.09.19.10.24_veh-39_00148_00372,2021.09.09.19.10.24_veh-39,2021.09.09_veh-39,reserve_non_navtest_not_used,never_used_non_navtest,False,0-5,0,,,,,,False,False,True,True,0,,
2021.09.09.19.10.24_veh-39_00489_00629,2021.09.09.19.10.24_veh-39,2021.09.09_veh-39,reserve_non_navtest_not_used,never_used_non_navtest,False,0-5,0,,,,,,False,False,True,True,0,,
2021.09.09.19.10.24_veh-39_00664_01059,2021.09.09.19.10.24_veh-39,2021.09.09_veh-39,reserve_non_navtest_not_used,never_used_non_navtest,False,unknown,0,,,,,,False,False,True,False,0,,
2021.09.09.19.10.24_veh-39_01125_01324,2021.09.09.19.10.24_veh-39,2021.09.09_veh-39,reserve_non_navtest_not_used,never_used_non_navtest,False,unknown,0,,,,,,False,False,True,False,0,,
2021.09.09.19.10.24_veh-39_01406_01487,2021.09.09.19.10.24_veh-39,2021.09.09_veh-39,reserve_non_navtest_not_used,never_used_non_navtest,False,unknown,0,,,,,,False,False,True,False,0,,
2021.09.09.19.10.24_veh-39_01746_01868,2021.09.09.19.10.24_veh-39,2021.09.09_veh-39,reserve_non_navtest_not_used,never_used_non_navtest,False,0-5,0,,,,,,False,False,True,True,0,,
