group,subset,condition,metric,scene_mean,ci95_lo,ci95_hi,n_units,n_scenes,n_logs,n_truncated_window
A-,common_tstar_le2,P_gt_s1_w1,amplification,1.0,1.0,1.0,2,1,1,0
A-,common_tstar_le2,P_gt_s1_w1,amp2,1.0,1.0,1.0,2,1,1,0
A-,common_tstar_le2,P_gt_s1_w1,amp4,0.0,0.0,0.0,2,1,1,0
A-,common_tstar_le2,P_gt_s1_w1,fde5,3.5317140058942726,3.5317140058942726,3.5317140058942726,2,1,1,0
A-,common_tstar_le2,P_gt_s1_w1,dev9_ref,1.7134065146175543,1.7134065146175543,1.7134065146175543,2,1,1,0
A-,common_tstar_le2,P_gt_s1_w1,severe_ref3,0.0,0.0,0.0,2,1,1,0
A-,common_tstar_le2,P_gt_s1_w2,amplification,0.0,0.0,0.0,2,1,1,0
A-,common_tstar_le2,P_gt_s1_w2,amp2,0.5,0.5,0.5,2,1,1,0
A-,common_tstar_le2,P_gt_s1_w2,amp4,0.0,0.0,0.0,2,1,1,0
A-,common_tstar_le2,P_gt_s1_w2,fde5,2.8850455420326258,2.8850455420326258,2.8850455420326258,2,1,1,0
A-,common_tstar_le2,P_gt_s1_w2,dev9_ref,1.963887910182083,1.963887910182083,1.963887910182083,2,1,1,0
A-,common_tstar_le2,P_gt_s1_w2,severe_ref3,0.0,0.0,0.0,2,1,1,0
A-,common_tstar_le2,P_gt_s1_w3,amplification,0.0,0.0,0.0,2,1,1,0
A-,common_tstar_le2,P_gt_s1_w3,amp2,0.5,0.5,0.5,2,1,1,0
A-,common_tstar_le2,P_gt_s1_w3,amp4,0.0,0.0,0.0,2,1,1,0
A-,common_tstar_le2,P_gt_s1_w3,fde5,2.93621292325777,2.93621292325777,2.93621292325777,2,1,1,0
A-,common_tstar_le2,P_gt_s1_w3,dev9_ref,1.2647996044613845,1.2647996044613845,1.2647996044613845,2,1,1,0
A-,common_tstar_le2,P_gt_s1_w3,severe_ref3,0.0,0.0,0.0,2,1,1,0
A-,common_tstar_le2,P_gt_s2_w1,amplification,0.0,0.0,0.0,2,1,1,0
A-,common_tstar_le2,P_gt_s2_w1,amp2,0.0,0.0,0.0,2,1,1,0
A-,common_tstar_le2,P_gt_s2_w1,amp4,0.0,0.0,0.0,2,1,1,0
A-,common_tstar_le2,P_gt_s2_w1,fde5,2.4838801151663743,2.4838801151663743,2.4838801151663743,2,1,1,0
A-,common_tstar_le2,P_gt_s2_w1,dev9_ref,1.992550162293966,1.992550162293966,1.992550162293966,2,1,1,0
A-,common_tstar_le2,P_gt_s2_w1,severe_ref3,0.0,0.0,0.0,2,1,1,0
A-,common_tstar_le2,P_gt_s2_w2,amplification,0.0,0.0,0.0,2,1,1,0
A-,common_tstar_le2,P_gt_s2_w2,amp2,0.5,0.5,0.5,2,1,1,0
A-,common_tstar_le2,P_gt_s2_w2,amp4,0.0,0.0,0.0,2,1,1,0
A-,common_tstar_le2,P_gt_s2_w2,fde5,1.7825090412120934,1.7825090412120934,1.7825090412120934,2,1,1,0
A-,common_tstar_le2,P_gt_s2_w2,dev9_ref,0.9957805848134031,0.9957805848134031,0.9957805848134031,2,1,1,0
A-,common_tstar_le2,P_gt_s2_w2,severe_ref3,0.0,0.0,0.0,2,1,1,0
A-,common_tstar_le2,P_gt_s2_w3,amplification,0.0,0.0,0.0,2,1,1,0
A-,common_tstar_le2,P_gt_s2_w3,amp2,0.0,0.0,0.0,2,1,1,0
A-,common_tstar_le2,P_gt_s2_w3,amp4,0.0,0.0,0.0,2,1,1,0
A-,common_tstar_le2,P_gt_s2_w3,fde5,1.4758170886069826,1.4758170886069826,1.4758170886069826,2,1,1,0
A-,common_tstar_le2,P_gt_s2_w3,dev9_ref,2.10638471101009,2.10638471101009,2.10638471101009,2,1,1,0
A-,common_tstar_le2,P_gt_s2_w3,severe_ref3,0.0,0.0,0.0,2,1,1,0
A-,common_tstar_le2,P_gt_s3_w1,amplification,0.0,0.0,0.0,2,1,1,0
A-,common_tstar_le2,P_gt_s3_w1,amp2,0.5,0.5,0.5,2,1,1,0
A-,common_tstar_le2,P_gt_s3_w1,amp4,0.0,0.0,0.0,2,1,1,0
A-,common_tstar_le2,P_gt_s3_w1,fde5,1.8244350907456686,1.8244350907456686,1.8244350907456686,2,1,1,0
A-,common_tstar_le2,P_gt_s3_w1,dev9_ref,1.883025057153251,1.883025057153251,1.883025057153251,2,1,1,0
A-,common_tstar_le2,P_gt_s3_w1,severe_ref3,0.5,0.5,0.5,2,1,1,0
A-,common_tstar_le2,P_gt_s3_w2,amplification,0.0,0.0,0.0,2,1,1,0
A-,common_tstar_le2,P_gt_s3_w2,amp2,0.0,0.0,0.0,2,1,1,0
A-,common_tstar_le2,P_gt_s3_w2,amp4,0.0,0.0,0.0,2,1,1,0
A-,common_tstar_le2,P_gt_s3_w2,fde5,1.4778934336512541,1.4778934336512541,1.4778934336512541,2,1,1,0
A-,common_tstar_le2,P_gt_s3_w2,dev9_ref,2.5398000600837563,2.5398000600837563,2.5398000600837563,2,1,1,0
A-,common_tstar_le2,P_gt_s3_w2,severe_ref3,0.0,0.0,0.0,2,1,1,0
A-,common_tstar_le2,P_gt_s3_w3,amplification,0.0,0.0,0.0,2,1,1,0
A-,common_tstar_le2,P_gt_s3_w3,amp2,0.0,0.0,0.0,2,1,1,0
A-,common_tstar_le2,P_gt_s3_w3,amp4,0.0,0.0,0.0,2,1,1,0
A-,common_tstar_le2,P_gt_s3_w3,fde5,1.6217900070855809,1.6217900070855809,1.6217900070855809,2,1,1,0
A-,common_tstar_le2,P_gt_s3_w3,dev9_ref,2.604370493570482,2.604370493570482,2.604370493570482,2,1,1,0
A-,common_tstar_le2,P_gt_s3_w3,severe_ref3,0.0,0.0,0.0,2,1,1,0
A-,common_tstar_le2,P_gt_s4_w1,amplification,0.0,0.0,0.0,2,1,1,0
A-,common_tstar_le2,P_gt_s4_w1,amp2,0.0,0.0,0.0,2,1,1,0
A-,common_tstar_le2,P_gt_s4_w1,amp4,0.0,0.0,0.0,2,1,1,0
A-,common_tstar_le2,P_gt_s4_w1,fde5,1.690592835071995,1.690592835071995,1.690592835071995,2,1,1,0
A-,common_tstar_le2,P_gt_s4_w1,dev9_ref,2.3141006464053193,2.3141006464053193,2.3141006464053193,2,1,1,0
A-,common_tstar_le2,P_gt_s4_w1,severe_ref3,0.0,0.0,0.0,2,1,1,0
A-,common_tstar_le2,P_gt_s4_w2,amplification,0.0,0.0,0.0,2,1,1,0
A-,common_tstar_le2,P_gt_s4_w2,amp2,0.0,0.0,0.0,2,1,1,0
A-,common_tstar_le2,P_gt_s4_w2,amp4,0.0,0.0,0.0,2,1,1,0
A-,common_tstar_le2,P_gt_s4_w2,fde5,1.3441014104257296,1.3441014104257296,1.3441014104257296,2,1,1,0
A-,common_tstar_le2,P_gt_s4_w2,dev9_ref,2.0407068132505914,2.0407068132505914,2.0407068132505914,2,1,1,0
A-,common_tstar_le2,P_gt_s4_w2,severe_ref3,0.0,0.0,0.0,2,1,1,0
A-,common_tstar_le2,P_gt_s4_w3,amplification,0.0,0.0,0.0,2,1,1,0
A-,common_tstar_le2,P_gt_s4_w3,amp2,0.0,0.0,0.0,2,1,1,0
A-,common_tstar_le2,P_gt_s4_w3,amp4,0.0,0.0,0.0,2,1,1,0
A-,common_tstar_le2,P_gt_s4_w3,fde5,1.3691950760096636,1.3691950760096636,1.3691950760096636,2,1,1,0
A-,common_tstar_le2,P_gt_s4_w3,dev9_ref,2.307950774331965,2.307950774331965,2.307950774331965,2,1,1,0
A-,common_tstar_le2,P_gt_s4_w3,severe_ref3,0.0,0.0,0.0,2,1,1,0
A-,common_tstar_le2,P_self_s1_w1,amplification,0.5,0.5,0.5,2,1,1,0
A-,common_tstar_le2,P_self_s1_w1,amp2,0.5,0.5,0.5,2,1,1,0
A-,common_tstar_le2,P_self_s1_w1,amp4,0.0,0.0,0.0,2,1,1,0
A-,common_tstar_le2,P_self_s1_w1,fde5,2.7095161796813487,2.7095161796813487,2.7095161796813487,2,1,1,0
A-,common_tstar_le2,P_self_s1_w1,dev9_ref,3.3652496325061607,3.3652496325061607,3.3652496325061607,2,1,1,0
A-,common_tstar_le2,P_self_s1_w1,severe_ref3,0.5,0.5,0.5,2,1,1,0
A-,common_tstar_le2,P_self_s1_w2,amplification,0.0,0.0,0.0,2,1,1,0
A-,common_tstar_le2,P_self_s1_w2,amp2,0.0,0.0,0.0,2,1,1,0
A-,common_tstar_le2,P_self_s1_w2,amp4,0.0,0.0,0.0,2,1,1,0
A-,common_tstar_le2,P_self_s1_w2,fde5,2.0939780543295377,2.0939780543295377,2.0939780543295377,2,1,1,0
A-,common_tstar_le2,P_self_s1_w2,dev9_ref,0.8815073936123184,0.8815073936123184,0.8815073936123184,2,1,1,0
A-,common_tstar_le2,P_self_s1_w2,severe_ref3,0.0,0.0,0.0,2,1,1,0
A-,common_tstar_le2,P_self_s1_w3,amplification,0.0,0.0,0.0,2,1,1,0
A-,common_tstar_le2,P_self_s1_w3,amp2,0.0,0.0,0.0,2,1,1,0
A-,common_tstar_le2,P_self_s1_w3,amp4,0.0,0.0,0.0,2,1,1,0
A-,common_tstar_le2,P_self_s1_w3,fde5,2.0939780543295377,2.0939780543295377,2.0939780543295377,2,1,1,0
A-,common_tstar_le2,P_self_s1_w3,dev9_ref,0.8815073936123184,0.8815073936123184,0.8815073936123184,2,1,1,0
A-,common_tstar_le2,P_self_s1_w3,severe_ref3,0.0,0.0,0.0,2,1,1,0
A-,common_tstar_le2,P_self_s2_w1,amplification,0.0,0.0,0.0,2,1,1,0
A-,common_tstar_le2,P_self_s2_w1,amp2,0.0,0.0,0.0,2,1,1,0
A-,common_tstar_le2,P_self_s2_w1,amp4,0.0,0.0,0.0,2,1,1,0
A-,common_tstar_le2,P_self_s2_w1,fde5,2.1273300184314574,2.1273300184314574,2.1273300184314574,2,1,1,0
A-,common_tstar_le2,P_self_s2_w1,dev9_ref,2.248037108288669,2.248037108288669,2.248037108288669,2,1,1,0
A-,common_tstar_le2,P_self_s2_w1,severe_ref3,0.5,0.5,0.5,2,1,1,0
A-,common_tstar_le2,P_self_s2_w2,amplification,0.0,0.0,0.0,2,1,1,0
A-,common_tstar_le2,P_self_s2_w2,amp2,0.5,0.5,0.5,2,1,1,0
A-,common_tstar_le2,P_self_s2_w2,amp4,0.0,0.0,0.0,2,1,1,0
A-,common_tstar_le2,P_self_s2_w2,fde5,2.2137387420962575,2.2137387420962575,2.2137387420962575,2,1,1,0
A-,common_tstar_le2,P_self_s2_w2,dev9_ref,0.8862408040357136,0.8862408040357136,0.8862408040357136,2,1,1,0
A-,common_tstar_le2,P_self_s2_w2,severe_ref3,0.0,0.0,0.0,2,1,1,0
A-,common_tstar_le2,P_self_s2_w3,amplification,0.0,0.0,0.0,2,1,1,0
A-,common_tstar_le2,P_self_s2_w3,amp2,0.0,0.0,0.0,2,1,1,0
A-,common_tstar_le2,P_self_s2_w3,amp4,0.0,0.0,0.0,2,1,1,0
A-,common_tstar_le2,P_self_s2_w3,fde5,2.0452247698789483,2.0452247698789483,2.0452247698789483,2,1,1,0
A-,common_tstar_le2,P_self_s2_w3,dev9_ref,0.8422787876890241,0.8422787876890241,0.8422787876890241,2,1,1,0
A-,common_tstar_le2,P_self_s2_w3,severe_ref3,0.0,0.0,0.0,2,1,1,0
A-,common_tstar_le2,P_self_s3_w1,amplification,0.0,0.0,0.0,2,1,1,0
A-,common_tstar_le2,P_self_s3_w1,amp2,0.0,0.0,0.0,2,1,1,0
A-,common_tstar_le2,P_self_s3_w1,amp4,0.0,0.0,0.0,2,1,1,0
A-,common_tstar_le2,P_self_s3_w1,fde5,1.3831100397572742,1.3831100397572742,1.3831100397572742,2,1,1,0
A-,common_tstar_le2,P_self_s3_w1,dev9_ref,2.1340037371109046,2.1340037371109046,2.1340037371109046,2,1,1,0
A-,common_tstar_le2,P_self_s3_w1,severe_ref3,0.0,0.0,0.0,2,1,1,0
A-,common_tstar_le2,P_self_s3_w2,amplification,0.0,0.0,0.0,2,1,1,0
A-,common_tstar_le2,P_self_s3_w2,amp2,0.0,0.0,0.0,2,1,1,0
A-,common_tstar_le2,P_self_s3_w2,amp4,0.0,0.0,0.0,2,1,1,0
A-,common_tstar_le2,P_self_s3_w2,fde5,1.8601413282692665,1.8601413282692665,1.8601413282692665,2,1,1,0
A-,common_tstar_le2,P_self_s3_w2,dev9_ref,2.0089310487468772,2.0089310487468772,2.0089310487468772,2,1,1,0
A-,common_tstar_le2,P_self_s3_w2,severe_ref3,0.0,0.0,0.0,2,1,1,0
A-,common_tstar_le2,P_self_s3_w3,amplification,0.0,0.0,0.0,2,1,1,0
A-,common_tstar_le2,P_self_s3_w3,amp2,0.0,0.0,0.0,2,1,1,0
A-,common_tstar_le2,P_self_s3_w3,amp4,0.0,0.0,0.0,2,1,1,0
A-,common_tstar_le2,P_self_s3_w3,fde5,1.8447317247384127,1.8447317247384127,1.8447317247384127,2,1,1,0
A-,common_tstar_le2,P_self_s3_w3,dev9_ref,1.2474781581830103,1.2474781581830103,1.2474781581830103,2,1,1,0
A-,common_tstar_le2,P_self_s3_w3,severe_ref3,0.0,0.0,0.0,2,1,1,0
A-,common_tstar_le2,P_self_s4_w1,amplification,0.0,0.0,0.0,2,1,1,0
A-,common_tstar_le2,P_self_s4_w1,amp2,0.0,0.0,0.0,2,1,1,0
A-,common_tstar_le2,P_self_s4_w1,amp4,0.0,0.0,0.0,2,1,1,0
A-,common_tstar_le2,P_self_s4_w1,fde5,1.299509301562691,1.299509301562691,1.299509301562691,2,1,1,0
A-,common_tstar_le2,P_self_s4_w1,dev9_ref,1.82415280314081,1.82415280314081,1.82415280314081,2,1,1,0
A-,common_tstar_le2,P_self_s4_w1,severe_ref3,0.0,0.0,0.0,2,1,1,0
A-,common_tstar_le2,P_self_s4_w2,amplification,0.0,0.0,0.0,2,1,1,0
A-,common_tstar_le2,P_self_s4_w2,amp2,0.0,0.0,0.0,2,1,1,0
A-,common_tstar_le2,P_self_s4_w2,amp4,0.0,0.0,0.0,2,1,1,0
A-,common_tstar_le2,P_self_s4_w2,fde5,1.7372339379148538,1.7372339379148538,1.7372339379148538,2,1,1,0
A-,common_tstar_le2,P_self_s4_w2,dev9_ref,1.5758390581197483,1.5758390581197483,1.5758390581197483,2,1,1,0
A-,common_tstar_le2,P_self_s4_w2,severe_ref3,0.0,0.0,0.0,2,1,1,0
A-,common_tstar_le2,P_self_s4_w3,amplification,0.0,0.0,0.0,2,1,1,0
A-,common_tstar_le2,P_self_s4_w3,amp2,0.0,0.0,0.0,2,1,1,0
A-,common_tstar_le2,P_self_s4_w3,amp4,0.0,0.0,0.0,2,1,1,0
A-,common_tstar_le2,P_self_s4_w3,fde5,1.5281097657115341,1.5281097657115341,1.5281097657115341,2,1,1,0
A-,common_tstar_le2,P_self_s4_w3,dev9_ref,1.5071980249061967,1.5071980249061967,1.5071980249061967,2,1,1,0
A-,common_tstar_le2,P_self_s4_w3,severe_ref3,0.0,0.0,0.0,2,1,1,0
A-,common_tstar_le2,T_gt_s1_w1,amplification,0.5,0.5,0.5,2,1,1,0
A-,common_tstar_le2,T_gt_s1_w1,amp2,1.0,1.0,1.0,2,1,1,0
A-,common_tstar_le2,T_gt_s1_w1,amp4,0.0,0.0,0.0,2,1,1,0
A-,common_tstar_le2,T_gt_s1_w1,fde5,3.3721190688514335,3.3721190688514335,3.3721190688514335,2,1,1,0
A-,common_tstar_le2,T_gt_s1_w1,dev9_ref,1.6058579206001706,1.6058579206001706,1.6058579206001706,2,1,1,0
A-,common_tstar_le2,T_gt_s1_w1,severe_ref3,0.0,0.0,0.0,2,1,1,0
A-,common_tstar_le2,T_gt_s1_w2,amplification,0.0,0.0,0.0,2,1,1,0
A-,common_tstar_le2,T_gt_s1_w2,amp2,0.5,0.5,0.5,2,1,1,0
A-,common_tstar_le2,T_gt_s1_w2,amp4,0.0,0.0,0.0,2,1,1,0
A-,common_tstar_le2,T_gt_s1_w2,fde5,3.219742782050565,3.219742782050565,3.219742782050565,2,1,1,0
A-,common_tstar_le2,T_gt_s1_w2,dev9_ref,2.358119622482739,2.358119622482739,2.358119622482739,2,1,1,0
A-,common_tstar_le2,T_gt_s1_w2,severe_ref3,0.0,0.0,0.0,2,1,1,0
A-,common_tstar_le2,T_gt_s1_w3,amplification,0.0,0.0,0.0,2,1,1,0
A-,common_tstar_le2,T_gt_s1_w3,amp2,0.0,0.0,0.0,2,1,1,0
A-,common_tstar_le2,T_gt_s1_w3,amp4,0.0,0.0,0.0,2,1,1,0
A-,common_tstar_le2,T_gt_s1_w3,fde5,2.824442790636339,2.824442790636339,2.824442790636339,2,1,1,0
A-,common_tstar_le2,T_gt_s1_w3,dev9_ref,1.2448895321886182,1.2448895321886182,1.2448895321886182,2,1,1,0
A-,common_tstar_le2,T_gt_s1_w3,severe_ref3,0.0,0.0,0.0,2,1,1,0
A-,common_tstar_le2,T_gt_s2_w1,amplification,0.0,0.0,0.0,2,1,1,0
A-,common_tstar_le2,T_gt_s2_w1,amp2,0.5,0.5,0.5,2,1,1,0
A-,common_tstar_le2,T_gt_s2_w1,amp4,0.0,0.0,0.0,2,1,1,0
A-,common_tstar_le2,T_gt_s2_w1,fde5,2.265688978104539,2.265688978104539,2.265688978104539,2,1,1,0
A-,common_tstar_le2,T_gt_s2_w1,dev9_ref,1.4766377791192868,1.4766377791192868,1.4766377791192868,2,1,1,0
A-,common_tstar_le2,T_gt_s2_w1,severe_ref3,0.0,0.0,0.0,2,1,1,0
A-,common_tstar_le2,T_gt_s2_w2,amplification,0.0,0.0,0.0,2,1,1,0
A-,common_tstar_le2,T_gt_s2_w2,amp2,0.0,0.0,0.0,2,1,1,0
A-,common_tstar_le2,T_gt_s2_w2,amp4,0.0,0.0,0.0,2,1,1,0
A-,common_tstar_le2,T_gt_s2_w2,fde5,1.390195816065024,1.390195816065024,1.390195816065024,2,1,1,0
A-,common_tstar_le2,T_gt_s2_w2,dev9_ref,1.8219744171001573,1.8219744171001573,1.8219744171001573,2,1,1,0
A-,common_tstar_le2,T_gt_s2_w2,severe_ref3,0.0,0.0,0.0,2,1,1,0
A-,common_tstar_le2,T_gt_s2_w3,amplification,0.0,0.0,0.0,2,1,1,0
A-,common_tstar_le2,T_gt_s2_w3,amp2,0.0,0.0,0.0,2,1,1,0
A-,common_tstar_le2,T_gt_s2_w3,amp4,0.0,0.0,0.0,2,1,1,0
A-,common_tstar_le2,T_gt_s2_w3,fde5,1.389243414690939,1.389243414690939,1.389243414690939,2,1,1,0
A-,common_tstar_le2,T_gt_s2_w3,dev9_ref,1.8171829768478691,1.8171829768478691,1.8171829768478691,2,1,1,0
A-,common_tstar_le2,T_gt_s2_w3,severe_ref3,0.0,0.0,0.0,2,1,1,0
A-,common_tstar_le2,T_gt_s3_w1,amplification,0.0,0.0,0.0,2,1,1,0
A-,common_tstar_le2,T_gt_s3_w1,amp2,0.0,0.0,0.0,2,1,1,0
A-,common_tstar_le2,T_gt_s3_w1,amp4,0.0,0.0,0.0,2,1,1,0
A-,common_tstar_le2,T_gt_s3_w1,fde5,1.4280718775184296,1.4280718775184296,1.4280718775184296,2,1,1,0
A-,common_tstar_le2,T_gt_s3_w1,dev9_ref,2.107463034344296,2.107463034344296,2.107463034344296,2,1,1,0
A-,common_tstar_le2,T_gt_s3_w1,severe_ref3,0.0,0.0,0.0,2,1,1,0
A-,common_tstar_le2,T_gt_s3_w2,amplification,0.0,0.0,0.0,2,1,1,0
A-,common_tstar_le2,T_gt_s3_w2,amp2,0.0,0.0,0.0,2,1,1,0
A-,common_tstar_le2,T_gt_s3_w2,amp4,0.0,0.0,0.0,2,1,1,0
A-,common_tstar_le2,T_gt_s3_w2,fde5,1.6954348551958935,1.6954348551958935,1.6954348551958935,2,1,1,0
A-,common_tstar_le2,T_gt_s3_w2,dev9_ref,2.2772475576698405,2.2772475576698405,2.2772475576698405,2,1,1,0
A-,common_tstar_le2,T_gt_s3_w2,severe_ref3,0.0,0.0,0.0,2,1,1,0
A-,common_tstar_le2,T_gt_s3_w3,amplification,0.0,0.0,0.0,2,1,1,0
A-,common_tstar_le2,T_gt_s3_w3,amp2,0.0,0.0,0.0,2,1,1,0
A-,common_tstar_le2,T_gt_s3_w3,amp4,0.0,0.0,0.0,2,1,1,0
A-,common_tstar_le2,T_gt_s3_w3,fde5,1.8209618343321181,1.8209618343321181,1.8209618343321181,2,1,1,0
A-,common_tstar_le2,T_gt_s3_w3,dev9_ref,2.1460887136238873,2.1460887136238873,2.1460887136238873,2,1,1,0
A-,common_tstar_le2,T_gt_s3_w3,severe_ref3,0.0,0.0,0.0,2,1,1,0
A-,common_tstar_le2,T_gt_s4_w1,amplification,0.0,0.0,0.0,2,1,1,0
A-,common_tstar_le2,T_gt_s4_w1,amp2,0.0,0.0,0.0,2,1,1,0
A-,common_tstar_le2,T_gt_s4_w1,amp4,0.0,0.0,0.0,2,1,1,0
A-,common_tstar_le2,T_gt_s4_w1,fde5,1.6083290291767323,1.6083290291767323,1.6083290291767323,2,1,1,0
A-,common_tstar_le2,T_gt_s4_w1,dev9_ref,2.318057688452008,2.318057688452008,2.318057688452008,2,1,1,0
A-,common_tstar_le2,T_gt_s4_w1,severe_ref3,0.0,0.0,0.0,2,1,1,0
A-,common_tstar_le2,T_gt_s4_w2,amplification,0.0,0.0,0.0,2,1,1,0
A-,common_tstar_le2,T_gt_s4_w2,amp2,0.0,0.0,0.0,2,1,1,0
A-,common_tstar_le2,T_gt_s4_w2,amp4,0.0,0.0,0.0,2,1,1,0
A-,common_tstar_le2,T_gt_s4_w2,fde5,1.7057566261199546,1.7057566261199546,1.7057566261199546,2,1,1,0
A-,common_tstar_le2,T_gt_s4_w2,dev9_ref,2.306943220349503,2.306943220349503,2.306943220349503,2,1,1,0
A-,common_tstar_le2,T_gt_s4_w2,severe_ref3,0.0,0.0,0.0,2,1,1,0
A-,common_tstar_le2,T_gt_s4_w3,amplification,0.0,0.0,0.0,2,1,1,0
A-,common_tstar_le2,T_gt_s4_w3,amp2,0.0,0.0,0.0,2,1,1,0
A-,common_tstar_le2,T_gt_s4_w3,amp4,0.0,0.0,0.0,2,1,1,0
A-,common_tstar_le2,T_gt_s4_w3,fde5,1.8914829074773998,1.8914829074773998,1.8914829074773998,2,1,1,0
A-,common_tstar_le2,T_gt_s4_w3,dev9_ref,2.5322823841443878,2.5322823841443878,2.5322823841443878,2,1,1,0
A-,common_tstar_le2,T_gt_s4_w3,severe_ref3,0.0,0.0,0.0,2,1,1,0
A-,common_tstar_le2,T_self_s1_w1,amplification,0.0,0.0,0.0,2,1,1,0
A-,common_tstar_le2,T_self_s1_w1,amp2,0.0,0.0,0.0,2,1,1,0
A-,common_tstar_le2,T_self_s1_w1,amp4,0.0,0.0,0.0,2,1,1,0
A-,common_tstar_le2,T_self_s1_w1,fde5,1.1907809759838603,1.1907809759838603,1.1907809759838603,2,1,1,0
A-,common_tstar_le2,T_self_s1_w1,dev9_ref,2.2915890779777865,2.2915890779777865,2.2915890779777865,2,1,1,0
A-,common_tstar_le2,T_self_s1_w1,severe_ref3,0.0,0.0,0.0,2,1,1,0
A-,common_tstar_le2,T_self_s1_w2,amplification,0.0,0.0,0.0,2,1,1,0
A-,common_tstar_le2,T_self_s1_w2,amp2,0.0,0.0,0.0,2,1,1,0
A-,common_tstar_le2,T_self_s1_w2,amp4,0.0,0.0,0.0,2,1,1,0
A-,common_tstar_le2,T_self_s1_w2,fde5,1.4134637186340586,1.4134637186340586,1.4134637186340586,2,1,1,0
A-,common_tstar_le2,T_self_s1_w2,dev9_ref,2.58781137166808,2.58781137166808,2.58781137166808,2,1,1,0
A-,common_tstar_le2,T_self_s1_w2,severe_ref3,0.5,0.5,0.5,2,1,1,0
A-,common_tstar_le2,T_self_s1_w3,amplification,0.0,0.0,0.0,2,1,1,0
A-,common_tstar_le2,T_self_s1_w3,amp2,0.0,0.0,0.0,2,1,1,0
A-,common_tstar_le2,T_self_s1_w3,amp4,0.0,0.0,0.0,2,1,1,0
A-,common_tstar_le2,T_self_s1_w3,fde5,1.1938980361958058,1.1938980361958058,1.1938980361958058,2,1,1,0
A-,common_tstar_le2,T_self_s1_w3,dev9_ref,2.351024132099104,2.351024132099104,2.351024132099104,2,1,1,0
A-,common_tstar_le2,T_self_s1_w3,severe_ref3,0.0,0.0,0.0,2,1,1,0
A-,common_tstar_le2,T_self_s2_w1,amplification,0.0,0.0,0.0,2,1,1,0
A-,common_tstar_le2,T_self_s2_w1,amp2,0.0,0.0,0.0,2,1,1,0
A-,common_tstar_le2,T_self_s2_w1,amp4,0.0,0.0,0.0,2,1,1,0
A-,common_tstar_le2,T_self_s2_w1,fde5,1.3203602378964456,1.3203602378964456,1.3203602378964456,2,1,1,0
A-,common_tstar_le2,T_self_s2_w1,dev9_ref,2.457600310438753,2.457600310438753,2.457600310438753,2,1,1,0
A-,common_tstar_le2,T_self_s2_w1,severe_ref3,0.5,0.5,0.5,2,1,1,0
A-,common_tstar_le2,T_self_s2_w2,amplification,0.0,0.0,0.0,2,1,1,0
A-,common_tstar_le2,T_self_s2_w2,amp2,0.0,0.0,0.0,2,1,1,0
A-,common_tstar_le2,T_self_s2_w2,amp4,0.0,0.0,0.0,2,1,1,0
A-,common_tstar_le2,T_self_s2_w2,fde5,1.3239877420047386,1.3239877420047386,1.3239877420047386,2,1,1,0
A-,common_tstar_le2,T_self_s2_w2,dev9_ref,2.416868499272496,2.416868499272496,2.416868499272496,2,1,1,0
A-,common_tstar_le2,T_self_s2_w2,severe_ref3,0.5,0.5,0.5,2,1,1,0
A-,common_tstar_le2,T_self_s2_w3,amplification,0.0,0.0,0.0,2,1,1,0
A-,common_tstar_le2,T_self_s2_w3,amp2,0.0,0.0,0.0,2,1,1,0
A-,common_tstar_le2,T_self_s2_w3,amp4,0.0,0.0,0.0,2,1,1,0
A-,common_tstar_le2,T_self_s2_w3,fde5,1.1298071533477079,1.1298071533477079,1.1298071533477079,2,1,1,0
A-,common_tstar_le2,T_self_s2_w3,dev9_ref,2.292461998961857,2.292461998961857,2.292461998961857,2,1,1,0
A-,common_tstar_le2,T_self_s2_w3,severe_ref3,0.0,0.0,0.0,2,1,1,0
A-,common_tstar_le2,T_self_s3_w1,amplification,0.0,0.0,0.0,2,1,1,0
A-,common_tstar_le2,T_self_s3_w1,amp2,0.0,0.0,0.0,2,1,1,0
A-,common_tstar_le2,T_self_s3_w1,amp4,0.0,0.0,0.0,2,1,1,0
A-,common_tstar_le2,T_self_s3_w1,fde5,1.3918997706773815,1.3918997706773815,1.3918997706773815,2,1,1,0
A-,common_tstar_le2,T_self_s3_w1,dev9_ref,1.8219744535321754,1.8219744535321754,1.8219744535321754,2,1,1,0
A-,common_tstar_le2,T_self_s3_w1,severe_ref3,0.0,0.0,0.0,2,1,1,0
A-,common_tstar_le2,T_self_s3_w2,amplification,0.0,0.0,0.0,2,1,1,0
A-,common_tstar_le2,T_self_s3_w2,amp2,0.0,0.0,0.0,2,1,1,0
A-,common_tstar_le2,T_self_s3_w2,amp4,0.0,0.0,0.0,2,1,1,0
A-,common_tstar_le2,T_self_s3_w2,fde5,1.2825947178464365,1.2825947178464365,1.2825947178464365,2,1,1,0
A-,common_tstar_le2,T_self_s3_w2,dev9_ref,1.8977850731090702,1.8977850731090702,1.8977850731090702,2,1,1,0
A-,common_tstar_le2,T_self_s3_w2,severe_ref3,0.0,0.0,0.0,2,1,1,0
A-,common_tstar_le2,T_self_s3_w3,amplification,0.0,0.0,0.0,2,1,1,0
A-,common_tstar_le2,T_self_s3_w3,amp2,0.0,0.0,0.0,2,1,1,0
A-,common_tstar_le2,T_self_s3_w3,amp4,0.0,0.0,0.0,2,1,1,0
A-,common_tstar_le2,T_self_s3_w3,fde5,1.859134033183008,1.859134033183008,1.859134033183008,2,1,1,0
A-,common_tstar_le2,T_self_s3_w3,dev9_ref,1.614913756191359,1.614913756191359,1.614913756191359,2,1,1,0
A-,common_tstar_le2,T_self_s3_w3,severe_ref3,0.0,0.0,0.0,2,1,1,0
A-,common_tstar_le2,T_self_s4_w1,amplification,0.0,0.0,0.0,2,1,1,0
A-,common_tstar_le2,T_self_s4_w1,amp2,0.0,0.0,0.0,2,1,1,0
A-,common_tstar_le2,T_self_s4_w1,amp4,0.0,0.0,0.0,2,1,1,0
A-,common_tstar_le2,T_self_s4_w1,fde5,1.1127622926249878,1.1127622926249878,1.1127622926249878,2,1,1,0
A-,common_tstar_le2,T_self_s4_w1,dev9_ref,2.1636005787798447,2.1636005787798447,2.1636005787798447,2,1,1,0
A-,common_tstar_le2,T_self_s4_w1,severe_ref3,0.0,0.0,0.0,2,1,1,0
A-,common_tstar_le2,T_self_s4_w2,amplification,0.0,0.0,0.0,2,1,1,0
A-,common_tstar_le2,T_self_s4_w2,amp2,0.0,0.0,0.0,2,1,1,0
A-,common_tstar_le2,T_self_s4_w2,amp4,0.0,0.0,0.0,2,1,1,0
A-,common_tstar_le2,T_self_s4_w2,fde5,1.5874724515666467,1.5874724515666467,1.5874724515666467,2,1,1,0
A-,common_tstar_le2,T_self_s4_w2,dev9_ref,1.7277738654890973,1.7277738654890973,1.7277738654890973,2,1,1,0
A-,common_tstar_le2,T_self_s4_w2,severe_ref3,0.0,0.0,0.0,2,1,1,0
A-,common_tstar_le2,T_self_s4_w3,amplification,0.0,0.0,0.0,2,1,1,0
A-,common_tstar_le2,T_self_s4_w3,amp2,0.5,0.5,0.5,2,1,1,0
A-,common_tstar_le2,T_self_s4_w3,amp4,0.0,0.0,0.0,2,1,1,0
A-,common_tstar_le2,T_self_s4_w3,fde5,1.6537581400816497,1.6537581400816497,1.6537581400816497,2,1,1,0
A-,common_tstar_le2,T_self_s4_w3,dev9_ref,1.2710718997355874,1.2710718997355874,1.2710718997355874,2,1,1,0
A-,common_tstar_le2,T_self_s4_w3,severe_ref3,0.0,0.0,0.0,2,1,1,0
A-,common_tstar_le2,full_gt,amplification,0.0,0.0,0.0,2,1,1,0
A-,common_tstar_le2,full_gt,amp2,0.0,0.0,0.0,2,1,1,0
A-,common_tstar_le2,full_gt,amp4,0.0,0.0,0.0,2,1,1,0
A-,common_tstar_le2,full_gt,fde5,2.1306109786136878,2.1306109786136878,2.1306109786136878,2,1,1,0
A-,common_tstar_le2,full_gt,dev9_ref,1.8781299865370409,1.8781299865370409,1.8781299865370409,2,1,1,0
A-,common_tstar_le2,full_gt,severe_ref3,0.0,0.0,0.0,2,1,1,0
A-,common_tstar_le2,full_self,amplification,0.0,0.0,0.0,2,1,1,0
A-,common_tstar_le2,full_self,amp2,0.0,0.0,0.0,2,1,1,0
A-,common_tstar_le2,full_self,amp4,0.0,0.0,0.0,2,1,1,0
A-,common_tstar_le2,full_self,fde5,2.0551402505265783,2.0551402505265783,2.0551402505265783,2,1,1,0
A-,common_tstar_le2,full_self,dev9_ref,0.8572518994144422,0.8572518994144422,0.8572518994144422,2,1,1,0
A-,common_tstar_le2,full_self,severe_ref3,0.0,0.0,0.0,2,1,1,0
A-,common_tstar_le2,normal,amplification,0.0,0.0,0.0,2,1,1,0
A-,common_tstar_le2,normal,amp2,0.0,0.0,0.0,2,1,1,0
A-,common_tstar_le2,normal,amp4,0.0,0.0,0.0,2,1,1,0
A-,common_tstar_le2,normal,fde5,1.1474905379854201,1.1474905379854201,1.1474905379854201,2,1,1,0
A-,common_tstar_le2,normal,dev9_ref,2.2354219692555244,2.2354219692555244,2.2354219692555244,2,1,1,0
A-,common_tstar_le2,normal,severe_ref3,0.0,0.0,0.0,2,1,1,0
A-,common_tstar_le2,recent_gt,amplification,0.0,0.0,0.0,2,1,1,0
A-,common_tstar_le2,recent_gt,amp2,0.0,0.0,0.0,2,1,1,0
A-,common_tstar_le2,recent_gt,amp4,0.0,0.0,0.0,2,1,1,0
A-,common_tstar_le2,recent_gt,fde5,1.8523964024718185,1.8523964024718185,1.8523964024718185,2,1,1,0
A-,common_tstar_le2,recent_gt,dev9_ref,2.071330235790929,2.071330235790929,2.071330235790929,2,1,1,0
A-,common_tstar_le2,recent_gt,severe_ref3,0.0,0.0,0.0,2,1,1,0
A-,common_tstar_le2,recent_self,amplification,0.0,0.0,0.0,2,1,1,0
A-,common_tstar_le2,recent_self,amp2,0.5,0.5,0.5,2,1,1,0
A-,common_tstar_le2,recent_self,amp4,0.0,0.0,0.0,2,1,1,0
A-,common_tstar_le2,recent_self,fde5,1.8248297298870395,1.8248297298870395,1.8248297298870395,2,1,1,0
A-,common_tstar_le2,recent_self,dev9_ref,1.4210511801934886,1.4210511801934886,1.4210511801934886,2,1,1,0
A-,common_tstar_le2,recent_self,severe_ref3,0.0,0.0,0.0,2,1,1,0
A-,all_units,P_gt_s1_w1,amplification,0.75,0.5,1.0,4,2,2,0
A-,all_units,P_gt_s1_w1,amp2,0.75,0.5,1.0,4,2,2,0
A-,all_units,P_gt_s1_w1,amp4,0.0,0.0,0.0,4,2,2,0
A-,all_units,P_gt_s1_w1,fde5,2.981897564222271,2.4320811225502696,3.5317140058942726,4,2,2,0
A-,all_units,P_gt_s1_w1,dev9_ref,5.460241677417193,1.7134065146175543,9.207076840216832,4,2,2,0
A-,all_units,P_gt_s1_w1,severe_ref3,0.5,0.0,1.0,4,2,2,0
A-,all_units,P_gt_s1_w2,amplification,0.25,0.0,0.5,4,2,2,0
A-,all_units,P_gt_s1_w2,amp2,0.5,0.5,0.5,4,2,2,0
A-,all_units,P_gt_s1_w2,amp4,0.0,0.0,0.0,4,2,2,0
A-,all_units,P_gt_s1_w2,fde5,2.6585633322914477,2.4320811225502696,2.8850455420326258,4,2,2,0
A-,all_units,P_gt_s1_w2,dev9_ref,5.585482375199457,1.963887910182083,9.207076840216832,4,2,2,0
A-,all_units,P_gt_s1_w2,severe_ref3,0.5,0.0,1.0,4,2,2,0
A-,all_units,P_gt_s1_w3,amplification,0.0,0.0,0.0,4,2,2,0
A-,all_units,P_gt_s1_w3,amp2,0.25,0.0,0.5,4,2,2,0
A-,all_units,P_gt_s1_w3,amp4,0.0,0.0,0.0,4,2,2,0
A-,all_units,P_gt_s1_w3,fde5,2.1930961415396055,1.4499793598214405,2.93621292325777,4,2,2,0
A-,all_units,P_gt_s1_w3,dev9_ref,5.684447381183579,1.2647996044613845,10.104095157905775,4,2,2,0
A-,all_units,P_gt_s1_w3,severe_ref3,0.5,0.0,1.0,4,2,2,0
A-,all_units,P_gt_s2_w1,amplification,0.25,0.0,0.5,4,2,2,0
A-,all_units,P_gt_s2_w1,amp2,0.25,0.0,0.5,4,2,2,0
A-,all_units,P_gt_s2_w1,amp4,0.0,0.0,0.0,4,2,2,0
A-,all_units,P_gt_s2_w1,fde5,3.0197381052887735,2.4838801151663743,3.5555960954111727,4,2,2,0
A-,all_units,P_gt_s2_w1,dev9_ref,5.196177342632942,1.992550162293966,8.399804522971918,4,2,2,0
A-,all_units,P_gt_s2_w1,severe_ref3,0.5,0.0,1.0,4,2,2,0
A-,all_units,P_gt_s2_w2,amplification,0.0,0.0,0.0,4,2,2,0
A-,all_units,P_gt_s2_w2,amp2,0.25,0.0,0.5,4,2,2,0
A-,all_units,P_gt_s2_w2,amp4,0.0,0.0,0.0,4,2,2,0
A-,all_units,P_gt_s2_w2,fde5,2.1724956345674946,1.7825090412120934,2.562482227922896,4,2,2,0
A-,all_units,P_gt_s2_w2,dev9_ref,5.296976820668471,0.9957805848134031,9.598173056523539,4,2,2,0
A-,all_units,P_gt_s2_w2,severe_ref3,0.5,0.0,1.0,4,2,2,0
A-,all_units,P_gt_s2_w3,amplification,0.0,0.0,0.0,4,2,2,0
A-,all_units,P_gt_s2_w3,amp2,0.0,0.0,0.0,4,2,2,0
A-,all_units,P_gt_s2_w3,amp4,0.0,0.0,0.0,4,2,2,0
A-,all_units,P_gt_s2_w3,fde5,2.012295727415512,1.4758170886069826,2.548774366224042,4,2,2,0
A-,all_units,P_gt_s2_w3,dev9_ref,5.843937719975643,2.10638471101009,9.581490728941196,4,2,2,0
A-,all_units,P_gt_s2_w3,severe_ref3,0.5,0.0,1.0,4,2,2,0
A-,all_units,P_gt_s3_w1,amplification,0.0,0.0,0.0,4,2,2,0
A-,all_units,P_gt_s3_w1,amp2,0.25,0.0,0.5,4,2,2,0
A-,all_units,P_gt_s3_w1,amp4,0.0,0.0,0.0,4,2,2,0
A-,all_units,P_gt_s3_w1,fde5,2.5259835967636137,1.8244350907456686,3.2275321027815584,4,2,2,0
A-,all_units,P_gt_s3_w1,dev9_ref,5.3202992271091905,1.883025057153251,8.75757339706513,4,2,2,0
A-,all_units,P_gt_s3_w1,severe_ref3,0.75,0.5,1.0,4,2,2,0
A-,all_units,P_gt_s3_w2,amplification,0.0,0.0,0.0,4,2,2,0
A-,all_units,P_gt_s3_w2,amp2,0.0,0.0,0.0,4,2,2,0
A-,all_units,P_gt_s3_w2,amp4,0.0,0.0,0.0,4,2,2,0
A-,all_units,P_gt_s3_w2,fde5,2.6440782064962853,1.4778934336512541,3.8102629793413163,4,2,2,0
A-,all_units,P_gt_s3_w2,dev9_ref,5.290599420035987,2.5398000600837563,8.041398779988217,4,2,2,0
A-,all_units,P_gt_s3_w2,severe_ref3,0.5,0.0,1.0,4,2,2,0
A-,all_units,P_gt_s3_w3,amplification,0.0,0.0,0.0,4,2,2,0
A-,all_units,P_gt_s3_w3,amp2,0.0,0.0,0.0,4,2,2,0
A-,all_units,P_gt_s3_w3,amp4,0.0,0.0,0.0,4,2,2,0
A-,all_units,P_gt_s3_w3,fde5,2.5193468185971746,1.6217900070855809,3.4169036301087687,4,2,2,0
A-,all_units,P_gt_s3_w3,dev9_ref,5.538803516266062,2.604370493570482,8.473236538961642,4,2,2,0
A-,all_units,P_gt_s3_w3,severe_ref3,0.5,0.0,1.0,4,2,2,0
A-,all_units,P_gt_s4_w1,amplification,0.0,0.0,0.0,4,2,2,0
A-,all_units,P_gt_s4_w1,amp2,0.0,0.0,0.0,4,2,2,0
A-,all_units,P_gt_s4_w1,amp4,0.0,0.0,0.0,4,2,2,0
A-,all_units,P_gt_s4_w1,fde5,2.958492341273979,1.690592835071995,4.226391847475963,4,2,2,0
A-,all_units,P_gt_s4_w1,dev9_ref,4.842953226256288,2.3141006464053193,7.3718058061072576,4,2,2,0
A-,all_units,P_gt_s4_w1,severe_ref3,0.5,0.0,1.0,4,2,2,0
A-,all_units,P_gt_s4_w2,amplification,0.0,0.0,0.0,4,2,2,0
A-,all_units,P_gt_s4_w2,amp2,0.0,0.0,0.0,4,2,2,0
A-,all_units,P_gt_s4_w2,amp4,0.0,0.0,0.0,4,2,2,0
A-,all_units,P_gt_s4_w2,fde5,2.7596972424052266,1.3441014104257296,4.175293074384724,4,2,2,0
A-,all_units,P_gt_s4_w2,dev9_ref,4.736609536324069,2.0407068132505914,7.432512259397548,4,2,2,0
A-,all_units,P_gt_s4_w2,severe_ref3,0.5,0.0,1.0,4,2,2,0
A-,all_units,P_gt_s4_w3,amplification,0.0,0.0,0.0,4,2,2,2
A-,all_units,P_gt_s4_w3,amp2,0.0,0.0,0.0,4,2,2,2
A-,all_units,P_gt_s4_w3,amp4,0.0,0.0,0.0,4,2,2,2
A-,all_units,P_gt_s4_w3,fde5,2.772244075197194,1.3691950760096636,4.175293074384724,4,2,2,2
A-,all_units,P_gt_s4_w3,dev9_ref,4.870231516864757,2.307950774331965,7.432512259397548,4,2,2,2
A-,all_units,P_gt_s4_w3,severe_ref3,0.5,0.0,1.0,4,2,2,2
A-,all_units,P_self_s1_w1,amplification,0.75,0.5,1.0,4,2,2,0
A-,all_units,P_self_s1_w1,amp2,0.75,0.5,1.0,4,2,2,0
A-,all_units,P_self_s1_w1,amp4,0.5,0.0,1.0,4,2,2,0
A-,all_units,P_self_s1_w1,fde5,6.893121563846194,2.7095161796813487,11.07672694801104,4,2,2,0
A-,all_units,P_self_s1_w1,dev9_ref,1.9720695518024602,0.5788894710987598,3.3652496325061607,4,2,2,0
A-,all_units,P_self_s1_w1,severe_ref3,0.25,0.0,0.5,4,2,2,0
A-,all_units,P_self_s1_w2,amplification,0.5,0.0,1.0,4,2,2,0
A-,all_units,P_self_s1_w2,amp2,0.5,0.0,1.0,4,2,2,0
A-,all_units,P_self_s1_w2,amp4,0.5,0.0,1.0,4,2,2,0
A-,all_units,P_self_s1_w2,fde5,6.57766558394764,2.0939780543295377,11.061353113565742,4,2,2,0
A-,all_units,P_self_s1_w2,dev9_ref,1.087073596334685,0.8815073936123184,1.2926397990570513,4,2,2,0
A-,all_units,P_self_s1_w2,severe_ref3,0.0,0.0,0.0,4,2,2,0
A-,all_units,P_self_s1_w3,amplification,0.5,0.0,1.0,4,2,2,0
A-,all_units,P_self_s1_w3,amp2,0.5,0.0,1.0,4,2,2,0
A-,all_units,P_self_s1_w3,amp4,0.5,0.0,1.0,4,2,2,0
A-,all_units,P_self_s1_w3,fde5,6.545182527850264,2.0939780543295377,10.99638700137099,4,2,2,0
A-,all_units,P_self_s1_w3,dev9_ref,1.0586141087181569,0.8815073936123184,1.2357208238239954,4,2,2,0
A-,all_units,P_self_s1_w3,severe_ref3,0.0,0.0,0.0,4,2,2,0
A-,all_units,P_self_s2_w1,amplification,0.5,0.0,1.0,4,2,2,0
A-,all_units,P_self_s2_w1,amp2,0.5,0.0,1.0,4,2,2,0
A-,all_units,P_self_s2_w1,amp4,0.5,0.0,1.0,4,2,2,0
A-,all_units,P_self_s2_w1,fde5,6.207067511543547,2.1273300184314574,10.286805004655637,4,2,2,0
A-,all_units,P_self_s2_w1,dev9_ref,1.7086748672897698,1.1693126262908704,2.248037108288669,4,2,2,0
A-,all_units,P_self_s2_w1,severe_ref3,0.25,0.0,0.5,4,2,2,0
A-,all_units,P_self_s2_w2,amplification,0.5,0.0,1.0,4,2,2,0
A-,all_units,P_self_s2_w2,amp2,0.75,0.5,1.0,4,2,2,0
A-,all_units,P_self_s2_w2,amp4,0.5,0.0,1.0,4,2,2,0
A-,all_units,P_self_s2_w2,fde5,6.409900929908853,2.2137387420962575,10.60606311772145,4,2,2,0
A-,all_units,P_self_s2_w2,dev9_ref,0.8508865937874184,0.815532383539123,0.8862408040357136,4,2,2,0
A-,all_units,P_self_s2_w2,severe_ref3,0.0,0.0,0.0,4,2,2,0
A-,all_units,P_self_s2_w3,amplification,0.5,0.0,1.0,4,2,2,0
A-,all_units,P_self_s2_w3,amp2,0.5,0.0,1.0,4,2,2,0
A-,all_units,P_self_s2_w3,amp4,0.5,0.0,1.0,4,2,2,0
A-,all_units,P_self_s2_w3,fde5,6.325643943800198,2.0452247698789483,10.60606311772145,4,2,2,0
A-,all_units,P_self_s2_w3,dev9_ref,0.8289055856140736,0.815532383539123,0.8422787876890241,4,2,2,0
A-,all_units,P_self_s2_w3,severe_ref3,0.0,0.0,0.0,4,2,2,0
A-,all_units,P_self_s3_w1,amplification,0.5,0.0,1.0,4,2,2,0
A-,all_units,P_self_s3_w1,amp2,0.5,0.0,1.0,4,2,2,0
A-,all_units,P_self_s3_w1,amp4,0.5,0.0,1.0,4,2,2,0
A-,all_units,P_self_s3_w1,fde5,5.5463936343650655,1.3831100397572742,9.709677228972856,4,2,2,0
A-,all_units,P_self_s3_w1,dev9_ref,1.9633222524306186,1.7926407677503327,2.1340037371109046,4,2,2,0
A-,all_units,P_self_s3_w1,severe_ref3,0.25,0.0,0.5,4,2,2,0
A-,all_units,P_self_s3_w2,amplification,0.5,0.0,1.0,4,2,2,0
A-,all_units,P_self_s3_w2,amp2,0.5,0.0,1.0,4,2,2,0
A-,all_units,P_self_s3_w2,amp4,0.5,0.0,1.0,4,2,2,0
A-,all_units,P_self_s3_w2,fde5,5.869945296013946,1.8601413282692665,9.879749263758626,4,2,2,0
A-,all_units,P_self_s3_w2,dev9_ref,1.8715037998799193,1.7340765510129617,2.0089310487468772,4,2,2,0
A-,all_units,P_self_s3_w2,severe_ref3,0.25,0.0,0.5,4,2,2,0
A-,all_units,P_self_s3_w3,amplification,0.5,0.0,1.0,4,2,2,0
A-,all_units,P_self_s3_w3,amp2,0.5,0.0,1.0,4,2,2,0
A-,all_units,P_self_s3_w3,amp4,0.5,0.0,1.0,4,2,2,0
A-,all_units,P_self_s3_w3,fde5,5.882334442595935,1.8447317247384127,9.919937160453458,4,2,2,0
A-,all_units,P_self_s3_w3,dev9_ref,1.4745991749823124,1.2474781581830103,1.7017201917816145,4,2,2,0
A-,all_units,P_self_s3_w3,severe_ref3,0.25,0.0,0.5,4,2,2,0
A-,all_units,P_self_s4_w1,amplification,0.25,0.0,0.5,4,2,2,0
A-,all_units,P_self_s4_w1,amp2,0.25,0.0,0.5,4,2,2,0
A-,all_units,P_self_s4_w1,amp4,0.25,0.0,0.5,4,2,2,0
A-,all_units,P_self_s4_w1,fde5,3.8577759778724277,1.299509301562691,6.4160426541821645,4,2,2,0
A-,all_units,P_self_s4_w1,dev9_ref,3.615106155540997,1.82415280314081,5.406059507941183,4,2,2,0
A-,all_units,P_self_s4_w1,severe_ref3,0.25,0.0,0.5,4,2,2,0
A-,all_units,P_self_s4_w2,amplification,0.5,0.0,1.0,4,2,2,0
A-,all_units,P_self_s4_w2,amp2,0.5,0.0,1.0,4,2,2,0
A-,all_units,P_self_s4_w2,amp4,0.25,0.0,0.5,4,2,2,0
A-,all_units,P_self_s4_w2,fde5,4.718685753252008,1.7372339379148538,7.700137568589163,4,2,2,0
A-,all_units,P_self_s4_w2,dev9_ref,2.655084881236018,1.5758390581197483,3.734330704352288,4,2,2,0
A-,all_units,P_self_s4_w2,severe_ref3,0.25,0.0,0.5,4,2,2,0
A-,all_units,P_self_s4_w3,amplification,0.5,0.0,1.0,4,2,2,2
A-,all_units,P_self_s4_w3,amp2,0.5,0.0,1.0,4,2,2,2
A-,all_units,P_self_s4_w3,amp4,0.25,0.0,0.5,4,2,2,2
A-,all_units,P_self_s4_w3,fde5,4.6141236671503485,1.5281097657115341,7.700137568589163,4,2,2,2
A-,all_units,P_self_s4_w3,dev9_ref,2.6207643646292422,1.5071980249061967,3.734330704352288,4,2,2,2
A-,all_units,P_self_s4_w3,severe_ref3,0.25,0.0,0.5,4,2,2,2
A-,all_units,T_gt_s1_w1,amplification,0.5,0.5,0.5,4,2,2,0
A-,all_units,T_gt_s1_w1,amp2,0.75,0.5,1.0,4,2,2,0
A-,all_units,T_gt_s1_w1,amp4,0.0,0.0,0.0,4,2,2,0
A-,all_units,T_gt_s1_w1,fde5,3.1034751405339605,2.8348312122164874,3.3721190688514335,4,2,2,0
A-,all_units,T_gt_s1_w1,dev9_ref,5.361871203358257,1.6058579206001706,9.117884486116344,4,2,2,0
A-,all_units,T_gt_s1_w1,severe_ref3,0.5,0.0,1.0,4,2,2,0
A-,all_units,T_gt_s1_w2,amplification,0.25,0.0,0.5,4,2,2,0
A-,all_units,T_gt_s1_w2,amp2,0.5,0.5,0.5,4,2,2,0
A-,all_units,T_gt_s1_w2,amp4,0.0,0.0,0.0,4,2,2,0
A-,all_units,T_gt_s1_w2,fde5,3.027286997133526,2.8348312122164874,3.219742782050565,4,2,2,0
A-,all_units,T_gt_s1_w2,dev9_ref,5.738002054299542,2.358119622482739,9.117884486116344,4,2,2,0
A-,all_units,T_gt_s1_w2,severe_ref3,0.5,0.0,1.0,4,2,2,0
A-,all_units,T_gt_s1_w3,amplification,0.0,0.0,0.0,4,2,2,0
A-,all_units,T_gt_s1_w3,amp2,0.0,0.0,0.0,4,2,2,0
A-,all_units,T_gt_s1_w3,amp4,0.0,0.0,0.0,4,2,2,0
A-,all_units,T_gt_s1_w3,fde5,2.2078066484729955,1.591170506309652,2.824442790636339,4,2,2,0
A-,all_units,T_gt_s1_w3,dev9_ref,5.801152500850002,1.2448895321886182,10.357415469511384,4,2,2,0
A-,all_units,T_gt_s1_w3,severe_ref3,0.5,0.0,1.0,4,2,2,0
A-,all_units,T_gt_s2_w1,amplification,0.0,0.0,0.0,4,2,2,0
A-,all_units,T_gt_s2_w1,amp2,0.25,0.0,0.5,4,2,2,0
A-,all_units,T_gt_s2_w1,amp4,0.0,0.0,0.0,4,2,2,0
A-,all_units,T_gt_s2_w1,fde5,2.709784616949322,2.265688978104539,3.153880255794105,4,2,2,0
A-,all_units,T_gt_s2_w1,dev9_ref,5.1580109447853975,1.4766377791192868,8.839384110451508,4,2,2,0
A-,all_units,T_gt_s2_w1,severe_ref3,0.5,0.0,1.0,4,2,2,0
A-,all_units,T_gt_s2_w2,amplification,0.0,0.0,0.0,4,2,2,0
A-,all_units,T_gt_s2_w2,amp2,0.0,0.0,0.0,4,2,2,0
A-,all_units,T_gt_s2_w2,amp4,0.0,0.0,0.0,4,2,2,0
A-,all_units,T_gt_s2_w2,fde5,1.9858234376668729,1.390195816065024,2.581451059268722,4,2,2,0
A-,all_units,T_gt_s2_w2,dev9_ref,5.675546373081321,1.8219744171001573,9.529118329062484,4,2,2,0
A-,all_units,T_gt_s2_w2,severe_ref3,0.5,0.0,1.0,4,2,2,0
A-,all_units,T_gt_s2_w3,amplification,0.0,0.0,0.0,4,2,2,0
A-,all_units,T_gt_s2_w3,amp2,0.0,0.0,0.0,4,2,2,0
A-,all_units,T_gt_s2_w3,amp4,0.0,0.0,0.0,4,2,2,0
A-,all_units,T_gt_s2_w3,fde5,2.240618354236018,1.389243414690939,3.091993293781097,4,2,2,0
A-,all_units,T_gt_s2_w3,dev9_ref,5.332042504193605,1.8171829768478691,8.84690203153934,4,2,2,0
A-,all_units,T_gt_s2_w3,severe_ref3,0.5,0.0,1.0,4,2,2,0
A-,all_units,T_gt_s3_w1,amplification,0.0,0.0,0.0,4,2,2,0
A-,all_units,T_gt_s3_w1,amp2,0.0,0.0,0.0,4,2,2,0
A-,all_units,T_gt_s3_w1,amp4,0.0,0.0,0.0,4,2,2,0
A-,all_units,T_gt_s3_w1,fde5,2.27897763880111,1.4280718775184296,3.129883400083791,4,2,2,0
A-,all_units,T_gt_s3_w1,dev9_ref,5.405449871642843,2.107463034344296,8.70343670894139,4,2,2,0
A-,all_units,T_gt_s3_w1,severe_ref3,0.5,0.0,1.0,4,2,2,0
A-,all_units,T_gt_s3_w2,amplification,0.0,0.0,0.0,4,2,2,0
A-,all_units,T_gt_s3_w2,amp2,0.0,0.0,0.0,4,2,2,0
A-,all_units,T_gt_s3_w2,amp4,0.0,0.0,0.0,4,2,2,0
A-,all_units,T_gt_s3_w2,fde5,2.447832671857105,1.6954348551958935,3.200230488518317,4,2,2,0
A-,all_units,T_gt_s3_w2,dev9_ref,5.466019256997181,2.2772475576698405,8.654790956324522,4,2,2,0
A-,all_units,T_gt_s3_w2,severe_ref3,0.5,0.0,1.0,4,2,2,0
A-,all_units,T_gt_s3_w3,amplification,0.0,0.0,0.0,4,2,2,0
A-,all_units,T_gt_s3_w3,amp2,0.0,0.0,0.0,4,2,2,0
A-,all_units,T_gt_s3_w3,amp4,0.0,0.0,0.0,4,2,2,0
A-,all_units,T_gt_s3_w3,fde5,2.4944292270542654,1.8209618343321181,3.167896619776413,4,2,2,0
A-,all_units,T_gt_s3_w3,dev9_ref,5.410490136084707,2.1460887136238873,8.674891558545527,4,2,2,0
A-,all_units,T_gt_s3_w3,severe_ref3,0.5,0.0,1.0,4,2,2,0
A-,all_units,T_gt_s4_w1,amplification,0.0,0.0,0.0,4,2,2,0
A-,all_units,T_gt_s4_w1,amp2,0.0,0.0,0.0,4,2,2,0
A-,all_units,T_gt_s4_w1,amp4,0.0,0.0,0.0,4,2,2,0
A-,all_units,T_gt_s4_w1,fde5,2.999109043551682,1.6083290291767323,4.389889057926632,4,2,2,0
A-,all_units,T_gt_s4_w1,dev9_ref,4.743270140347249,2.318057688452008,7.16848259224249,4,2,2,0
A-,all_units,T_gt_s4_w1,severe_ref3,0.5,0.0,1.0,4,2,2,0
A-,all_units,T_gt_s4_w2,amplification,0.0,0.0,0.0,4,2,2,0
A-,all_units,T_gt_s4_w2,amp2,0.0,0.0,0.0,4,2,2,0
A-,all_units,T_gt_s4_w2,amp4,0.0,0.0,0.0,4,2,2,0
A-,all_units,T_gt_s4_w2,fde5,3.0567994655044624,1.7057566261199546,4.40784230488897,4,2,2,0
A-,all_units,T_gt_s4_w2,dev9_ref,4.742887501291645,2.306943220349503,7.178831782233787,4,2,2,0
A-,all_units,T_gt_s4_w2,severe_ref3,0.5,0.0,1.0,4,2,2,0
A-,all_units,T_gt_s4_w3,amplification,0.0,0.0,0.0,4,2,2,2
A-,all_units,T_gt_s4_w3,amp2,0.0,0.0,0.0,4,2,2,2
A-,all_units,T_gt_s4_w3,amp4,0.0,0.0,0.0,4,2,2,2
A-,all_units,T_gt_s4_w3,fde5,3.1496626061831847,1.8914829074773998,4.40784230488897,4,2,2,2
A-,all_units,T_gt_s4_w3,dev9_ref,4.855557083189087,2.5322823841443878,7.178831782233787,4,2,2,2
A-,all_units,T_gt_s4_w3,severe_ref3,0.5,0.0,1.0,4,2,2,2
A-,all_units,T_self_s1_w1,amplification,0.25,0.0,0.5,4,2,2,0
A-,all_units,T_self_s1_w1,amp2,0.25,0.0,0.5,4,2,2,0
A-,all_units,T_self_s1_w1,amp4,0.25,0.0,0.5,4,2,2,0
A-,all_units,T_self_s1_w1,fde5,4.304778304858528,1.1907809759838603,7.418775633733197,4,2,2,0
A-,all_units,T_self_s1_w1,dev9_ref,3.287337689672313,2.2915890779777865,4.283086301366839,4,2,2,0
A-,all_units,T_self_s1_w1,severe_ref3,0.25,0.0,0.5,4,2,2,0
A-,all_units,T_self_s1_w2,amplification,0.5,0.0,1.0,4,2,2,0
A-,all_units,T_self_s1_w2,amp2,0.5,0.0,1.0,4,2,2,0
A-,all_units,T_self_s1_w2,amp4,0.5,0.0,1.0,4,2,2,0
A-,all_units,T_self_s1_w2,fde5,5.904169302732147,1.4134637186340586,10.394874886830236,4,2,2,0
A-,all_units,T_self_s1_w2,dev9_ref,2.0839583286737837,1.580105285679487,2.58781137166808,4,2,2,0
A-,all_units,T_self_s1_w2,severe_ref3,0.5,0.5,0.5,4,2,2,0
A-,all_units,T_self_s1_w3,amplification,0.5,0.0,1.0,4,2,2,0
A-,all_units,T_self_s1_w3,amp2,0.5,0.0,1.0,4,2,2,0
A-,all_units,T_self_s1_w3,amp4,0.5,0.0,1.0,4,2,2,0
A-,all_units,T_self_s1_w3,fde5,6.025405090412478,1.1938980361958058,10.856912144629149,4,2,2,0
A-,all_units,T_self_s1_w3,dev9_ref,1.6106732328724036,0.8703223336457032,2.351024132099104,4,2,2,0
A-,all_units,T_self_s1_w3,severe_ref3,0.0,0.0,0.0,4,2,2,0
A-,all_units,T_self_s2_w1,amplification,0.5,0.0,1.0,4,2,2,0
A-,all_units,T_self_s2_w1,amp2,0.5,0.0,1.0,4,2,2,0
A-,all_units,T_self_s2_w1,amp4,0.5,0.0,1.0,4,2,2,0
A-,all_units,T_self_s2_w1,fde5,5.751814829689279,1.3203602378964456,10.183269421482112,4,2,2,0
A-,all_units,T_self_s2_w1,dev9_ref,1.9205277578421964,1.38345520524564,2.457600310438753,4,2,2,0
A-,all_units,T_self_s2_w1,severe_ref3,0.25,0.0,0.5,4,2,2,0
A-,all_units,T_self_s2_w2,amplification,0.5,0.0,1.0,4,2,2,0
A-,all_units,T_self_s2_w2,amp2,0.5,0.0,1.0,4,2,2,0
A-,all_units,T_self_s2_w2,amp4,0.5,0.0,1.0,4,2,2,0
A-,all_units,T_self_s2_w2,fde5,5.868423410654804,1.3239877420047386,10.41285907930487,4,2,2,0
A-,all_units,T_self_s2_w2,dev9_ref,1.71475331186011,1.012638124447724,2.416868499272496,4,2,2,0
A-,all_units,T_self_s2_w2,severe_ref3,0.25,0.0,0.5,4,2,2,0
A-,all_units,T_self_s2_w3,amplification,0.5,0.0,1.0,4,2,2,0
A-,all_units,T_self_s2_w3,amp2,0.5,0.0,1.0,4,2,2,0
A-,all_units,T_self_s2_w3,amp4,0.5,0.0,1.0,4,2,2,0
A-,all_units,T_self_s2_w3,fde5,5.819207590422937,1.1298071533477079,10.508608027498166,4,2,2,0
A-,all_units,T_self_s2_w3,dev9_ref,1.6069827243747432,0.9215034497876294,2.292461998961857,4,2,2,0
A-,all_units,T_self_s2_w3,severe_ref3,0.0,0.0,0.0,4,2,2,0
A-,all_units,T_self_s3_w1,amplification,0.5,0.0,1.0,4,2,2,0
A-,all_units,T_self_s3_w1,amp2,0.5,0.0,1.0,4,2,2,0
A-,all_units,T_self_s3_w1,amp4,0.5,0.0,1.0,4,2,2,0
A-,all_units,T_self_s3_w1,fde5,5.575614227826587,1.3918997706773815,9.759328684975792,4,2,2,0
A-,all_units,T_self_s3_w1,dev9_ref,1.8212431472695267,1.820511841006878,1.8219744535321754,4,2,2,0
A-,all_units,T_self_s3_w1,severe_ref3,0.25,0.0,0.5,4,2,2,0
A-,all_units,T_self_s3_w2,amplification,0.25,0.0,0.5,4,2,2,0
A-,all_units,T_self_s3_w2,amp2,0.25,0.0,0.5,4,2,2,0
A-,all_units,T_self_s3_w2,amp4,0.25,0.0,0.5,4,2,2,0
A-,all_units,T_self_s3_w2,fde5,4.072301998774279,1.2825947178464365,6.8620092797021215,4,2,2,0
A-,all_units,T_self_s3_w2,dev9_ref,3.3024523090139724,1.8977850731090702,4.707119544918874,4,2,2,0
A-,all_units,T_self_s3_w2,severe_ref3,0.25,0.0,0.5,4,2,2,0
A-,all_units,T_self_s3_w3,amplification,0.5,0.0,1.0,4,2,2,0
A-,all_units,T_self_s3_w3,amp2,0.5,0.0,1.0,4,2,2,0
A-,all_units,T_self_s3_w3,amp4,0.5,0.0,1.0,4,2,2,0
A-,all_units,T_self_s3_w3,fde5,5.145914371214616,1.859134033183008,8.432694709246224,4,2,2,0
A-,all_units,T_self_s3_w3,dev9_ref,2.308590477742711,1.614913756191359,3.002267199294063,4,2,2,0
A-,all_units,T_self_s3_w3,severe_ref3,0.25,0.0,0.5,4,2,2,0
A-,all_units,T_self_s4_w1,amplification,0.25,0.0,0.5,4,2,2,0
A-,all_units,T_self_s4_w1,amp2,0.25,0.0,0.5,4,2,2,0
A-,all_units,T_self_s4_w1,amp4,0.25,0.0,0.5,4,2,2,0
A-,all_units,T_self_s4_w1,fde5,3.7663435378319834,1.1127622926249878,6.419924783038979,4,2,2,0
A-,all_units,T_self_s4_w1,dev9_ref,3.768356312131144,2.1636005787798447,5.373112045482443,4,2,2,0
A-,all_units,T_self_s4_w1,severe_ref3,0.25,0.0,0.5,4,2,2,0
A-,all_units,T_self_s4_w2,amplification,0.25,0.0,0.5,4,2,2,0
A-,all_units,T_self_s4_w2,amp2,0.25,0.0,0.5,4,2,2,0
A-,all_units,T_self_s4_w2,amp4,0.25,0.0,0.5,4,2,2,0
A-,all_units,T_self_s4_w2,fde5,4.034448355904958,1.5874724515666467,6.481424260243269,4,2,2,0
A-,all_units,T_self_s4_w2,dev9_ref,3.4319891845178794,1.7277738654890973,5.1362045035466615,4,2,2,0
A-,all_units,T_self_s4_w2,severe_ref3,0.25,0.0,0.5,4,2,2,0
A-,all_units,T_self_s4_w3,amplification,0.25,0.0,0.5,4,2,2,2
A-,all_units,T_self_s4_w3,amp2,0.5,0.5,0.5,4,2,2,2
A-,all_units,T_self_s4_w3,amp4,0.25,0.0,0.5,4,2,2,2
A-,all_units,T_self_s4_w3,fde5,4.067591200162459,1.6537581400816497,6.481424260243269,4,2,2,2
A-,all_units,T_self_s4_w3,dev9_ref,3.2036382016411244,1.2710718997355874,5.1362045035466615,4,2,2,2
A-,all_units,T_self_s4_w3,severe_ref3,0.25,0.0,0.5,4,2,2,2
A-,all_units,full_gt,amplification,0.0,0.0,0.0,4,2,2,0
A-,all_units,full_gt,amp2,0.0,0.0,0.0,4,2,2,0
A-,all_units,full_gt,amp4,0.0,0.0,0.0,4,2,2,0
A-,all_units,full_gt,fde5,1.711297322005442,1.2919836653971963,2.1306109786136878,4,2,2,0
A-,all_units,full_gt,dev9_ref,6.137918871850989,1.8781299865370409,10.397707757164937,4,2,2,0
A-,all_units,full_gt,severe_ref3,0.5,0.0,1.0,4,2,2,0
A-,all_units,full_self,amplification,0.5,0.0,1.0,4,2,2,0
A-,all_units,full_self,amp2,0.5,0.0,1.0,4,2,2,0
A-,all_units,full_self,amp4,0.5,0.0,1.0,4,2,2,0
A-,all_units,full_self,fde5,6.525763625948785,2.0551402505265783,10.99638700137099,4,2,2,0
A-,all_units,full_self,dev9_ref,1.0464863616192188,0.8572518994144422,1.2357208238239954,4,2,2,0
A-,all_units,full_self,severe_ref3,0.0,0.0,0.0,4,2,2,0
A-,all_units,normal,amplification,0.25,0.0,0.5,4,2,2,0
A-,all_units,normal,amp2,0.25,0.0,0.5,4,2,2,0
A-,all_units,normal,amp4,0.25,0.0,0.5,4,2,2,0
A-,all_units,normal,fde5,4.137066570032257,1.1474905379854201,7.1266426020790945,4,2,2,0
A-,all_units,normal,dev9_ref,3.267228284950355,2.2354219692555244,4.299034600645186,4,2,2,0
A-,all_units,normal,severe_ref3,0.25,0.0,0.5,4,2,2,0
A-,all_units,recent_gt,amplification,0.0,0.0,0.0,4,2,2,0
A-,all_units,recent_gt,amp2,0.0,0.0,0.0,4,2,2,0
A-,all_units,recent_gt,amp4,0.0,0.0,0.0,4,2,2,0
A-,all_units,recent_gt,fde5,1.7071702414447416,1.5619440804176647,1.8523964024718185,4,2,2,0
A-,all_units,recent_gt,dev9_ref,6.19959697895952,2.071330235790929,10.32786372212811,4,2,2,0
A-,all_units,recent_gt,severe_ref3,0.5,0.0,1.0,4,2,2,0
A-,all_units,recent_self,amplification,0.5,0.0,1.0,4,2,2,0
A-,all_units,recent_self,amp2,0.75,0.5,1.0,4,2,2,0
A-,all_units,recent_self,amp4,0.5,0.0,1.0,4,2,2,0
A-,all_units,recent_self,fde5,6.397614382696727,1.8248297298870395,10.970399035506414,4,2,2,0
A-,all_units,recent_self,dev9_ref,1.1103913901263454,0.7997316000592021,1.4210511801934886,4,2,2,0
A-,all_units,recent_self,severe_ref3,0.0,0.0,0.0,4,2,2,0
