group,common_tstar_le2,condition,pose,scene_mean_err_gt,scene_mean_dev_ref,n_scenes
A-,False,P_gt_s1_w1,0,0.05539214779017596,0.0,1
A-,False,P_gt_s1_w1,1,0.09816861100280815,0.0,1
A-,False,P_gt_s1_w1,2,0.03814060405752426,0.0,1
A-,False,P_gt_s1_w1,3,0.19318100116911796,0.036366650014127054,1
A-,False,P_gt_s1_w1,4,0.612149723466919,0.2595164364626049,1
A-,False,P_gt_s1_w1,5,0.801685146991756,1.2452978973028954,1
A-,False,P_gt_s1_w1,6,1.0532742416976457,2.7186574914969523,1
A-,False,P_gt_s1_w1,7,1.3245347864159687,4.591611325313254,1
A-,False,P_gt_s1_w1,8,1.751902686012699,6.744257217410527,1
A-,False,P_gt_s1_w1,9,2.4320811225502696,9.207076840216832,1
A-,False,P_gt_s1_w2,0,0.05539214779017596,0.0,1
A-,False,P_gt_s1_w2,1,0.09816861100280815,0.0,1
A-,False,P_gt_s1_w2,2,0.03814060405752426,0.0,1
A-,False,P_gt_s1_w2,3,0.19318100116911796,0.036366650014127054,1
A-,False,P_gt_s1_w2,4,0.612149723466919,0.2595164364626049,1
A-,False,P_gt_s1_w2,5,0.801685146991756,1.2452978973028954,1
A-,False,P_gt_s1_w2,6,1.0532742416976457,2.7186574914969523,1
A-,False,P_gt_s1_w2,7,1.3245347864159687,4.591611325313254,1
A-,False,P_gt_s1_w2,8,1.751902686012699,6.744257217410527,1
A-,False,P_gt_s1_w2,9,2.4320811225502696,9.207076840216832,1
A-,False,P_gt_s1_w3,0,0.05539214779017596,0.0,1
A-,False,P_gt_s1_w3,1,0.09816861100280815,0.0,1
A-,False,P_gt_s1_w3,2,0.03814060405752426,0.0,1
A-,False,P_gt_s1_w3,3,0.19318100116911796,0.036366650014127054,1
A-,False,P_gt_s1_w3,4,0.612149723466919,0.2595164364626049,1
A-,False,P_gt_s1_w3,5,0.801685146991756,1.2452978973028954,1
A-,False,P_gt_s1_w3,6,1.0532742416976457,2.7186574914969523,1
A-,False,P_gt_s1_w3,7,1.1369884122678964,4.787171260059825,1
A-,False,P_gt_s1_w3,8,1.2826549686341535,7.203509674871402,1
A-,False,P_gt_s1_w3,9,1.4499793598214405,10.104095157905775,1
A-,False,P_gt_s2_w1,0,0.05539214779017596,0.0,1
A-,False,P_gt_s2_w1,1,0.09816861100280815,0.0,1
A-,False,P_gt_s2_w1,2,0.03814060405752426,0.0,1
A-,False,P_gt_s2_w1,3,0.19318100116911796,0.036366650014127054,1
A-,False,P_gt_s2_w1,4,0.612149723466919,0.2595164364626049,1
A-,False,P_gt_s2_w1,5,1.3598468312350527,0.6597523093178606,1
A-,False,P_gt_s2_w1,6,1.6888447304418293,2.100760268551159,1
A-,False,P_gt_s2_w1,7,2.1364144670758916,3.8812181027063786,1
A-,False,P_gt_s2_w1,8,2.6916411604116717,6.035814437354617,1
A-,False,P_gt_s2_w1,9,3.5555960954111727,8.399804522971918,1
A-,False,P_gt_s2_w2,0,0.05539214779017596,0.0,1
A-,False,P_gt_s2_w2,1,0.09816861100280815,0.0,1
A-,False,P_gt_s2_w2,2,0.03814060405752426,0.0,1
A-,False,P_gt_s2_w2,3,0.19318100116911796,0.036366650014127054,1
A-,False,P_gt_s2_w2,4,0.612149723466919,0.2595164364626049,1
A-,False,P_gt_s2_w2,5,1.3598468312350527,0.6597523093178606,1
A-,False,P_gt_s2_w2,6,1.6888447304418293,2.100760268551159,1
A-,False,P_gt_s2_w2,7,1.9218347334944723,4.171216893736547,1
A-,False,P_gt_s2_w2,8,2.214173377000695,6.668411634051349,1
A-,False,P_gt_s2_w2,9,2.562482227922896,9.598173056523539,1
A-,False,P_gt_s2_w3,0,0.05539214779017596,0.0,1
A-,False,P_gt_s2_w3,1,0.09816861100280815,0.0,1
A-,False,P_gt_s2_w3,2,0.03814060405752426,0.0,1
A-,False,P_gt_s2_w3,3,0.19318100116911796,0.036366650014127054,1
A-,False,P_gt_s2_w3,4,0.612149723466919,0.2595164364626049,1
A-,False,P_gt_s2_w3,5,1.3598468312350527,0.6597523093178606,1
A-,False,P_gt_s2_w3,6,1.6888447304418293,2.100760268551159,1
A-,False,P_gt_s2_w3,7,1.9218347334944723,4.171216893736547,1
A-,False,P_gt_s2_w3,8,2.21126229639727,6.652201599007714,1
A-,False,P_gt_s2_w3,9,2.548774366224042,9.581490728941196,1
A-,False,P_gt_s3_w1,0,0.05539214779017596,0.0,1
A-,False,P_gt_s3_w1,1,0.09816861100280815,0.0,1
A-,False,P_gt_s3_w1,2,0.03814060405752426,0.0,1
A-,False,P_gt_s3_w1,3,0.19318100116911796,0.036366650014127054,1
A-,False,P_gt_s3_w1,4,0.612149723466919,0.2595164364626049,1
A-,False,P_gt_s3_w1,5,1.3598468312350527,0.6597523093178606,1
A-,False,P_gt_s3_w1,6,2.4205944065930853,1.2724939255658552,1
A-,False,P_gt_s3_w1,7,2.647676751620494,3.2995337833198417,1
A-,False,P_gt_s3_w1,8,2.9309169337050878,5.7674799554349665,1
A-,False,P_gt_s3_w1,9,3.2275321027815584,8.75757339706513,1
A-,False,P_gt_s3_w2,0,0.05539214779017596,0.0,1
A-,False,P_gt_s3_w2,1,0.09816861100280815,0.0,1
A-,False,P_gt_s3_w2,2,0.03814060405752426,0.0,1
A-,False,P_gt_s3_w2,3,0.19318100116911796,0.036366650014127054,1
A-,False,P_gt_s3_w2,4,0.612149723466919,0.2595164364626049,1
A-,False,P_gt_s3_w2,5,1.3598468312350527,0.6597523093178606,1
A-,False,P_gt_s3_w2,6,2.4205944065930853,1.2724939255658552,1
A-,False,P_gt_s3_w2,7,2.647676751620494,3.2995337833198417,1
A-,False,P_gt_s3_w2,8,3.148743786762088,5.520313893423076,1
A-,False,P_gt_s3_w2,9,3.8102629793413163,8.041398779988217,1
A-,False,P_gt_s3_w3,0,0.05539214779017596,0.0,1
A-,False,P_gt_s3_w3,1,0.09816861100280815,0.0,1
A-,False,P_gt_s3_w3,2,0.03814060405752426,0.0,1
A-,False,P_gt_s3_w3,3,0.19318100116911796,0.036366650014127054,1
A-,False,P_gt_s3_w3,4,0.612149723466919,0.2595164364626049,1
A-,False,P_gt_s3_w3,5,1.3598468312350527,0.6597523093178606,1
A-,False,P_gt_s3_w3,6,2.4205944065930853,1.2724939255658552,1
A-,False,P_gt_s3_w3,7,2.647676751620494,3.2995337833198417,1
A-,False,P_gt_s3_w3,8,3.148743786762088,5.520313893423076,1
A-,False,P_gt_s3_w3,9,3.4169036301087687,8.473236538961642,1
A-,False,P_gt_s4_w1,0,0.05539214779017596,0.0,1
A-,False,P_gt_s4_w1,1,0.09816861100280815,0.0,1
A-,False,P_gt_s4_w1,2,0.03814060405752426,0.0,1
A-,False,P_gt_s4_w1,3,0.19318100116911796,0.036366650014127054,1
A-,False,P_gt_s4_w1,4,0.612149723466919,0.2595164364626049,1
A-,False,P_gt_s4_w1,5,1.3598468312350527,0.6597523093178606,1
A-,False,P_gt_s4_w1,6,2.4205944065930853,1.2724939255658552,1
A-,False,P_gt_s4_w1,7,3.740133689277313,2.044106805407682,1
A-,False,P_gt_s4_w1,8,3.9769857948746408,4.466732370820454,1
A-,False,P_gt_s4_w1,9,4.226391847475963,7.3718058061072576,1
A-,False,P_gt_s4_w2,0,0.05539214779017596,0.0,1
A-,False,P_gt_s4_w2,1,0.09816861100280815,0.0,1
A-,False,P_gt_s4_w2,2,0.03814060405752426,0.0,1
A-,False,P_gt_s4_w2,3,0.19318100116911796,0.036366650014127054,1
A-,False,P_gt_s4_w2,4,0.612149723466919,0.2595164364626049,1
A-,False,P_gt_s4_w2,5,1.3598468312350527,0.6597523093178606,1
A-,False,P_gt_s4_w2,6,2.4205944065930853,1.2724939255658552,1
A-,False,P_gt_s4_w2,7,3.740133689277313,2.044106805407682,1
A-,False,P_gt_s4_w2,8,3.9769857948746408,4.466732370820454,1
A-,False,P_gt_s4_w2,9,4.175293074384724,7.432512259397548,1
A-,False,P_gt_s4_w3,0,0.05539214779017596,0.0,1
A-,False,P_gt_s4_w3,1,0.09816861100280815,0.0,1
A-,False,P_gt_s4_w3,2,0.03814060405752426,0.0,1
A-,False,P_gt_s4_w3,3,0.19318100116911796,0.036366650014127054,1
A-,False,P_gt_s4_w3,4,0.612149723466919,0.2595164364626049,1
A-,False,P_gt_s4_w3,5,1.3598468312350527,0.6597523093178606,1
A-,False,P_gt_s4_w3,6,2.4205944065930853,1.2724939255658552,1
A-,False,P_gt_s4_w3,7,3.740133689277313,2.044106805407682,1
A-,False,P_gt_s4_w3,8,3.9769857948746408,4.466732370820454,1
A-,False,P_gt_s4_w3,9,4.175293074384724,7.432512259397548,1
A-,False,P_self_s1_w1,0,0.05539214779017596,0.0,1
A-,False,P_self_s1_w1,1,0.09816861100280815,0.0,1
A-,False,P_self_s1_w1,2,0.03814060405752426,0.0,1
A-,False,P_self_s1_w1,3,0.19318100116911796,0.036366650014127054,1
A-,False,P_self_s1_w1,4,0.612149723466919,0.2595164364626049,1
A-,False,P_self_s1_w1,5,1.7010891046640295,0.29884345934661166,1
A-,False,P_self_s1_w1,6,3.282754348595318,0.41954518908009086,1
A-,False,P_self_s1_w1,7,5.378089261430956,0.49148386755060347,1
A-,False,P_self_s1_w1,8,7.980401423278455,0.5367967407734523,1
A-,False,P_self_s1_w1,9,11.07672694801104,0.5788894710987598,1
A-,False,P_self_s1_w2,0,0.05539214779017596,0.0,1
A-,False,P_self_s1_w2,1,0.09816861100280815,0.0,1
A-,False,P_self_s1_w2,2,0.03814060405752426,0.0,1
A-,False,P_self_s1_w2,3,0.19318100116911796,0.036366650014127054,1
A-,False,P_self_s1_w2,4,0.612149723466919,0.2595164364626049,1
A-,False,P_self_s1_w2,5,1.7010891046640295,0.29884345934661166,1
A-,False,P_self_s1_w2,6,3.2973355215164046,0.4850769686194133,1
A-,False,P_self_s1_w2,7,5.36252311714142,0.7202529648472468,1
A-,False,P_self_s1_w2,8,7.9707318700726155,0.9924231997918035,1
A-,False,P_self_s1_w2,9,11.061353113565742,1.2926397990570513,1
A-,False,P_self_s1_w3,0,0.05539214779017596,0.0,1
A-,False,P_self_s1_w3,1,0.09816861100280815,0.0,1
A-,False,P_self_s1_w3,2,0.03814060405752426,0.0,1
A-,False,P_self_s1_w3,3,0.19318100116911796,0.036366650014127054,1
A-,False,P_self_s1_w3,4,0.612149723466919,0.2595164364626049,1
A-,False,P_self_s1_w3,5,1.7010891046640295,0.29884345934661166,1
A-,False,P_self_s1_w3,6,3.2973355215164046,0.4850769686194133,1
A-,False,P_self_s1_w3,7,5.36252311714142,0.7202529648472468,1
A-,False,P_self_s1_w3,8,7.920740328500297,0.9708857360176337,1
A-,False,P_self_s1_w3,9,10.99638700137099,1.2357208238239954,1
A-,False,P_self_s2_w1,0,0.05539214779017596,0.0,1
A-,False,P_self_s2_w1,1,0.09816861100280815,0.0,1
A-,False,P_self_s2_w1,2,0.03814060405752426,0.0,1
A-,False,P_self_s2_w1,3,0.19318100116911796,0.036366650014127054,1
A-,False,P_self_s2_w1,4,0.612149723466919,0.2595164364626049,1
A-,False,P_self_s2_w1,5,1.3598468312350527,0.6597523093178606,1
A-,False,P_self_s2_w1,6,2.8393153072800916,0.8203988880480643,1
A-,False,P_self_s2_w1,7,4.864622946572769,0.8845200053431517,1
A-,False,P_self_s2_w1,8,7.349633252150437,0.9975325138942839,1
A-,False,P_self_s2_w1,9,10.286805004655637,1.1693126262908704,1
A-,False,P_self_s2_w2,0,0.05539214779017596,0.0,1
A-,False,P_self_s2_w2,1,0.09816861100280815,0.0,1
A-,False,P_self_s2_w2,2,0.03814060405752426,0.0,1
A-,False,P_self_s2_w2,3,0.19318100116911796,0.036366650014127054,1
A-,False,P_self_s2_w2,4,0.612149723466919,0.2595164364626049,1
A-,False,P_self_s2_w2,5,1.3598468312350527,0.6597523093178606,1
A-,False,P_self_s2_w2,6,2.8393153072800916,0.8203988880480643,1
A-,False,P_self_s2_w2,7,4.932852124721147,0.8188643810981461,1
A-,False,P_self_s2_w2,8,7.5160170513787765,0.8172499671229715,1
A-,False,P_self_s2_w2,9,10.60606311772145,0.815532383539123,1
A-,False,P_self_s2_w3,0,0.05539214779017596,0.0,1
A-,False,P_self_s2_w3,1,0.09816861100280815,0.0,1
A-,False,P_self_s2_w3,2,0.03814060405752426,0.0,1
A-,False,P_self_s2_w3,3,0.19318100116911796,0.036366650014127054,1
A-,False,P_self_s2_w3,4,0.612149723466919,0.2595164364626049,1
A-,False,P_self_s2_w3,5,1.3598468312350527,0.6597523093178606,1
A-,False,P_self_s2_w3,6,2.8393153072800916,0.8203988880480643,1
A-,False,P_self_s2_w3,7,4.932852124721147,0.8188643810981461,1
A-,False,P_self_s2_w3,8,7.5160170513787765,0.8172499671229715,1
A-,False,P_self_s2_w3,9,10.60606311772145,0.815532383539123,1
A-,False,P_self_s3_w1,0,0.05539214779017596,0.0,1
A-,False,P_self_s3_w1,1,0.09816861100280815,0.0,1
A-,False,P_self_s3_w1,2,0.03814060405752426,0.0,1
A-,False,P_self_s3_w1,3,0.19318100116911796,0.036366650014127054,1
A-,False,P_self_s3_w1,4,0.612149723466919,0.2595164364626049,1
A-,False,P_self_s3_w1,5,1.3598468312350527,0.6597523093178606,1
A-,False,P_self_s3_w1,6,2.4205944065930853,1.2724939255658552,1
A-,False,P_self_s3_w1,7,4.35914368022308,1.3909055444681524,1
A-,False,P_self_s3_w1,8,6.82640773834428,1.5398049595849783,1
A-,False,P_self_s3_w1,9,9.709677228972856,1.7926407677503327,1
A-,False,P_self_s3_w2,0,0.05539214779017596,0.0,1
A-,False,P_self_s3_w2,1,0.09816861100280815,0.0,1
A-,False,P_self_s3_w2,2,0.03814060405752426,0.0,1
A-,False,P_self_s3_w2,3,0.19318100116911796,0.036366650014127054,1
A-,False,P_self_s3_w2,4,0.612149723466919,0.2595164364626049,1
A-,False,P_self_s3_w2,5,1.3598468312350527,0.6597523093178606,1
A-,False,P_self_s3_w2,6,2.4205944065930853,1.2724939255658552,1
A-,False,P_self_s3_w2,7,4.35914368022308,1.3909055444681524,1
A-,False,P_self_s3_w2,8,6.863093971880842,1.5307785402965706,1
A-,False,P_self_s3_w2,9,9.879749263758626,1.7340765510129617,1
A-,False,P_self_s3_w3,0,0.05539214779017596,0.0,1
A-,False,P_self_s3_w3,1,0.09816861100280815,0.0,1
A-,False,P_self_s3_w3,2,0.03814060405752426,0.0,1
A-,False,P_self_s3_w3,3,0.19318100116911796,0.036366650014127054,1
A-,False,P_self_s3_w3,4,0.612149723466919,0.2595164364626049,1
A-,False,P_self_s3_w3,5,1.3598468312350527,0.6597523093178606,1
A-,False,P_self_s3_w3,6,2.4205944065930853,1.2724939255658552,1
A-,False,P_self_s3_w3,7,4.35914368022308,1.3909055444681524,1
A-,False,P_self_s3_w3,8,6.863093971880842,1.5307785402965706,1
A-,False,P_self_s3_w3,9,9.919937160453458,1.7017201917816145,1
A-,False,P_self_s4_w1,0,0.05539214779017596,0.0,1
A-,False,P_self_s4_w1,1,0.09816861100280815,0.0,1
A-,False,P_self_s4_w1,2,0.03814060405752426,0.0,1
A-,False,P_self_s4_w1,3,0.19318100116911796,0.036366650014127054,1
A-,False,P_self_s4_w1,4,0.612149723466919,0.2595164364626049,1
A-,False,P_self_s4_w1,5,1.3598468312350527,0.6597523093178606,1
A-,False,P_self_s4_w1,6,2.4205944065930853,1.2724939255658552,1
A-,False,P_self_s4_w1,7,3.740133689277313,2.044106805407682,1
A-,False,P_self_s4_w1,8,4.91848449485575,3.579163839468689,1
A-,False,P_self_s4_w1,9,6.4160426541821645,5.406059507941183,1
A-,False,P_self_s4_w2,0,0.05539214779017596,0.0,1
A-,False,P_self_s4_w2,1,0.09816861100280815,0.0,1
A-,False,P_self_s4_w2,2,0.03814060405752426,0.0,1
A-,False,P_self_s4_w2,3,0.19318100116911796,0.036366650014127054,1
A-,False,P_self_s4_w2,4,0.612149723466919,0.2595164364626049,1
A-,False,P_self_s4_w2,5,1.3598468312350527,0.6597523093178606,1
A-,False,P_self_s4_w2,6,2.4205944065930853,1.2724939255658552,1
A-,False,P_self_s4_w2,7,3.740133689277313,2.044106805407682,1
A-,False,P_self_s4_w2,8,4.91848449485575,3.579163839468689,1
A-,False,P_self_s4_w2,9,7.700137568589163,3.734330704352288,1
A-,False,P_self_s4_w3,0,0.05539214779017596,0.0,1
A-,False,P_self_s4_w3,1,0.09816861100280815,0.0,1
A-,False,P_self_s4_w3,2,0.03814060405752426,0.0,1
A-,False,P_self_s4_w3,3,0.19318100116911796,0.036366650014127054,1
A-,False,P_self_s4_w3,4,0.612149723466919,0.2595164364626049,1
A-,False,P_self_s4_w3,5,1.3598468312350527,0.6597523093178606,1
A-,False,P_self_s4_w3,6,2.4205944065930853,1.2724939255658552,1
A-,False,P_self_s4_w3,7,3.740133689277313,2.044106805407682,1
A-,False,P_self_s4_w3,8,4.91848449485575,3.579163839468689,1
A-,False,P_self_s4_w3,9,7.700137568589163,3.734330704352288,1
A-,False,T_gt_s1_w1,0,0.05539214779017596,0.0,1
A-,False,T_gt_s1_w1,1,0.09816861100280815,0.0,1
A-,False,T_gt_s1_w1,2,0.03814060405752426,0.0,1
A-,False,T_gt_s1_w1,3,0.19318100116911796,0.036366650014127054,1
A-,False,T_gt_s1_w1,4,0.612149723466919,0.2595164364626049,1
A-,False,T_gt_s1_w1,5,0.801685146991756,1.2452978973028954,1
A-,False,T_gt_s1_w1,6,1.0532742416976457,2.7186574914969523,1
A-,False,T_gt_s1_w1,7,1.4462619613362475,4.526744840984671,1
A-,False,T_gt_s1_w1,8,1.9800949675594168,6.715978254620875,1
A-,False,T_gt_s1_w1,9,2.8348312122164874,9.117884486116344,1
A-,False,T_gt_s1_w2,0,0.05539214779017596,0.0,1
A-,False,T_gt_s1_w2,1,0.09816861100280815,0.0,1
A-,False,T_gt_s1_w2,2,0.03814060405752426,0.0,1
A-,False,T_gt_s1_w2,3,0.19318100116911796,0.036366650014127054,1
A-,False,T_gt_s1_w2,4,0.612149723466919,0.2595164364626049,1
A-,False,T_gt_s1_w2,5,0.801685146991756,1.2452978973028954,1
A-,False,T_gt_s1_w2,6,1.0532742416976457,2.7186574914969523,1
A-,False,T_gt_s1_w2,7,1.4462619613362475,4.526744840984671,1
A-,False,T_gt_s1_w2,8,1.9800949675594168,6.715978254620875,1
A-,False,T_gt_s1_w2,9,2.8348312122164874,9.117884486116344,1
A-,False,T_gt_s1_w3,0,0.05539214779017596,0.0,1
A-,False,T_gt_s1_w3,1,0.09816861100280815,0.0,1
A-,False,T_gt_s1_w3,2,0.03814060405752426,0.0,1
A-,False,T_gt_s1_w3,3,0.19318100116911796,0.036366650014127054,1
A-,False,T_gt_s1_w3,4,0.612149723466919,0.2595164364626049,1
A-,False,T_gt_s1_w3,5,0.801685146991756,1.2452978973028954,1
A-,False,T_gt_s1_w3,6,1.0532742416976457,2.7186574914969523,1
A-,False,T_gt_s1_w3,7,1.2060379877522125,4.80200084921613,1
A-,False,T_gt_s1_w3,8,1.375317748768689,7.376330309553625,1
A-,False,T_gt_s1_w3,9,1.591170506309652,10.357415469511384,1
A-,False,T_gt_s2_w1,0,0.05539214779017596,0.0,1
A-,False,T_gt_s2_w1,1,0.09816861100280815,0.0,1
A-,False,T_gt_s2_w1,2,0.03814060405752426,0.0,1
A-,False,T_gt_s2_w1,3,0.19318100116911796,0.036366650014127054,1
A-,False,T_gt_s2_w1,4,0.612149723466919,0.2595164364626049,1
A-,False,T_gt_s2_w1,5,1.3598468312350527,0.6597523093178606,1
A-,False,T_gt_s2_w1,6,1.6888447304418293,2.100760268551159,1
A-,False,T_gt_s2_w1,7,2.170091612045851,3.8368131475391105,1
A-,False,T_gt_s2_w1,8,2.6476766887961865,6.06596730737421,1
A-,False,T_gt_s2_w1,9,3.153880255794105,8.839384110451508,1
A-,False,T_gt_s2_w2,0,0.05539214779017596,0.0,1
A-,False,T_gt_s2_w2,1,0.09816861100280815,0.0,1
A-,False,T_gt_s2_w2,2,0.03814060405752426,0.0,1
A-,False,T_gt_s2_w2,3,0.19318100116911796,0.036366650014127054,1
A-,False,T_gt_s2_w2,4,0.612149723466919,0.2595164364626049,1
A-,False,T_gt_s2_w2,5,1.3598468312350527,0.6597523093178606,1
A-,False,T_gt_s2_w2,6,1.6888447304418293,2.100760268551159,1
A-,False,T_gt_s2_w2,7,1.9555118784644319,4.126811938569279,1
A-,False,T_gt_s2_w2,8,2.280623773232226,6.546918882072699,1
A-,False,T_gt_s2_w2,9,2.581451059268722,9.529118329062484,1
A-,False,T_gt_s2_w3,0,0.05539214779017596,0.0,1
A-,False,T_gt_s2_w3,1,0.09816861100280815,0.0,1
A-,False,T_gt_s2_w3,2,0.03814060405752426,0.0,1
A-,False,T_gt_s2_w3,3,0.19318100116911796,0.036366650014127054,1
A-,False,T_gt_s2_w3,4,0.612149723466919,0.2595164364626049,1
A-,False,T_gt_s2_w3,5,1.3598468312350527,0.6597523093178606,1
A-,False,T_gt_s2_w3,6,1.6888447304418293,2.100760268551159,1
A-,False,T_gt_s2_w3,7,1.9555118784644319,4.126811938569279,1
A-,False,T_gt_s2_w3,8,2.461932913111492,6.299286050900369,1
A-,False,T_gt_s2_w3,9,3.091993293781097,8.84690203153934,1
A-,False,T_gt_s3_w1,0,0.05539214779017596,0.0,1
A-,False,T_gt_s3_w1,1,0.09816861100280815,0.0,1
A-,False,T_gt_s3_w1,2,0.03814060405752426,0.0,1
A-,False,T_gt_s3_w1,3,0.19318100116911796,0.036366650014127054,1
A-,False,T_gt_s3_w1,4,0.612149723466919,0.2595164364626049,1
A-,False,T_gt_s3_w1,5,1.3598468312350527,0.6597523093178606,1
A-,False,T_gt_s3_w1,6,2.4205944065930853,1.2724939255658552,1
A-,False,T_gt_s3_w1,7,2.647676751620494,3.2995337833198417,1
A-,False,T_gt_s3_w1,8,2.847691372812835,5.804404088746034,1
A-,False,T_gt_s3_w1,9,3.129883400083791,8.70343670894139,1
A-,False,T_gt_s3_w2,0,0.05539214779017596,0.0,1
A-,False,T_gt_s3_w2,1,0.09816861100280815,0.0,1
A-,False,T_gt_s3_w2,2,0.03814060405752426,0.0,1
A-,False,T_gt_s3_w2,3,0.19318100116911796,0.036366650014127054,1
A-,False,T_gt_s3_w2,4,0.612149723466919,0.2595164364626049,1
A-,False,T_gt_s3_w2,5,1.3598468312350527,0.6597523093178606,1
A-,False,T_gt_s3_w2,6,2.4205944065930853,1.2724939255658552,1
A-,False,T_gt_s3_w2,7,2.647676751620494,3.2995337833198417,1
A-,False,T_gt_s3_w2,8,2.9313106562510853,5.714168514551991,1
A-,False,T_gt_s3_w2,9,3.200230488518317,8.654790956324522,1
A-,False,T_gt_s3_w3,0,0.05539214779017596,0.0,1
A-,False,T_gt_s3_w3,1,0.09816861100280815,0.0,1
A-,False,T_gt_s3_w3,2,0.03814060405752426,0.0,1
A-,False,T_gt_s3_w3,3,0.19318100116911796,0.036366650014127054,1
A-,False,T_gt_s3_w3,4,0.612149723466919,0.2595164364626049,1
A-,False,T_gt_s3_w3,5,1.3598468312350527,0.6597523093178606,1
A-,False,T_gt_s3_w3,6,2.4205944065930853,1.2724939255658552,1
A-,False,T_gt_s3_w3,7,2.647676751620494,3.2995337833198417,1
A-,False,T_gt_s3_w3,8,2.9313106562510853,5.714168514551991,1
A-,False,T_gt_s3_w3,9,3.167896619776413,8.674891558545527,1
A-,False,T_gt_s4_w1,0,0.05539214779017596,0.0,1
A-,False,T_gt_s4_w1,1,0.09816861100280815,0.0,1
A-,False,T_gt_s4_w1,2,0.03814060405752426,0.0,1
A-,False,T_gt_s4_w1,3,0.19318100116911796,0.036366650014127054,1
A-,False,T_gt_s4_w1,4,0.612149723466919,0.2595164364626049,1
A-,False,T_gt_s4_w1,5,1.3598468312350527,0.6597523093178606,1
A-,False,T_gt_s4_w1,6,2.4205944065930853,1.2724939255658552,1
A-,False,T_gt_s4_w1,7,3.740133689277313,2.044106805407682,1
A-,False,T_gt_s4_w1,8,3.9769857948746408,4.466732370820454,1
A-,False,T_gt_s4_w1,9,4.389889057926632,7.16848259224249,1
A-,False,T_gt_s4_w2,0,0.05539214779017596,0.0,1
A-,False,T_gt_s4_w2,1,0.09816861100280815,0.0,1
A-,False,T_gt_s4_w2,2,0.03814060405752426,0.0,1
A-,False,T_gt_s4_w2,3,0.19318100116911796,0.036366650014127054,1
A-,False,T_gt_s4_w2,4,0.612149723466919,0.2595164364626049,1
A-,False,T_gt_s4_w2,5,1.3598468312350527,0.6597523093178606,1
A-,False,T_gt_s4_w2,6,2.4205944065930853,1.2724939255658552,1
A-,False,T_gt_s4_w2,7,3.740133689277313,2.044106805407682,1
A-,False,T_gt_s4_w2,8,3.9769857948746408,4.466732370820454,1
A-,False,T_gt_s4_w2,9,4.40784230488897,7.178831782233787,1
A-,False,T_gt_s4_w3,0,0.05539214779017596,0.0,1
A-,False,T_gt_s4_w3,1,0.09816861100280815,0.0,1
A-,False,T_gt_s4_w3,2,0.03814060405752426,0.0,1
A-,False,T_gt_s4_w3,3,0.19318100116911796,0.036366650014127054,1
A-,False,T_gt_s4_w3,4,0.612149723466919,0.2595164364626049,1
A-,False,T_gt_s4_w3,5,1.3598468312350527,0.6597523093178606,1
A-,False,T_gt_s4_w3,6,2.4205944065930853,1.2724939255658552,1
A-,False,T_gt_s4_w3,7,3.740133689277313,2.044106805407682,1
A-,False,T_gt_s4_w3,8,3.9769857948746408,4.466732370820454,1
A-,False,T_gt_s4_w3,9,4.40784230488897,7.178831782233787,1
A-,False,T_self_s1_w1,0,0.05539214779017596,0.0,1
A-,False,T_self_s1_w1,1,0.09816861100280815,0.0,1
A-,False,T_self_s1_w1,2,0.03814060405752426,0.0,1
A-,False,T_self_s1_w1,3,0.19318100116911796,0.036366650014127054,1
A-,False,T_self_s1_w1,4,0.612149723466919,0.2595164364626049,1
A-,False,T_self_s1_w1,5,1.7010891046640295,0.29884345934661166,1
A-,False,T_self_s1_w1,6,2.74359405111269,0.9038939968150305,1
A-,False,T_self_s1_w1,7,3.966771746211699,1.805354058129319,1
A-,False,T_self_s1_w1,8,5.507410443688476,2.937571796860205,1
A-,False,T_self_s1_w1,9,7.418775633733197,4.283086301366839,1
A-,False,T_self_s1_w2,0,0.05539214779017596,0.0,1
A-,False,T_self_s1_w2,1,0.09816861100280815,0.0,1
A-,False,T_self_s1_w2,2,0.03814060405752426,0.0,1
A-,False,T_self_s1_w2,3,0.19318100116911796,0.036366650014127054,1
A-,False,T_self_s1_w2,4,0.612149723466919,0.2595164364626049,1
A-,False,T_self_s1_w2,5,1.7010891046640295,0.29884345934661166,1
A-,False,T_self_s1_w2,6,3.191495758698398,0.48459465166776233,1
A-,False,T_self_s1_w2,7,5.118702794341835,0.727480300098394,1
A-,False,T_self_s1_w2,8,7.520451100188141,1.1068827811272517,1
A-,False,T_self_s1_w2,9,10.394874886830236,1.580105285679487,1
A-,False,T_self_s1_w3,0,0.05539214779017596,0.0,1
A-,False,T_self_s1_w3,1,0.09816861100280815,0.0,1
A-,False,T_self_s1_w3,2,0.03814060405752426,0.0,1
A-,False,T_self_s1_w3,3,0.19318100116911796,0.036366650014127054,1
A-,False,T_self_s1_w3,4,0.612149723466919,0.2595164364626049,1
A-,False,T_self_s1_w3,5,1.7010891046640295,0.29884345934661166,1
A-,False,T_self_s1_w3,6,3.191495758698398,0.48459465166776233,1
A-,False,T_self_s1_w3,7,5.28424066998642,0.5495644895960797,1
A-,False,T_self_s1_w3,8,7.824460477264793,0.6886644420552356,1
A-,False,T_self_s1_w3,9,10.856912144629149,0.8703223336457032,1
A-,False,T_self_s2_w1,0,0.05539214779017596,0.0,1
A-,False,T_self_s2_w1,1,0.09816861100280815,0.0,1
A-,False,T_self_s2_w1,2,0.03814060405752426,0.0,1
A-,False,T_self_s2_w1,3,0.19318100116911796,0.036366650014127054,1
A-,False,T_self_s2_w1,4,0.612149723466919,0.2595164364626049,1
A-,False,T_self_s2_w1,5,1.3598468312350527,0.6597523093178606,1
A-,False,T_self_s2_w1,6,2.8393153072800916,0.8203988880480643,1
A-,False,T_self_s2_w1,7,4.761061044656877,0.988089880641052,1
A-,False,T_self_s2_w1,8,7.2198967165915064,1.1494369784560823,1
A-,False,T_self_s2_w1,9,10.183269421482112,1.38345520524564,1
A-,False,T_self_s2_w2,0,0.05539214779017596,0.0,1
A-,False,T_self_s2_w2,1,0.09816861100280815,0.0,1
A-,False,T_self_s2_w2,2,0.03814060405752426,0.0,1
A-,False,T_self_s2_w2,3,0.19318100116911796,0.036366650014127054,1
A-,False,T_self_s2_w2,4,0.612149723466919,0.2595164364626049,1
A-,False,T_self_s2_w2,5,1.3598468312350527,0.6597523093178606,1
A-,False,T_self_s2_w2,6,2.8393153072800916,0.8203988880480643,1
A-,False,T_self_s2_w2,7,4.876089006281731,0.8787885579673006,1
A-,False,T_self_s2_w2,8,7.3791878938457405,0.9541730647403538,1
A-,False,T_self_s2_w2,9,10.41285907930487,1.012638124447724,1
A-,False,T_self_s2_w3,0,0.05539214779017596,0.0,1
A-,False,T_self_s2_w3,1,0.09816861100280815,0.0,1
A-,False,T_self_s2_w3,2,0.03814060405752426,0.0,1
A-,False,T_self_s2_w3,3,0.19318100116911796,0.036366650014127054,1
A-,False,T_self_s2_w3,4,0.612149723466919,0.2595164364626049,1
A-,False,T_self_s2_w3,5,1.3598468312350527,0.6597523093178606,1
A-,False,T_self_s2_w3,6,2.8393153072800916,0.8203988880480643,1
A-,False,T_self_s2_w3,7,4.876089006281731,0.8787885579673006,1
A-,False,T_self_s2_w3,8,7.4150147145164365,0.9183880681407228,1
A-,False,T_self_s2_w3,9,10.508608027498166,0.9215034497876294,1
A-,False,T_self_s3_w1,0,0.05539214779017596,0.0,1
A-,False,T_self_s3_w1,1,0.09816861100280815,0.0,1
A-,False,T_self_s3_w1,2,0.03814060405752426,0.0,1
A-,False,T_self_s3_w1,3,0.19318100116911796,0.036366650014127054,1
A-,False,T_self_s3_w1,4,0.612149723466919,0.2595164364626049,1
A-,False,T_self_s3_w1,5,1.3598468312350527,0.6597523093178606,1
A-,False,T_self_s3_w1,6,2.4205944065930853,1.2724939255658552,1
A-,False,T_self_s3_w1,7,4.35914368022308,1.3909055444681524,1
A-,False,T_self_s3_w1,8,6.826029262781594,1.5549151191966237,1
A-,False,T_self_s3_w1,9,9.759328684975792,1.820511841006878,1
A-,False,T_self_s3_w2,0,0.05539214779017596,0.0,1
A-,False,T_self_s3_w2,1,0.09816861100280815,0.0,1
A-,False,T_self_s3_w2,2,0.03814060405752426,0.0,1
A-,False,T_self_s3_w2,3,0.19318100116911796,0.036366650014127054,1
A-,False,T_self_s3_w2,4,0.612149723466919,0.2595164364626049,1
A-,False,T_self_s3_w2,5,1.3598468312350527,0.6597523093178606,1
A-,False,T_self_s3_w2,6,2.4205944065930853,1.2724939255658552,1
A-,False,T_self_s3_w2,7,4.35914368022308,1.3909055444681524,1
A-,False,T_self_s3_w2,8,5.480133398620092,2.8927107833422427,1
A-,False,T_self_s3_w2,9,6.8620092797021215,4.707119544918874,1
A-,False,T_self_s3_w3,0,0.05539214779017596,0.0,1
A-,False,T_self_s3_w3,1,0.09816861100280815,0.0,1
A-,False,T_self_s3_w3,2,0.03814060405752426,0.0,1
A-,False,T_self_s3_w3,3,0.19318100116911796,0.036366650014127054,1
A-,False,T_self_s3_w3,4,0.612149723466919,0.2595164364626049,1
A-,False,T_self_s3_w3,5,1.3598468312350527,0.6597523093178606,1
A-,False,T_self_s3_w3,6,2.4205944065930853,1.2724939255658552,1
A-,False,T_self_s3_w3,7,4.35914368022308,1.3909055444681524,1
A-,False,T_self_s3_w3,8,5.480133398620092,2.8927107833422427,1
A-,False,T_self_s3_w3,9,8.432694709246224,3.002267199294063,1
A-,False,T_self_s4_w1,0,0.05539214779017596,0.0,1
A-,False,T_self_s4_w1,1,0.09816861100280815,0.0,1
A-,False,T_self_s4_w1,2,0.03814060405752426,0.0,1
A-,False,T_self_s4_w1,3,0.19318100116911796,0.036366650014127054,1
A-,False,T_self_s4_w1,4,0.612149723466919,0.2595164364626049,1
A-,False,T_self_s4_w1,5,1.3598468312350527,0.6597523093178606,1
A-,False,T_self_s4_w1,6,2.4205944065930853,1.2724939255658552,1
A-,False,T_self_s4_w1,7,3.740133689277313,2.044106805407682,1
A-,False,T_self_s4_w1,8,4.91848449485575,3.579163839468689,1
A-,False,T_self_s4_w1,9,6.419924783038979,5.373112045482443,1
A-,False,T_self_s4_w2,0,0.05539214779017596,0.0,1
A-,False,T_self_s4_w2,1,0.09816861100280815,0.0,1
A-,False,T_self_s4_w2,2,0.03814060405752426,0.0,1
A-,False,T_self_s4_w2,3,0.19318100116911796,0.036366650014127054,1
A-,False,T_self_s4_w2,4,0.612149723466919,0.2595164364626049,1
A-,False,T_self_s4_w2,5,1.3598468312350527,0.6597523093178606,1
A-,False,T_self_s4_w2,6,2.4205944065930853,1.2724939255658552,1
A-,False,T_self_s4_w2,7,3.740133689277313,2.044106805407682,1
A-,False,T_self_s4_w2,8,4.91848449485575,3.579163839468689,1
A-,False,T_self_s4_w2,9,6.481424260243269,5.1362045035466615,1
A-,False,T_self_s4_w3,0,0.05539214779017596,0.0,1
A-,False,T_self_s4_w3,1,0.09816861100280815,0.0,1
A-,False,T_self_s4_w3,2,0.03814060405752426,0.0,1
A-,False,T_self_s4_w3,3,0.19318100116911796,0.036366650014127054,1
A-,False,T_self_s4_w3,4,0.612149723466919,0.2595164364626049,1
A-,False,T_self_s4_w3,5,1.3598468312350527,0.6597523093178606,1
A-,False,T_self_s4_w3,6,2.4205944065930853,1.2724939255658552,1
A-,False,T_self_s4_w3,7,3.740133689277313,2.044106805407682,1
A-,False,T_self_s4_w3,8,4.91848449485575,3.579163839468689,1
A-,False,T_self_s4_w3,9,6.481424260243269,5.1362045035466615,1
A-,False,full_gt,0,0.05539214779017596,0.0,1
A-,False,full_gt,1,0.09816861100280815,0.0,1
A-,False,full_gt,2,0.03814060405752426,0.0,1
A-,False,full_gt,3,0.19318100116911796,0.036366650014127054,1
A-,False,full_gt,4,0.612149723466919,0.2595164364626049,1
A-,False,full_gt,5,0.801685146991756,1.2452978973028954,1
A-,False,full_gt,6,1.0532742416976457,2.7186574914969523,1
A-,False,full_gt,7,1.1369884122678964,4.787171260059825,1
A-,False,full_gt,8,1.2135204171198464,7.3556641701253564,1
A-,False,full_gt,9,1.2919836653971963,10.397707757164937,1
A-,False,full_self,0,0.05539214779017596,0.0,1
A-,False,full_self,1,0.09816861100280815,0.0,1
A-,False,full_self,2,0.03814060405752426,0.0,1
A-,False,full_self,3,0.19318100116911796,0.036366650014127054,1
A-,False,full_self,4,0.612149723466919,0.2595164364626049,1
A-,False,full_self,5,1.7010891046640295,0.29884345934661166,1
A-,False,full_self,6,3.2973355215164046,0.4850769686194133,1
A-,False,full_self,7,5.36252311714142,0.7202529648472468,1
A-,False,full_self,8,7.920740328500297,0.9708857360176337,1
A-,False,full_self,9,10.99638700137099,1.2357208238239954,1
A-,False,normal,0,0.05539214779017596,0.0,1
A-,False,normal,1,0.09816861100280815,0.0,1
A-,False,normal,2,0.03814060405752426,0.0,1
A-,False,normal,3,0.19318100116911796,0.036366650014127054,1
A-,False,normal,4,0.612149723466919,0.2595164364626049,1
A-,False,normal,5,1.3598468312350527,0.6597523093178606,1
A-,False,normal,6,2.4205944065930853,1.2724939255658552,1
A-,False,normal,7,3.740133689277313,2.044106805407682,1
A-,False,normal,8,5.286254698462725,3.0510521657298804,1
A-,False,normal,9,7.1266426020790945,4.299034600645186,1
A-,False,recent_gt,0,0.05539214779017596,0.0,1
A-,False,recent_gt,1,0.09816861100280815,0.0,1
A-,False,recent_gt,2,0.03814060405752426,0.0,1
A-,False,recent_gt,3,0.19318100116911796,0.036366650014127054,1
A-,False,recent_gt,4,0.612149723466919,0.2595164364626049,1
A-,False,recent_gt,5,0.801685146991756,1.2452978973028954,1
A-,False,recent_gt,6,1.0532742416976457,2.7186574914969523,1
A-,False,recent_gt,7,1.2060379877522125,4.80200084921613,1
A-,False,recent_gt,8,1.3671388668522124,7.36267566881061,1
A-,False,recent_gt,9,1.5619440804176647,10.32786372212811,1
A-,False,recent_self,0,0.05539214779017596,0.0,1
A-,False,recent_self,1,0.09816861100280815,0.0,1
A-,False,recent_self,2,0.03814060405752426,0.0,1
A-,False,recent_self,3,0.19318100116911796,0.036366650014127054,1
A-,False,recent_self,4,0.612149723466919,0.2595164364626049,1
A-,False,recent_self,5,1.7010891046640295,0.29884345934661166,1
A-,False,recent_self,6,3.191495758698398,0.48459465166776233,1
A-,False,recent_self,7,5.28424066998642,0.5495644895960797,1
A-,False,recent_self,8,7.824460477264793,0.6886644420552356,1
A-,False,recent_self,9,10.970399035506414,0.7997316000592021,1
A-,True,P_gt_s1_w1,0,0.11401132207985869,0.0,1
A-,True,P_gt_s1_w1,1,0.15613739026254642,0.04498710438003319,1
A-,True,P_gt_s1_w1,2,0.3070758767038575,0.1059971921184708,1
A-,True,P_gt_s1_w1,3,0.37372066759595796,0.3002210124752523,1
A-,True,P_gt_s1_w1,4,0.5753256330161063,0.4742769954318449,1
A-,True,P_gt_s1_w1,5,0.9833878939098459,0.8344478213235571,1
A-,True,P_gt_s1_w1,6,1.4904223889566186,1.0478481065871796,1
A-,True,P_gt_s1_w1,7,2.0672259446534844,1.2976791073368534,1
A-,True,P_gt_s1_w1,8,2.805293592482716,1.5383978904472004,1
A-,True,P_gt_s1_w1,9,3.5317140058942726,1.7134065146175543,1
A-,True,P_gt_s1_w2,0,0.11401132207985869,0.0,1
A-,True,P_gt_s1_w2,1,0.15613739026254642,0.04498710438003319,1
A-,True,P_gt_s1_w2,2,0.3070758767038575,0.1059971921184708,1
A-,True,P_gt_s1_w2,3,0.37372066759595796,0.3002210124752523,1
A-,True,P_gt_s1_w2,4,0.5711279475229686,0.44322389883619356,1
A-,True,P_gt_s1_w2,5,0.8835588182060977,0.5911092830604613,1
A-,True,P_gt_s1_w2,6,1.3543690066750065,0.8505188750319039,1
A-,True,P_gt_s1_w2,7,1.8318601092825881,1.084183639561381,1
A-,True,P_gt_s1_w2,8,2.3646975206235323,1.4508365430021168,1
A-,True,P_gt_s1_w2,9,2.8850455420326258,1.963887910182083,1
A-,True,P_gt_s1_w3,0,0.11401132207985869,0.0,1
A-,True,P_gt_s1_w3,1,0.15613739026254642,0.04498710438003319,1
A-,True,P_gt_s1_w3,2,0.3070758767038575,0.1059971921184708,1
A-,True,P_gt_s1_w3,3,0.37372066759595796,0.3002210124752523,1
A-,True,P_gt_s1_w3,4,0.5711279475229686,0.44322389883619356,1
A-,True,P_gt_s1_w3,5,0.8991555319418973,0.6191136502626322,1
A-,True,P_gt_s1_w3,6,1.3795600416443938,0.8402359261576494,1
A-,True,P_gt_s1_w3,7,1.8593927912688182,0.9952854244769094,1
A-,True,P_gt_s1_w3,8,2.3816283404448475,1.1538063946503836,1
A-,True,P_gt_s1_w3,9,2.93621292325777,1.2647996044613845,1
A-,True,P_gt_s2_w1,0,0.11401132207985869,0.0,1
A-,True,P_gt_s2_w1,1,0.15613739026254642,0.04498710438003319,1
A-,True,P_gt_s2_w1,2,0.3070758767038575,0.1059971921184708,1
A-,True,P_gt_s2_w1,3,0.4639132390479951,0.3730784629707525,1
A-,True,P_gt_s2_w1,4,0.48882843348602883,0.5162544408488838,1
A-,True,P_gt_s2_w1,5,0.6645814774108795,0.75657526953785,1
A-,True,P_gt_s2_w1,6,1.0558900611742084,1.011642305807277,1
A-,True,P_gt_s2_w1,7,1.5679688651553305,1.3441315045084763,1
A-,True,P_gt_s2_w1,8,2.054096362439432,1.668097717991836,1
A-,True,P_gt_s2_w1,9,2.4838801151663743,1.992550162293966,1
A-,True,P_gt_s2_w2,0,0.11401132207985869,0.0,1
A-,True,P_gt_s2_w2,1,0.15613739026254642,0.04498710438003319,1
A-,True,P_gt_s2_w2,2,0.3070758767038575,0.1059971921184708,1
A-,True,P_gt_s2_w2,3,0.4639132390479951,0.3730784629707525,1
A-,True,P_gt_s2_w2,4,0.48882843348602883,0.5162544408488838,1
A-,True,P_gt_s2_w2,5,0.5379505039637831,0.5263206588058873,1
A-,True,P_gt_s2_w2,6,0.7834954118792719,0.6015424144777033,1
A-,True,P_gt_s2_w2,7,1.1118045797278198,0.6614674955640009,1
A-,True,P_gt_s2_w2,8,1.4119532008278561,0.7703573624858273,1
A-,True,P_gt_s2_w2,9,1.7825090412120934,0.9957805848134031,1
A-,True,P_gt_s2_w3,0,0.11401132207985869,0.0,1
A-,True,P_gt_s2_w3,1,0.15613739026254642,0.04498710438003319,1
A-,True,P_gt_s2_w3,2,0.3070758767038575,0.1059971921184708,1
A-,True,P_gt_s2_w3,3,0.4639132390479951,0.3730784629707525,1
A-,True,P_gt_s2_w3,4,0.48882843348602883,0.5162544408488838,1
A-,True,P_gt_s2_w3,5,0.5379505039637831,0.5263206588058873,1
A-,True,P_gt_s2_w3,6,0.7474144982853338,0.7911795954291212,1
A-,True,P_gt_s2_w3,7,0.9521663353208711,1.1019296173412454,1
A-,True,P_gt_s2_w3,8,1.2129571395550238,1.5286538114119264,1
A-,True,P_gt_s2_w3,9,1.4758170886069826,2.10638471101009,1
A-,True,P_gt_s3_w1,0,0.11401132207985869,0.0,1
A-,True,P_gt_s3_w1,1,0.15613739026254642,0.04498710438003319,1
A-,True,P_gt_s3_w1,2,0.3070758767038575,0.1059971921184708,1
A-,True,P_gt_s3_w1,3,0.4639132390479951,0.3730784629707525,1
A-,True,P_gt_s3_w1,4,0.6858091278960704,0.5880835837127559,1
A-,True,P_gt_s3_w1,5,0.8839254010149263,0.7460896065234436,1
A-,True,P_gt_s3_w1,6,1.070650254450367,1.0349713446189974,1
A-,True,P_gt_s3_w1,7,1.3386267633551534,1.3181730659132285,1
A-,True,P_gt_s3_w1,8,1.5682250480753201,1.614677313946286,1
A-,True,P_gt_s3_w1,9,1.8244350907456686,1.883025057153251,1
A-,True,P_gt_s3_w2,0,0.11401132207985869,0.0,1
A-,True,P_gt_s3_w2,1,0.15613739026254642,0.04498710438003319,1
A-,True,P_gt_s3_w2,2,0.3070758767038575,0.1059971921184708,1
A-,True,P_gt_s3_w2,3,0.4639132390479951,0.3730784629707525,1
A-,True,P_gt_s3_w2,4,0.6858091278960704,0.5880835837127559,1
A-,True,P_gt_s3_w2,5,0.8839254010149263,0.7460896065234436,1
A-,True,P_gt_s3_w2,6,0.9924788539414688,1.057709600828174,1
A-,True,P_gt_s3_w2,7,1.1692140803996387,1.4726642198773001,1
A-,True,P_gt_s3_w2,8,1.291852693665394,1.931747731163925,1
A-,True,P_gt_s3_w2,9,1.4778934336512541,2.5398000600837563,1
A-,True,P_gt_s3_w3,0,0.11401132207985869,0.0,1
A-,True,P_gt_s3_w3,1,0.15613739026254642,0.04498710438003319,1
A-,True,P_gt_s3_w3,2,0.3070758767038575,0.1059971921184708,1
A-,True,P_gt_s3_w3,3,0.4639132390479951,0.3730784629707525,1
A-,True,P_gt_s3_w3,4,0.6858091278960704,0.5880835837127559,1
A-,True,P_gt_s3_w3,5,0.8839254010149263,0.7460896065234436,1
A-,True,P_gt_s3_w3,6,0.9924788539414688,1.057709600828174,1
A-,True,P_gt_s3_w3,7,1.1692140803996387,1.4726642198773001,1
A-,True,P_gt_s3_w3,8,1.3903742715010654,1.9681320397953637,1
A-,True,P_gt_s3_w3,9,1.6217900070855809,2.604370493570482,1
A-,True,P_gt_s4_w1,0,0.11401132207985869,0.0,1
A-,True,P_gt_s4_w1,1,0.15613739026254642,0.04498710438003319,1
A-,True,P_gt_s4_w1,2,0.3070758767038575,0.1059971921184708,1
A-,True,P_gt_s4_w1,3,0.4639132390479951,0.3730784629707525,1
A-,True,P_gt_s4_w1,4,0.6858091278960704,0.5880835837127559,1
A-,True,P_gt_s4_w1,5,0.9138514351320792,0.8628665676787277,1
A-,True,P_gt_s4_w1,6,1.0917367649930774,1.1842361054641037,1
A-,True,P_gt_s4_w1,7,1.2187638155845537,1.4639019035665988,1
A-,True,P_gt_s4_w1,8,1.4195790180998176,1.8579920480276022,1
A-,True,P_gt_s4_w1,9,1.690592835071995,2.3141006464053193,1
A-,True,P_gt_s4_w2,0,0.11401132207985869,0.0,1
A-,True,P_gt_s4_w2,1,0.15613739026254642,0.04498710438003319,1
A-,True,P_gt_s4_w2,2,0.3070758767038575,0.1059971921184708,1
A-,True,P_gt_s4_w2,3,0.4639132390479951,0.3730784629707525,1
A-,True,P_gt_s4_w2,4,0.6858091278960704,0.5880835837127559,1
A-,True,P_gt_s4_w2,5,0.9138514351320792,0.8628665676787277,1
A-,True,P_gt_s4_w2,6,1.0917367649930774,1.1842361054641037,1
A-,True,P_gt_s4_w2,7,1.1513132167653162,1.4240600576645739,1
A-,True,P_gt_s4_w2,8,1.2106113371405414,1.753764553913484,1
A-,True,P_gt_s4_w2,9,1.3441014104257296,2.0407068132505914,1
A-,True,P_gt_s4_w3,0,0.11401132207985869,0.0,1
A-,True,P_gt_s4_w3,1,0.15613739026254642,0.04498710438003319,1
A-,True,P_gt_s4_w3,2,0.3070758767038575,0.1059971921184708,1
A-,True,P_gt_s4_w3,3,0.4639132390479951,0.3730784629707525,1
A-,True,P_gt_s4_w3,4,0.6858091278960704,0.5880835837127559,1
A-,True,P_gt_s4_w3,5,0.9138514351320792,0.8628665676787277,1
A-,True,P_gt_s4_w3,6,1.0917367649930774,1.1842361054641037,1
A-,True,P_gt_s4_w3,7,1.1513132167653162,1.4240600576645739,1
A-,True,P_gt_s4_w3,8,1.272730353134337,1.860749035175369,1
A-,True,P_gt_s4_w3,9,1.3691950760096636,2.307950774331965,1
A-,True,P_self_s1_w1,0,0.11401132207985869,0.0,1
A-,True,P_self_s1_w1,1,0.15613739026254642,0.04498710438003319,1
A-,True,P_self_s1_w1,2,0.3070758767038575,0.1059971921184708,1
A-,True,P_self_s1_w1,3,0.5003557274512913,0.4116682098114861,1
A-,True,P_self_s1_w1,4,0.8247074816073576,0.6749984118097326,1
A-,True,P_self_s1_w1,5,1.1763954717555871,1.0175344074101276,1
A-,True,P_self_s1_w1,6,1.5094790271868046,1.4439165398034768,1
A-,True,P_self_s1_w1,7,1.9008270417504363,1.9709610679877674,1
A-,True,P_self_s1_w1,8,2.3020815171470717,2.640186009287051,1
A-,True,P_self_s1_w1,9,2.7095161796813487,3.3652496325061607,1
A-,True,P_self_s1_w2,0,0.11401132207985869,0.0,1
A-,True,P_self_s1_w2,1,0.15613739026254642,0.04498710438003319,1
A-,True,P_self_s1_w2,2,0.3070758767038575,0.1059971921184708,1
A-,True,P_self_s1_w2,3,0.5003557274512913,0.4116682098114861,1
A-,True,P_self_s1_w2,4,0.4873395329966186,0.513974543876463,1
A-,True,P_self_s1_w2,5,0.45039323512113194,0.5931911779561951,1
A-,True,P_self_s1_w2,6,0.6765701351707645,0.6781156248735845,1
A-,True,P_self_s1_w2,7,1.0738066231929013,0.7392814915687957,1
A-,True,P_self_s1_w2,8,1.5162015560847708,0.7996011712708219,1
A-,True,P_self_s1_w2,9,2.0939780543295377,0.8815073936123184,1
A-,True,P_self_s1_w3,0,0.11401132207985869,0.0,1
A-,True,P_self_s1_w3,1,0.15613739026254642,0.04498710438003319,1
A-,True,P_self_s1_w3,2,0.3070758767038575,0.1059971921184708,1
A-,True,P_self_s1_w3,3,0.5003557274512913,0.4116682098114861,1
A-,True,P_self_s1_w3,4,0.4873395329966186,0.513974543876463,1
A-,True,P_self_s1_w3,5,0.45039323512113194,0.5931911779561951,1
A-,True,P_self_s1_w3,6,0.6765701351707645,0.6781156248735845,1
A-,True,P_self_s1_w3,7,1.0738066231929013,0.7392814915687957,1
A-,True,P_self_s1_w3,8,1.5162015560847708,0.7996011712708219,1
A-,True,P_self_s1_w3,9,2.0939780543295377,0.8815073936123184,1
A-,True,P_self_s2_w1,0,0.11401132207985869,0.0,1
A-,True,P_self_s2_w1,1,0.15613739026254642,0.04498710438003319,1
A-,True,P_self_s2_w1,2,0.3070758767038575,0.1059971921184708,1
A-,True,P_self_s2_w1,3,0.4639132390479951,0.3730784629707525,1
A-,True,P_self_s2_w1,4,0.5590105350545704,0.544955164817636,1
A-,True,P_self_s2_w1,5,0.7270027980641109,0.7460094841415639,1
A-,True,P_self_s2_w1,6,0.9349979777098876,1.0231614833790872,1
A-,True,P_self_s2_w1,7,1.2130850732911918,1.3207318596589188,1
A-,True,P_self_s2_w1,8,1.6642288159425553,1.7832423178725367,1
A-,True,P_self_s2_w1,9,2.1273300184314574,2.248037108288669,1
A-,True,P_self_s2_w2,0,0.11401132207985869,0.0,1
A-,True,P_self_s2_w2,1,0.15613739026254642,0.04498710438003319,1
A-,True,P_self_s2_w2,2,0.3070758767038575,0.1059971921184708,1
A-,True,P_self_s2_w2,3,0.4639132390479951,0.3730784629707525,1
A-,True,P_self_s2_w2,4,0.5590105350545704,0.544955164817636,1
A-,True,P_self_s2_w2,5,0.5112599891776537,0.6235682836657785,1
A-,True,P_self_s2_w2,6,0.6296438414358413,0.7255510990678832,1
A-,True,P_self_s2_w2,7,1.101744702489038,0.8754273960456571,1
A-,True,P_self_s2_w2,8,1.605600282450212,0.8617554217922417,1
A-,True,P_self_s2_w2,9,2.2137387420962575,0.8862408040357136,1
A-,True,P_self_s2_w3,0,0.11401132207985869,0.0,1
A-,True,P_self_s2_w3,1,0.15613739026254642,0.04498710438003319,1
A-,True,P_self_s2_w3,2,0.3070758767038575,0.1059971921184708,1
A-,True,P_self_s2_w3,3,0.4639132390479951,0.3730784629707525,1
A-,True,P_self_s2_w3,4,0.5590105350545704,0.544955164817636,1
A-,True,P_self_s2_w3,5,0.5112599891776537,0.6235682836657785,1
A-,True,P_self_s2_w3,6,0.6070882876399677,0.7183338016087142,1
A-,True,P_self_s2_w3,7,0.9918866911527933,0.7863651322616048,1
A-,True,P_self_s2_w3,8,1.474089588056482,0.8648202994186647,1
A-,True,P_self_s2_w3,9,2.0452247698789483,0.8422787876890241,1
A-,True,P_self_s3_w1,0,0.11401132207985869,0.0,1
A-,True,P_self_s3_w1,1,0.15613739026254642,0.04498710438003319,1
A-,True,P_self_s3_w1,2,0.3070758767038575,0.1059971921184708,1
A-,True,P_self_s3_w1,3,0.4639132390479951,0.3730784629707525,1
A-,True,P_self_s3_w1,4,0.6858091278960704,0.5880835837127559,1
A-,True,P_self_s3_w1,5,0.8398743119671035,0.7659211069619405,1
A-,True,P_self_s3_w1,6,0.8713375190723505,0.9558830937346661,1
A-,True,P_self_s3_w1,7,1.0421468282236825,1.2963527591504254,1
A-,True,P_self_s3_w1,8,1.1534166537951376,1.6625334830223295,1
A-,True,P_self_s3_w1,9,1.3831100397572742,2.1340037371109046,1
A-,True,P_self_s3_w2,0,0.11401132207985869,0.0,1
A-,True,P_self_s3_w2,1,0.15613739026254642,0.04498710438003319,1
A-,True,P_self_s3_w2,2,0.3070758767038575,0.1059971921184708,1
A-,True,P_self_s3_w2,3,0.4639132390479951,0.3730784629707525,1
A-,True,P_self_s3_w2,4,0.6858091278960704,0.5880835837127559,1
A-,True,P_self_s3_w2,5,0.8398743119671035,0.7659211069619405,1
A-,True,P_self_s3_w2,6,0.8293303395417408,0.9401974460446808,1
A-,True,P_self_s3_w2,7,0.9820215740912072,1.1691377765685877,1
A-,True,P_self_s3_w2,8,1.3701510643100763,1.5283607195242124,1
A-,True,P_self_s3_w2,9,1.8601413282692665,2.0089310487468772,1
A-,True,P_self_s3_w3,0,0.11401132207985869,0.0,1
A-,True,P_self_s3_w3,1,0.15613739026254642,0.04498710438003319,1
A-,True,P_self_s3_w3,2,0.3070758767038575,0.1059971921184708,1
A-,True,P_self_s3_w3,3,0.4639132390479951,0.3730784629707525,1
A-,True,P_self_s3_w3,4,0.6858091278960704,0.5880835837127559,1
A-,True,P_self_s3_w3,5,0.8398743119671035,0.7659211069619405,1
A-,True,P_self_s3_w3,6,0.8293303395417408,0.9401974460446808,1
A-,True,P_self_s3_w3,7,0.9322041322910142,0.9407210631915657,1
A-,True,P_self_s3_w3,8,1.3280440312585184,1.094608099394661,1
A-,True,P_self_s3_w3,9,1.8447317247384127,1.2474781581830103,1
A-,True,P_self_s4_w1,0,0.11401132207985869,0.0,1
A-,True,P_self_s4_w1,1,0.15613739026254642,0.04498710438003319,1
A-,True,P_self_s4_w1,2,0.3070758767038575,0.1059971921184708,1
A-,True,P_self_s4_w1,3,0.4639132390479951,0.3730784629707525,1
A-,True,P_self_s4_w1,4,0.6858091278960704,0.5880835837127559,1
A-,True,P_self_s4_w1,5,0.9138514351320792,0.8628665676787277,1
A-,True,P_self_s4_w1,6,0.9349712696980599,1.1103047849187422,1
A-,True,P_self_s4_w1,7,0.9702102636675629,1.3180775464476595,1
A-,True,P_self_s4_w1,8,1.0307956504605627,1.5654668295932788,1
A-,True,P_self_s4_w1,9,1.299509301562691,1.82415280314081,1
A-,True,P_self_s4_w2,0,0.11401132207985869,0.0,1
A-,True,P_self_s4_w2,1,0.15613739026254642,0.04498710438003319,1
A-,True,P_self_s4_w2,2,0.3070758767038575,0.1059971921184708,1
A-,True,P_self_s4_w2,3,0.4639132390479951,0.3730784629707525,1
A-,True,P_self_s4_w2,4,0.6858091278960704,0.5880835837127559,1
A-,True,P_self_s4_w2,5,0.9138514351320792,0.8628665676787277,1
A-,True,P_self_s4_w2,6,0.9349712696980599,1.1103047849187422,1
A-,True,P_self_s4_w2,7,0.7831149831605719,1.2672974193624862,1
A-,True,P_self_s4_w2,8,1.200607197674972,1.4171993061772126,1
A-,True,P_self_s4_w2,9,1.7372339379148538,1.5758390581197483,1
A-,True,P_self_s4_w3,0,0.11401132207985869,0.0,1
A-,True,P_self_s4_w3,1,0.15613739026254642,0.04498710438003319,1
A-,True,P_self_s4_w3,2,0.3070758767038575,0.1059971921184708,1
A-,True,P_self_s4_w3,3,0.4639132390479951,0.3730784629707525,1
A-,True,P_self_s4_w3,4,0.6858091278960704,0.5880835837127559,1
A-,True,P_self_s4_w3,5,0.9138514351320792,0.8628665676787277,1
A-,True,P_self_s4_w3,6,0.9349712696980599,1.1103047849187422,1
A-,True,P_self_s4_w3,7,0.7831149831605719,1.2672974193624862,1
A-,True,P_self_s4_w3,8,1.0824862026898008,1.3852869680331028,1
A-,True,P_self_s4_w3,9,1.5281097657115341,1.5071980249061967,1
A-,True,T_gt_s1_w1,0,0.11401132207985869,0.0,1
A-,True,T_gt_s1_w1,1,0.15613739026254642,0.04498710438003319,1
A-,True,T_gt_s1_w1,2,0.3070758767038575,0.1059971921184708,1
A-,True,T_gt_s1_w1,3,0.37372066759595796,0.3002210124752523,1
A-,True,T_gt_s1_w1,4,0.6188334409632805,0.510100994242305,1
A-,True,T_gt_s1_w1,5,1.1070494512115678,0.8525845866900545,1
A-,True,T_gt_s1_w1,6,1.5855475579782459,1.0682507803145638,1
A-,True,T_gt_s1_w1,7,2.1489562245532943,1.2655897265626983,1
A-,True,T_gt_s1_w1,8,2.7484774262692024,1.4702258855291908,1
A-,True,T_gt_s1_w1,9,3.3721190688514335,1.6058579206001706,1
A-,True,T_gt_s1_w2,0,0.11401132207985869,0.0,1
A-,True,T_gt_s1_w2,1,0.15613739026254642,0.04498710438003319,1
A-,True,T_gt_s1_w2,2,0.3070758767038575,0.1059971921184708,1
A-,True,T_gt_s1_w2,3,0.37372066759595796,0.3002210124752523,1
A-,True,T_gt_s1_w2,4,0.628903273600605,0.48881780471184944,1
A-,True,T_gt_s1_w2,5,1.0987283827112488,0.836408203094227,1
A-,True,T_gt_s1_w2,6,1.56675656271941,1.1195703760814497,1
A-,True,T_gt_s1_w2,7,2.0975954808493835,1.45258157954709,1
A-,True,T_gt_s1_w2,8,2.6184999338646646,1.8760611936151501,1
A-,True,T_gt_s1_w2,9,3.219742782050565,2.358119622482739,1
A-,True,T_gt_s1_w3,0,0.11401132207985869,0.0,1
A-,True,T_gt_s1_w3,1,0.15613739026254642,0.04498710438003319,1
A-,True,T_gt_s1_w3,2,0.3070758767038575,0.1059971921184708,1
A-,True,T_gt_s1_w3,3,0.37372066759595796,0.3002210124752523,1
A-,True,T_gt_s1_w3,4,0.628903273600605,0.48881780471184944,1
A-,True,T_gt_s1_w3,5,0.9326207046888741,0.6290261935343329,1
A-,True,T_gt_s1_w3,6,1.3637567154221077,0.7995717516022331,1
A-,True,T_gt_s1_w3,7,1.8315175634317535,0.948452898308191,1
A-,True,T_gt_s1_w3,8,2.3200778423640243,1.0951607809769306,1
A-,True,T_gt_s1_w3,9,2.824442790636339,1.2448895321886182,1
A-,True,T_gt_s2_w1,0,0.11401132207985869,0.0,1
A-,True,T_gt_s2_w1,1,0.15613739026254642,0.04498710438003319,1
A-,True,T_gt_s2_w1,2,0.3070758767038575,0.1059971921184708,1
A-,True,T_gt_s2_w1,3,0.4639132390479951,0.3730784629707525,1
A-,True,T_gt_s2_w1,4,0.48882843348602883,0.5162544408488838,1
A-,True,T_gt_s2_w1,5,0.5983987033256675,0.6588317775051192,1
A-,True,T_gt_s2_w1,6,0.938193673473012,0.9158253597467659,1
A-,True,T_gt_s2_w1,7,1.3090249427934761,1.0373078210442306,1
A-,True,T_gt_s2_w1,8,1.7685494562944224,1.240224448432905,1
A-,True,T_gt_s2_w1,9,2.265688978104539,1.4766377791192868,1
A-,True,T_gt_s2_w2,0,0.11401132207985869,0.0,1
A-,True,T_gt_s2_w2,1,0.15613739026254642,0.04498710438003319,1
A-,True,T_gt_s2_w2,2,0.3070758767038575,0.1059971921184708,1
A-,True,T_gt_s2_w2,3,0.4639132390479951,0.3730784629707525,1
A-,True,T_gt_s2_w2,4,0.48882843348602883,0.5162544408488838,1
A-,True,T_gt_s2_w2,5,0.6670065878919621,0.6339003567255614,1
A-,True,T_gt_s2_w2,6,0.8399716403083752,0.8802494974639579,1
A-,True,T_gt_s2_w2,7,1.0285912745286176,1.116080191512357,1
A-,True,T_gt_s2_w2,8,1.2241563765193875,1.4731329509406939,1
A-,True,T_gt_s2_w2,9,1.390195816065024,1.8219744171001573,1
A-,True,T_gt_s2_w3,0,0.11401132207985869,0.0,1
A-,True,T_gt_s2_w3,1,0.15613739026254642,0.04498710438003319,1
A-,True,T_gt_s2_w3,2,0.3070758767038575,0.1059971921184708,1
A-,True,T_gt_s2_w3,3,0.4639132390479951,0.3730784629707525,1
A-,True,T_gt_s2_w3,4,0.48882843348602883,0.5162544408488838,1
A-,True,T_gt_s2_w3,5,0.6670065878919621,0.6339003567255614,1
A-,True,T_gt_s2_w3,6,0.7682126857824605,0.871227346447677,1
A-,True,T_gt_s2_w3,7,0.9377853158200018,1.1188284325966695,1
A-,True,T_gt_s2_w3,8,1.1671723661005746,1.4072491557783842,1
A-,True,T_gt_s2_w3,9,1.389243414690939,1.8171829768478691,1
A-,True,T_gt_s3_w1,0,0.11401132207985869,0.0,1
A-,True,T_gt_s3_w1,1,0.15613739026254642,0.04498710438003319,1
A-,True,T_gt_s3_w1,2,0.3070758767038575,0.1059971921184708,1
A-,True,T_gt_s3_w1,3,0.4639132390479951,0.3730784629707525,1
A-,True,T_gt_s3_w1,4,0.6858091278960704,0.5880835837127559,1
A-,True,T_gt_s3_w1,5,0.8839254010149263,0.7460896065234436,1
A-,True,T_gt_s3_w1,6,1.1091596832407102,1.0662593214390055,1
A-,True,T_gt_s3_w1,7,1.281880230681353,1.3761391403794794,1
A-,True,T_gt_s3_w1,8,1.4143522457819808,1.7660749729765657,1
A-,True,T_gt_s3_w1,9,1.4280718775184296,2.107463034344296,1
A-,True,T_gt_s3_w2,0,0.11401132207985869,0.0,1
A-,True,T_gt_s3_w2,1,0.15613739026254642,0.04498710438003319,1
A-,True,T_gt_s3_w2,2,0.3070758767038575,0.1059971921184708,1
A-,True,T_gt_s3_w2,3,0.4639132390479951,0.3730784629707525,1
A-,True,T_gt_s3_w2,4,0.6858091278960704,0.5880835837127559,1
A-,True,T_gt_s3_w2,5,0.8839254010149263,0.7460896065234436,1
A-,True,T_gt_s3_w2,6,1.1104521266039287,1.07133832168554,1
A-,True,T_gt_s3_w2,7,1.3233706105515273,1.3920689470874537,1
A-,True,T_gt_s3_w2,8,1.5298360071743469,1.8127924240131477,1
A-,True,T_gt_s3_w2,9,1.6954348551958935,2.2772475576698405,1
A-,True,T_gt_s3_w3,0,0.11401132207985869,0.0,1
A-,True,T_gt_s3_w3,1,0.15613739026254642,0.04498710438003319,1
A-,True,T_gt_s3_w3,2,0.3070758767038575,0.1059971921184708,1
A-,True,T_gt_s3_w3,3,0.4639132390479951,0.3730784629707525,1
A-,True,T_gt_s3_w3,4,0.6858091278960704,0.5880835837127559,1
A-,True,T_gt_s3_w3,5,0.8839254010149263,0.7460896065234436,1
A-,True,T_gt_s3_w3,6,1.1104521266039287,1.07133832168554,1
A-,True,T_gt_s3_w3,7,1.3199474643250357,1.3556034701564788,1
A-,True,T_gt_s3_w3,8,1.5545562258786347,1.7108041186636553,1
A-,True,T_gt_s3_w3,9,1.8209618343321181,2.1460887136238873,1
A-,True,T_gt_s4_w1,0,0.11401132207985869,0.0,1
A-,True,T_gt_s4_w1,1,0.15613739026254642,0.04498710438003319,1
A-,True,T_gt_s4_w1,2,0.3070758767038575,0.1059971921184708,1
A-,True,T_gt_s4_w1,3,0.4639132390479951,0.3730784629707525,1
A-,True,T_gt_s4_w1,4,0.6858091278960704,0.5880835837127559,1
A-,True,T_gt_s4_w1,5,0.9138514351320792,0.8628665676787277,1
A-,True,T_gt_s4_w1,6,1.0917367649930774,1.1842361054641037,1
A-,True,T_gt_s4_w1,7,1.2554705566307771,1.496565964694221,1
A-,True,T_gt_s4_w1,8,1.4184042961214787,1.8952167282838963,1
A-,True,T_gt_s4_w1,9,1.6083290291767323,2.318057688452008,1
A-,True,T_gt_s4_w2,0,0.11401132207985869,0.0,1
A-,True,T_gt_s4_w2,1,0.15613739026254642,0.04498710438003319,1
A-,True,T_gt_s4_w2,2,0.3070758767038575,0.1059971921184708,1
A-,True,T_gt_s4_w2,3,0.4639132390479951,0.3730784629707525,1
A-,True,T_gt_s4_w2,4,0.6858091278960704,0.5880835837127559,1
A-,True,T_gt_s4_w2,5,0.9138514351320792,0.8628665676787277,1
A-,True,T_gt_s4_w2,6,1.0917367649930774,1.1842361054641037,1
A-,True,T_gt_s4_w2,7,1.328985447974933,1.5493508900853623,1
A-,True,T_gt_s4_w2,8,1.479483369367826,1.873338308666959,1
A-,True,T_gt_s4_w2,9,1.7057566261199546,2.306943220349503,1
A-,True,T_gt_s4_w3,0,0.11401132207985869,0.0,1
A-,True,T_gt_s4_w3,1,0.15613739026254642,0.04498710438003319,1
A-,True,T_gt_s4_w3,2,0.3070758767038575,0.1059971921184708,1
A-,True,T_gt_s4_w3,3,0.4639132390479951,0.3730784629707525,1
A-,True,T_gt_s4_w3,4,0.6858091278960704,0.5880835837127559,1
A-,True,T_gt_s4_w3,5,0.9138514351320792,0.8628665676787277,1
A-,True,T_gt_s4_w3,6,1.0917367649930774,1.1842361054641037,1
A-,True,T_gt_s4_w3,7,1.328985447974933,1.5493508900853623,1
A-,True,T_gt_s4_w3,8,1.6064849254636044,2.023642232054024,1
A-,True,T_gt_s4_w3,9,1.8914829074773998,2.5322823841443878,1
A-,True,T_self_s1_w1,0,0.11401132207985869,0.0,1
A-,True,T_self_s1_w1,1,0.15613739026254642,0.04498710438003319,1
A-,True,T_self_s1_w1,2,0.3070758767038575,0.1059971921184708,1
A-,True,T_self_s1_w1,3,0.5003557274512913,0.4116682098114861,1
A-,True,T_self_s1_w1,4,0.7201079372393238,0.6445265127188162,1
A-,True,T_self_s1_w1,5,0.9451328105649888,0.9329249392085694,1
A-,True,T_self_s1_w1,6,1.030374935963461,1.2276683285055294,1
A-,True,T_self_s1_w1,7,1.1710119453568604,1.5948514634935331,1
A-,True,T_self_s1_w1,8,1.1820168635699069,1.934077132916983,1
A-,True,T_self_s1_w1,9,1.1907809759838603,2.2915890779777865,1
A-,True,T_self_s1_w2,0,0.11401132207985869,0.0,1
A-,True,T_self_s1_w2,1,0.15613739026254642,0.04498710438003319,1
A-,True,T_self_s1_w2,2,0.3070758767038575,0.1059971921184708,1
A-,True,T_self_s1_w2,3,0.5003557274512913,0.4116682098114861,1
A-,True,T_self_s1_w2,4,0.5971871014862988,0.5999550664927352,1
A-,True,T_self_s1_w2,5,0.8015983771426454,0.8301435717710902,1
A-,True,T_self_s1_w2,6,0.949496767411603,1.1681741004125092,1
A-,True,T_self_s1_w2,7,1.1116433793160483,1.5823648805384172,1
A-,True,T_self_s1_w2,8,1.2667567278851428,2.0233260114597122,1
A-,True,T_self_s1_w2,9,1.4134637186340586,2.58781137166808,1
A-,True,T_self_s1_w3,0,0.11401132207985869,0.0,1
A-,True,T_self_s1_w3,1,0.15613739026254642,0.04498710438003319,1
A-,True,T_self_s1_w3,2,0.3070758767038575,0.1059971921184708,1
A-,True,T_self_s1_w3,3,0.5003557274512913,0.4116682098114861,1
A-,True,T_self_s1_w3,4,0.5971871014862988,0.5999550664927352,1
A-,True,T_self_s1_w3,5,0.7391355600497662,0.8008595020374024,1
A-,True,T_self_s1_w3,6,0.7927553270817513,1.0880577227655785,1
A-,True,T_self_s1_w3,7,0.9093833323252339,1.4506521660254919,1
A-,True,T_self_s1_w3,8,1.040015047490034,1.84213626374127,1
A-,True,T_self_s1_w3,9,1.1938980361958058,2.351024132099104,1
A-,True,T_self_s2_w1,0,0.11401132207985869,0.0,1
A-,True,T_self_s2_w1,1,0.15613739026254642,0.04498710438003319,1
A-,True,T_self_s2_w1,2,0.3070758767038575,0.1059971921184708,1
A-,True,T_self_s2_w1,3,0.4639132390479951,0.3730784629707525,1
A-,True,T_self_s2_w1,4,0.5590105350545704,0.544955164817636,1
A-,True,T_self_s2_w1,5,0.7615824125424766,0.7601064224697796,1
A-,True,T_self_s2_w1,6,0.905220043254102,1.0859596939237206,1
A-,True,T_self_s2_w1,7,1.0601481702435571,1.4895314071479688,1
A-,True,T_self_s2_w1,8,1.2111135437440201,1.9246818838970183,1
A-,True,T_self_s2_w1,9,1.3203602378964456,2.457600310438753,1
A-,True,T_self_s2_w2,0,0.11401132207985869,0.0,1
A-,True,T_self_s2_w2,1,0.15613739026254642,0.04498710438003319,1
A-,True,T_self_s2_w2,2,0.3070758767038575,0.1059971921184708,1
A-,True,T_self_s2_w2,3,0.4639132390479951,0.3730784629707525,1
A-,True,T_self_s2_w2,4,0.5590105350545704,0.544955164817636,1
A-,True,T_self_s2_w2,5,0.6968992724756136,0.7314576497100074,1
A-,True,T_self_s2_w2,6,0.8242074345017509,1.0215960777089612,1
A-,True,T_self_s2_w2,7,0.9775380539949672,1.4057672498787281,1
A-,True,T_self_s2_w2,8,1.1290593368975554,1.8235985888289938,1
A-,True,T_self_s2_w2,9,1.3239877420047386,2.416868499272496,1
A-,True,T_self_s2_w3,0,0.11401132207985869,0.0,1
A-,True,T_self_s2_w3,1,0.15613739026254642,0.04498710438003319,1
A-,True,T_self_s2_w3,2,0.3070758767038575,0.1059971921184708,1
A-,True,T_self_s2_w3,3,0.4639132390479951,0.3730784629707525,1
A-,True,T_self_s2_w3,4,0.5590105350545704,0.544955164817636,1
A-,True,T_self_s2_w3,5,0.6968992724756136,0.7314576497100074,1
A-,True,T_self_s2_w3,6,0.7360435015598593,1.005437614197199,1
A-,True,T_self_s2_w3,7,0.862011015570989,1.3868880028973785,1
A-,True,T_self_s2_w3,8,0.9536541906751117,1.7582566935318036,1
A-,True,T_self_s2_w3,9,1.1298071533477079,2.292461998961857,1
A-,True,T_self_s3_w1,0,0.11401132207985869,0.0,1
A-,True,T_self_s3_w1,1,0.15613739026254642,0.04498710438003319,1
A-,True,T_self_s3_w1,2,0.3070758767038575,0.1059971921184708,1
A-,True,T_self_s3_w1,3,0.4639132390479951,0.3730784629707525,1
A-,True,T_self_s3_w1,4,0.6858091278960704,0.5880835837127559,1
A-,True,T_self_s3_w1,5,0.8398743119671035,0.7659211069619405,1
A-,True,T_self_s3_w1,6,0.9568889545951613,1.0203809850233627,1
A-,True,T_self_s3_w1,7,1.064663892628718,1.278272192044722,1
A-,True,T_self_s3_w1,8,1.1768766137022664,1.5660025660707064,1
A-,True,T_self_s3_w1,9,1.3918997706773815,1.8219744535321754,1
A-,True,T_self_s3_w2,0,0.11401132207985869,0.0,1
A-,True,T_self_s3_w2,1,0.15613739026254642,0.04498710438003319,1
A-,True,T_self_s3_w2,2,0.3070758767038575,0.1059971921184708,1
A-,True,T_self_s3_w2,3,0.4639132390479951,0.3730784629707525,1
A-,True,T_self_s3_w2,4,0.6858091278960704,0.5880835837127559,1
A-,True,T_self_s3_w2,5,0.8398743119671035,0.7659211069619405,1
A-,True,T_self_s3_w2,6,0.8981993752423623,1.0202008725413303,1
A-,True,T_self_s3_w2,7,1.0120269156484916,1.2767455547824813,1
A-,True,T_self_s3_w2,8,1.0889693114155574,1.5834862834365833,1
A-,True,T_self_s3_w2,9,1.2825947178464365,1.8977850731090702,1
A-,True,T_self_s3_w3,0,0.11401132207985869,0.0,1
A-,True,T_self_s3_w3,1,0.15613739026254642,0.04498710438003319,1
A-,True,T_self_s3_w3,2,0.3070758767038575,0.1059971921184708,1
A-,True,T_self_s3_w3,3,0.4639132390479951,0.3730784629707525,1
A-,True,T_self_s3_w3,4,0.6858091278960704,0.5880835837127559,1
A-,True,T_self_s3_w3,5,0.8398743119671035,0.7659211069619405,1
A-,True,T_self_s3_w3,6,0.8981993752423623,1.0202008725413303,1
A-,True,T_self_s3_w3,7,0.8642859978633228,1.2061916310576986,1
A-,True,T_self_s3_w3,8,1.2631766733749952,1.4167354551604743,1
A-,True,T_self_s3_w3,9,1.859134033183008,1.614913756191359,1
A-,True,T_self_s4_w1,0,0.11401132207985869,0.0,1
A-,True,T_self_s4_w1,1,0.15613739026254642,0.04498710438003319,1
A-,True,T_self_s4_w1,2,0.3070758767038575,0.1059971921184708,1
A-,True,T_self_s4_w1,3,0.4639132390479951,0.3730784629707525,1
A-,True,T_self_s4_w1,4,0.6858091278960704,0.5880835837127559,1
A-,True,T_self_s4_w1,5,0.9138514351320792,0.8628665676787277,1
A-,True,T_self_s4_w1,6,0.9349712696980599,1.1103047849187422,1
A-,True,T_self_s4_w1,7,1.0442414220179104,1.4495258891821003,1
A-,True,T_self_s4_w1,8,1.0640439260541354,1.7855049600122643,1
A-,True,T_self_s4_w1,9,1.1127622926249878,2.1636005787798447,1
A-,True,T_self_s4_w2,0,0.11401132207985869,0.0,1
A-,True,T_self_s4_w2,1,0.15613739026254642,0.04498710438003319,1
A-,True,T_self_s4_w2,2,0.3070758767038575,0.1059971921184708,1
A-,True,T_self_s4_w2,3,0.4639132390479951,0.3730784629707525,1
A-,True,T_self_s4_w2,4,0.6858091278960704,0.5880835837127559,1
A-,True,T_self_s4_w2,5,0.9138514351320792,0.8628665676787277,1
A-,True,T_self_s4_w2,6,0.9349712696980599,1.1103047849187422,1
A-,True,T_self_s4_w2,7,0.8536745354263913,1.321301156219354,1
A-,True,T_self_s4_w2,8,1.0796733862885517,1.5066384875018533,1
A-,True,T_self_s4_w2,9,1.5874724515666467,1.7277738654890973,1
A-,True,T_self_s4_w3,0,0.11401132207985869,0.0,1
A-,True,T_self_s4_w3,1,0.15613739026254642,0.04498710438003319,1
A-,True,T_self_s4_w3,2,0.3070758767038575,0.1059971921184708,1
A-,True,T_self_s4_w3,3,0.4639132390479951,0.3730784629707525,1
A-,True,T_self_s4_w3,4,0.6858091278960704,0.5880835837127559,1
A-,True,T_self_s4_w3,5,0.9138514351320792,0.8628665676787277,1
A-,True,T_self_s4_w3,6,0.9349712696980599,1.1103047849187422,1
A-,True,T_self_s4_w3,7,0.8536745354263913,1.321301156219354,1
A-,True,T_self_s4_w3,8,1.048400331995034,1.3096900815304064,1
A-,True,T_self_s4_w3,9,1.6537581400816497,1.2710718997355874,1
A-,True,full_gt,0,0.11401132207985869,0.0,1
A-,True,full_gt,1,0.15613739026254642,0.04498710438003319,1
A-,True,full_gt,2,0.3070758767038575,0.1059971921184708,1
A-,True,full_gt,3,0.37372066759595796,0.3002210124752523,1
A-,True,full_gt,4,0.5711279475229686,0.44322389883619356,1
A-,True,full_gt,5,0.8991555319418973,0.6191136502626322,1
A-,True,full_gt,6,1.1963088555936585,0.7110942204465547,1
A-,True,full_gt,7,1.4836681716837297,0.9293205733928053,1
A-,True,full_gt,8,1.8128078246926014,1.3206964785027808,1
A-,True,full_gt,9,2.1306109786136878,1.8781299865370409,1
A-,True,full_self,0,0.11401132207985869,0.0,1
A-,True,full_self,1,0.15613739026254642,0.04498710438003319,1
A-,True,full_self,2,0.3070758767038575,0.1059971921184708,1
A-,True,full_self,3,0.5003557274512913,0.4116682098114861,1
A-,True,full_self,4,0.4873395329966186,0.513974543876463,1
A-,True,full_self,5,0.45039323512113194,0.5931911779561951,1
A-,True,full_self,6,0.6765701351707645,0.6781156248735845,1
A-,True,full_self,7,1.0738066231929013,0.7392814915687957,1
A-,True,full_self,8,1.5162015560847708,0.7996011712708219,1
A-,True,full_self,9,2.0551402505265783,0.8572518994144422,1
A-,True,normal,0,0.11401132207985869,0.0,1
A-,True,normal,1,0.15613739026254642,0.04498710438003319,1
A-,True,normal,2,0.3070758767038575,0.1059971921184708,1
A-,True,normal,3,0.4639132390479951,0.3730784629707525,1
A-,True,normal,4,0.6858091278960704,0.5880835837127559,1
A-,True,normal,5,0.9138514351320792,0.8628665676787277,1
A-,True,normal,6,1.0419471253052184,1.1775135253102293,1
A-,True,normal,7,1.1619357666083903,1.5441805435844653,1
A-,True,normal,8,1.1737028122014077,1.894771478031716,1
A-,True,normal,9,1.1474905379854201,2.2354219692555244,1
A-,True,recent_gt,0,0.11401132207985869,0.0,1
A-,True,recent_gt,1,0.15613739026254642,0.04498710438003319,1
A-,True,recent_gt,2,0.3070758767038575,0.1059971921184708,1
A-,True,recent_gt,3,0.37372066759595796,0.3002210124752523,1
A-,True,recent_gt,4,0.628903273600605,0.48881780471184944,1
A-,True,recent_gt,5,0.9326207046888741,0.6290261935343329,1
A-,True,recent_gt,6,1.255327107137059,0.8231279789582513,1
A-,True,recent_gt,7,1.5193221605693623,1.0271141509372586,1
A-,True,recent_gt,8,1.7549833201627958,1.4296928315538657,1
A-,True,recent_gt,9,1.8523964024718185,2.071330235790929,1
A-,True,recent_self,0,0.11401132207985869,0.0,1
A-,True,recent_self,1,0.15613739026254642,0.04498710438003319,1
A-,True,recent_self,2,0.3070758767038575,0.1059971921184708,1
A-,True,recent_self,3,0.5003557274512913,0.4116682098114861,1
A-,True,recent_self,4,0.5971871014862988,0.5999550664927352,1
A-,True,recent_self,5,0.7391355600497662,0.8008595020374024,1
A-,True,recent_self,6,0.7927553270817513,1.0880577227655785,1
A-,True,recent_self,7,0.8423299459671652,1.2206739325553464,1
A-,True,recent_self,8,1.265009907669464,1.3104785539775807,1
A-,True,recent_self,9,1.8248297298870395,1.4210511801934886,1
