N,target,kind,src,group,s,w,n_units,n_stab,rediverge2,rediverge3,mean_err_free
2,gt,P,gt,A-,1,1,2,2.0,0.0,0.0,0.9833878939098459
2,gt,P,gt,A-,1,2,2,2.0,0.0,0.0,1.3543690066750065
2,gt,P,gt,A-,1,3,2,1.0,0.0,0.0,1.8593927912688182
2,gt,P,gt,A-,2,1,2,2.0,0.0,0.0,1.0558900611742084
2,gt,P,gt,A-,2,2,2,2.0,0.0,0.0,1.1118045797278198
2,gt,P,gt,A-,2,3,2,1.0,0.0,0.0,1.2129571395550238
2,gt,P,gt,A-,3,1,2,1.0,0.0,0.0,1.3386267633551534
2,gt,P,gt,A-,3,2,2,1.0,0.0,0.0,1.291852693665394
2,gt,P,gt,A-,3,3,2,1.0,0.0,0.0,1.6217900070855809
2,gt,P,self,A-,1,1,2,2.0,0.0,0.0,1.1763954717555871
2,gt,P,self,A-,1,2,2,2.0,0.0,0.0,0.6765701351707645
2,gt,P,self,A-,1,3,2,2.0,0.0,0.0,1.0738066231929013
2,gt,P,self,A-,2,1,2,2.0,0.0,0.0,0.9349979777098876
2,gt,P,self,A-,2,2,2,2.0,0.0,0.0,1.101744702489038
2,gt,P,self,A-,2,3,2,1.0,0.0,0.0,1.474089588056482
2,gt,P,self,A-,3,1,2,1.0,0.0,0.0,1.0421468282236825
2,gt,P,self,A-,3,2,2,1.0,0.0,0.0,1.3701510643100763
2,gt,P,self,A-,3,3,2,1.0,0.0,0.0,1.8447317247384127
2,gt,T,gt,A-,1,1,2,2.0,0.0,0.0,1.1070494512115678
2,gt,T,gt,A-,1,2,2,1.0,0.0,0.0,1.56675656271941
2,gt,T,gt,A-,1,3,2,1.0,0.0,0.0,1.8315175634317535
2,gt,T,gt,A-,2,1,2,2.0,0.0,0.0,0.938193673473012
2,gt,T,gt,A-,2,2,2,2.0,0.0,0.0,1.0285912745286176
2,gt,T,gt,A-,2,3,2,1.0,0.0,0.0,1.1671723661005746
2,gt,T,gt,A-,3,1,2,1.0,0.0,0.0,1.281880230681353
2,gt,T,gt,A-,3,2,2,1.0,0.0,0.0,1.5298360071743469
2,gt,T,gt,A-,3,3,2,1.0,0.0,0.0,1.8209618343321181
2,gt,T,self,A-,1,1,2,2.0,0.0,0.0,0.9451328105649888
2,gt,T,self,A-,1,2,2,2.0,0.0,0.0,0.949496767411603
2,gt,T,self,A-,1,3,2,2.0,0.0,0.0,0.9093833323252339
2,gt,T,self,A-,2,1,2,2.0,0.0,0.0,0.905220043254102
2,gt,T,self,A-,2,2,2,2.0,0.0,0.0,0.9775380539949672
2,gt,T,self,A-,2,3,2,1.0,0.0,0.0,0.9536541906751117
2,gt,T,self,A-,3,1,2,1.0,0.0,0.0,1.064663892628718
2,gt,T,self,A-,3,2,2,1.0,0.0,0.0,1.0889693114155574
2,gt,T,self,A-,3,3,2,1.0,0.0,0.0,1.859134033183008
2,ref,P,gt,A-,1,1,2,2.0,0.0,0.0,0.8344478213235571
2,ref,P,gt,A-,1,2,2,2.0,0.0,0.0,0.8505188750319039
2,ref,P,gt,A-,1,3,2,2.0,0.0,0.0,0.9952854244769094
2,ref,P,gt,A-,2,1,2,2.0,0.0,0.0,1.011642305807277
2,ref,P,gt,A-,2,2,2,2.0,0.0,0.0,0.6614674955640009
2,ref,P,gt,A-,2,3,2,1.0,0.0,0.0,1.5286538114119264
2,ref,P,gt,A-,3,1,2,1.0,0.0,0.0,1.3181730659132285
2,ref,P,gt,A-,3,2,2,1.0,0.0,0.0,1.931747731163925
2,ref,P,gt,A-,3,3,2,0.0,,,2.604370493570482
2,ref,P,self,A-,1,1,2,2.0,0.0,0.0,1.0175344074101276
2,ref,P,self,A-,1,2,2,2.0,0.0,0.0,0.6781156248735845
2,ref,P,self,A-,1,3,2,2.0,0.0,0.0,0.7392814915687957
2,ref,P,self,A-,2,1,2,2.0,0.0,0.0,1.0231614833790872
2,ref,P,self,A-,2,2,2,2.0,0.0,0.0,0.8754273960456571
2,ref,P,self,A-,2,3,2,1.0,0.0,0.0,0.8648202994186647
2,ref,P,self,A-,3,1,2,1.0,0.0,0.0,1.2963527591504254
2,ref,P,self,A-,3,2,2,1.0,0.0,0.0,1.5283607195242124
2,ref,P,self,A-,3,3,2,1.0,0.0,0.0,1.2474781581830103
2,ref,T,gt,A-,1,1,2,2.0,0.0,0.0,0.8525845866900545
2,ref,T,gt,A-,1,2,2,2.0,0.0,0.0,1.1195703760814497
2,ref,T,gt,A-,1,3,2,2.0,0.0,0.0,0.948452898308191
2,ref,T,gt,A-,2,1,2,2.0,0.0,0.0,0.9158253597467659
2,ref,T,gt,A-,2,2,2,2.0,0.0,0.0,1.116080191512357
2,ref,T,gt,A-,2,3,2,1.0,0.0,0.0,1.4072491557783842
2,ref,T,gt,A-,3,1,2,1.0,0.0,0.0,1.3761391403794794
2,ref,T,gt,A-,3,2,2,1.0,0.0,0.0,1.8127924240131477
2,ref,T,gt,A-,3,3,2,1.0,0.0,0.0,2.1460887136238873
2,ref,T,self,A-,1,1,2,2.0,0.0,0.0,0.9329249392085694
2,ref,T,self,A-,1,2,2,2.0,0.0,0.0,1.1681741004125092
2,ref,T,self,A-,1,3,2,1.0,0.0,0.0,1.4506521660254919
2,ref,T,self,A-,2,1,2,2.0,0.0,0.0,1.0859596939237206
2,ref,T,self,A-,2,2,2,1.0,0.0,0.0,1.4057672498787281
2,ref,T,self,A-,2,3,2,1.0,0.0,0.0,1.7582566935318036
2,ref,T,self,A-,3,1,2,1.0,0.0,0.0,1.278272192044722
2,ref,T,self,A-,3,2,2,1.0,0.0,0.0,1.5834862834365833
2,ref,T,self,A-,3,3,2,1.0,0.0,0.0,1.614913756191359
