config,condition,n,success,ci_lo,ci_hi,success_move_near,success_pick_coke_can,failure_types,vsN_mean_dev_cm,vsN_max_dev_cm,vsN_final_dev_cm,vsN_area_dev_cmstep,vsN_cmd_final_m,vsN_adiff_win,vsN_realigned
r1e4,natural,80,0.8625,0.7875,0.9375,0.8,0.925,"{""dropped_or_lost_grasp"": 1, ""grasped_not_lifted"": 1, ""moved_wrong_obj"": 2, ""never_grasped"": 1, ""not_near_target"": 6, ""success"": 69}",,,,,,,
r1e4,feedback,80,0.65,0.55,0.75,0.75,0.55,"{""dropped_or_lost_grasp"": 8, ""grasped_not_lifted"": 1, ""moved_wrong_obj"": 4, ""never_grasped"": 9, ""not_near_target"": 5, ""object_lifted_or_fell"": 1, ""success"": 52}",9.5185,15.5342,12.8759,685.3289,0.428,0.037,0.0625
r1e4,corrected,80,0.7,0.6,0.8,0.775,0.625,"{""dropped_or_lost_grasp"": 7, ""moved_wrong_obj"": 2, ""never_grasped"": 8, ""not_near_target"": 5, ""success"": 56, ""target_not_moved"": 2}",9.4801,16.3333,12.9423,682.5682,0.4368,0.036,0.0625
r1e4,reverse,80,0.8625,0.7875,0.925,0.9,0.825,"{""dropped_or_lost_grasp"": 4, ""never_grasped"": 3, ""not_near_target"": 2, ""object_lifted_or_fell"": 2, ""success"": 69}",4.1592,8.5363,6.9241,299.461,0.2405,0.016,0.4125
r1e4,natural_gen,80,0.9375,0.875,0.9875,0.9,0.975,"{""dropped_or_lost_grasp"": 1, ""not_near_target"": 4, ""success"": 75}",2.7778,5.6,4.707,200.0,0.1598,0.0062,0.7875
r1e2,natural,80,0.85,0.7625,0.925,0.825,0.875,"{""dropped_or_lost_grasp"": 3, ""moved_wrong_obj"": 1, ""never_grasped"": 2, ""not_near_target"": 5, ""object_lifted_or_fell"": 1, ""success"": 68}",,,,,,,
r1e2,feedback,80,0.7,0.6,0.8,0.725,0.675,"{""dropped_or_lost_grasp"": 3, ""grasped_not_lifted"": 2, ""moved_wrong_obj"": 1, ""never_grasped"": 8, ""not_near_target"": 5, ""object_lifted_or_fell"": 2, ""success"": 56, ""target_not_moved"": 3}",9.2318,15.0818,11.2434,664.6894,0.3969,0.0441,0.075
r1e2,corrected,80,0.6875,0.5875,0.7875,0.725,0.65,"{""dropped_or_lost_grasp"": 5, ""grasped_not_lifted"": 1, ""moved_wrong_obj"": 3, ""never_grasped"": 8, ""not_near_target"": 4, ""object_lifted_or_fell"": 2, ""success"": 55, ""target_not_moved"": 2}",9.275,15.2162,11.3393,667.7969,0.3942,0.0439,0.025
r1e2,reverse,80,0.8625,0.7875,0.925,0.875,0.85,"{""dropped_or_lost_grasp"": 1, ""grasped_not_lifted"": 1, ""never_grasped"": 4, ""not_near_target"": 2, ""object_lifted_or_fell"": 3, ""success"": 69}",4.0312,8.0482,6.0558,290.244,0.1995,0.0183,0.3375
r1e1,natural,80,0.85,0.775,0.925,0.775,0.925,"{""dropped_or_lost_grasp"": 2, ""moved_wrong_obj"": 2, ""never_grasped"": 1, ""not_near_target"": 2, ""object_lifted_or_fell"": 5, ""success"": 68}",,,,,,,
r1e1,feedback,80,0.675,0.575,0.775,0.775,0.575,"{""dropped_or_lost_grasp"": 4, ""moved_wrong_obj"": 2, ""never_grasped"": 13, ""not_near_target"": 4, ""object_lifted_or_fell"": 2, ""success"": 54, ""target_not_moved"": 1}",9.9656,18.0391,9.8917,717.5254,0.3952,0.0533,0.0125
r1e1,corrected,80,0.6875,0.5875,0.7875,0.75,0.625,"{""dropped_or_lost_grasp"": 4, ""grasped_not_lifted"": 1, ""moved_wrong_obj"": 6, ""never_grasped"": 10, ""not_near_target"": 1, ""object_lifted_or_fell"": 1, ""success"": 55, ""target_not_moved"": 2}",10.3604,17.9221,10.2918,745.9473,0.4563,0.0532,0.0125
r1e1,reverse,80,0.8,0.7125,0.8875,0.75,0.85,"{""dropped_or_lost_grasp"": 4, ""moved_wrong_obj"": 2, ""never_grasped"": 2, ""not_near_target"": 4, ""object_lifted_or_fell"": 4, ""success"": 64}",4.7303,8.3029,6.0136,340.5812,0.1897,0.0183,0.3375
r2e2,natural,80,0.825,0.7375,0.9,0.8,0.85,"{""dropped_or_lost_grasp"": 4, ""grasped_not_lifted"": 1, ""moved_wrong_obj"": 2, ""never_grasped"": 1, ""not_near_target"": 5, ""object_lifted_or_fell"": 1, ""success"": 66}",,,,,,,
r2e2,feedback,80,0.775,0.6875,0.8625,0.875,0.675,"{""dropped_or_lost_grasp"": 4, ""moved_wrong_obj"": 2, ""never_grasped"": 9, ""not_near_target"": 2, ""object_lifted_or_fell"": 1, ""success"": 62}",6.887,11.9349,9.8586,495.8653,0.4003,0.0325,0.0875
r2e2,corrected,80,0.775,0.6875,0.85,0.9,0.65,"{""dropped_or_lost_grasp"": 7, ""grasped_not_lifted"": 3, ""moved_wrong_obj"": 1, ""never_grasped"": 4, ""not_near_target"": 2, ""object_lifted_or_fell"": 1, ""success"": 62}",6.3934,11.2194,9.2474,460.3266,0.3931,0.0298,0.075
r2e2,reverse,80,0.8375,0.75,0.9125,0.85,0.825,"{""dropped_or_lost_grasp"": 1, ""grasped_not_lifted"": 2, ""never_grasped"": 4, ""not_near_target"": 4, ""object_lifted_or_fell"": 2, ""success"": 67}",4.3023,8.9042,6.8488,309.7642,0.2928,0.0201,0.3625
r2e1,natural,80,0.875,0.8,0.9375,0.8,0.95,"{""dropped_or_lost_grasp"": 2, ""not_near_target"": 3, ""object_lifted_or_fell"": 4, ""success"": 70, ""target_not_moved"": 1}",,,,,,,
r2e1,feedback,80,0.7625,0.6625,0.85,0.825,0.7,"{""dropped_or_lost_grasp"": 3, ""grasped_not_lifted"": 2, ""moved_wrong_obj"": 1, ""never_grasped"": 7, ""not_near_target"": 3, ""object_lifted_or_fell"": 3, ""success"": 61}",7.9573,13.9899,9.1233,572.9283,0.4076,0.044,0.075
r2e1,corrected,80,0.6875,0.5875,0.7875,0.675,0.7,"{""dropped_or_lost_grasp"": 3, ""grasped_not_lifted"": 4, ""moved_wrong_obj"": 3, ""never_grasped"": 5, ""not_near_target"": 8, ""object_lifted_or_fell"": 1, ""success"": 55, ""target_not_moved"": 1}",7.6883,13.3995,9.2455,553.5587,0.4005,0.0437,0.0625
r2e1,reverse,80,0.85,0.7625,0.925,0.825,0.875,"{""dropped_or_lost_grasp"": 2, ""never_grasped"": 3, ""not_near_target"": 5, ""success"": 68, ""target_not_moved"": 2}",4.6958,9.5374,6.6692,338.0957,0.2763,0.0223,0.4125
r4e1,natural,80,0.825,0.7375,0.9,0.8,0.85,"{""dropped_or_lost_grasp"": 4, ""moved_wrong_obj"": 1, ""never_grasped"": 2, ""not_near_target"": 3, ""object_lifted_or_fell"": 2, ""success"": 66, ""target_not_moved"": 2}",,,,,,,
r4e1,feedback,80,0.7375,0.6375,0.825,0.8,0.675,"{""dropped_or_lost_grasp"": 1, ""grasped_not_lifted"": 2, ""moved_wrong_obj"": 1, ""never_grasped"": 10, ""not_near_target"": 5, ""object_lifted_or_fell"": 2, ""success"": 59}",7.323,12.8906,10.2195,527.2595,0.4068,0.0397,0.0875
r4e1,corrected,80,0.75,0.65,0.85,0.8,0.7,"{""dropped_or_lost_grasp"": 5, ""grasped_not_lifted"": 2, ""moved_wrong_obj"": 1, ""never_grasped"": 5, ""not_near_target"": 6, ""object_lifted_or_fell"": 1, ""success"": 60}",7.6968,13.4032,11.4336,554.173,0.4157,0.0299,0.1125
r4e1,reverse,80,0.8125,0.725,0.9,0.725,0.9,"{""dropped_or_lost_grasp"": 2, ""grasped_not_lifted"": 1, ""moved_wrong_obj"": 1, ""never_grasped"": 1, ""not_near_target"": 7, ""object_lifted_or_fell"": 2, ""success"": 65, ""target_not_moved"": 1}",5.5716,11.2034,9.4704,401.153,0.3442,0.03,0.3375
r4e1,natural_gen,80,0.8,0.7122,0.8875,0.75,0.85,"{""dropped_or_lost_grasp"": 3, ""grasped_not_lifted"": 1, ""never_grasped"": 2, ""not_near_target"": 7, ""object_lifted_or_fell"": 3, ""success"": 64}",2.5282,5.4425,4.2819,182.0328,0.1742,0.0079,0.7625
