axis,contrast_type,metric,primary,did,c1,c2,c1_est,c2_est,n,estimate,ci_lo,ci_hi,test,p,p_signflip,move_near_est,move_near_ci_lo,move_near_ci_hi,move_near_p,pick_coke_can_est,pick_coke_can_ci_lo,pick_coke_can_ci_hi,pick_coke_can_p,p_holm_family7,q_bh_all
e1,R-N,success,True,r2e1 - r1e1,r1e1,r2e1,-0.05,-0.025,80,0.025,-0.0875,0.15,sign-flip permutation,0.8402,0.8402,0.05,-0.125,0.25,0.8105,0.0,-0.15,0.125,1.0,1.0,1.0
e1,R-N,success,True,r4e1 - r1e1,r1e1,r4e1,-0.05,-0.0125,80,0.0375,-0.075,0.15,sign-flip permutation,0.6764,0.6764,-0.05,-0.2,0.1,0.7564,0.125,-0.05,0.3,0.2662,1.0,0.882622
e1,R-N,success,True,r4e1 - r2e1,r2e1,r4e1,-0.025,-0.0125,80,0.0125,-0.125,0.15,sign-flip permutation,1.0,1.0,-0.1,-0.325,0.1,0.519,0.125,-0.05,0.3,0.3047,1.0,1.0
r1,R-N,success,True,r1e2 - r1e1,r1e1,r1e2,-0.05,0.0125,80,0.0625,-0.0625,0.1875,sign-flip permutation,0.4279,0.4279,0.075,-0.075,0.225,0.5134,0.05,-0.15,0.25,0.8111,1.0,0.687446
r1,R-N,success,True,r1e4 - r1e1,r1e1,r1e4,-0.05,0.0,80,0.05,-0.0625,0.1625,sign-flip permutation,0.5306,0.5306,0.125,-0.05,0.3,0.312,-0.025,-0.15,0.1,1.0,1.0,0.758439
r1,R-N,success,True,r1e4 - r1e2,r1e2,r1e4,0.0125,0.0,80,-0.0125,-0.125,0.1,sign-flip permutation,1.0,1.0,0.05,-0.075,0.2,0.7505,-0.075,-0.275,0.1,0.6283,1.0,1.0
r2,R-N,success,True,r2e2 - r2e1,r2e1,r2e2,-0.025,0.0125,80,0.0375,-0.1375,0.2125,sign-flip permutation,0.77,0.77,0.025,-0.275,0.3,1.0,0.05,-0.125,0.225,0.7955,1.0,0.950045
e1,R-N,mean_dev_cm,False,r2e1 - r1e1,r1e1,r2e1,4.7303,4.6958,80,-0.0345,-0.9098,0.8342,Wilcoxon signed-rank,0.950281,0.9371,1.0694,-0.1315,2.3846,0.301062,-1.1385,-2.3868,-0.0074,0.221361,1.0,1.0
e1,R-N,mean_dev_cm,False,r4e1 - r1e1,r1e1,r4e1,4.7303,5.5716,80,0.8413,0.0094,1.6794,Wilcoxon signed-rank,0.025725,0.0766,2.3467,1.2476,3.5958,1.3e-05,-0.6641,-1.9008,0.5799,0.382645,0.180075,0.105044
e1,R-N,mean_dev_cm,False,r4e1 - r2e1,r2e1,r4e1,4.6958,5.5716,80,0.8758,-0.0243,1.7863,Wilcoxon signed-rank,0.03016,0.0667,1.2772,-0.2301,2.801,0.015876,0.4744,-0.516,1.4912,0.589976,0.18096,0.111535
r1,R-N,mean_dev_cm,False,r1e2 - r1e1,r1e1,r1e2,4.7303,4.0312,80,-0.6991,-1.3953,-0.0773,Wilcoxon signed-rank,0.050355,0.0361,-0.4186,-1.279,0.3285,0.294817,-0.9796,-1.9882,-0.0287,0.089209,0.230045,0.150861
r1,R-N,mean_dev_cm,False,r1e4 - r1e1,r1e1,r1e4,4.7303,4.1592,80,-0.5711,-1.4112,0.2788,Wilcoxon signed-rank,0.046009,0.184,-0.1233,-1.3823,1.1978,0.192196,-1.0189,-2.065,-0.018,0.108799,0.230045,0.143139
r1,R-N,mean_dev_cm,False,r1e4 - r1e2,r1e2,r1e4,4.0312,4.1592,80,0.128,-0.6306,0.9512,Wilcoxon signed-rank,0.679979,0.7598,0.2953,-0.7928,1.6168,0.307392,-0.0393,-1.0218,0.9726,0.836755,1.0,0.882622
r2,R-N,mean_dev_cm,False,r2e2 - r2e1,r2e1,r2e2,4.6958,4.3023,80,-0.3935,-1.0535,0.2222,Wilcoxon signed-rank,0.874235,0.2381,-0.5199,-1.72,0.474,0.535971,-0.2671,-0.934,0.3733,0.389993,1.0,1.0
e1,R-N,final_dev_cm,False,r2e1 - r1e1,r1e1,r2e1,6.0136,6.6692,80,0.6555,-0.9112,2.1828,Wilcoxon signed-rank,0.157086,0.4174,2.1114,-0.071,4.4322,0.074727,-0.8004,-3.028,1.1503,0.994698,0.78543,0.362222
e1,R-N,final_dev_cm,False,r4e1 - r1e1,r1e1,r4e1,6.0136,9.4704,80,3.4568,1.8352,5.1332,Wilcoxon signed-rank,4.8e-05,0.0001,5.5732,3.4759,7.8297,2e-06,1.3404,-1.2093,3.7855,0.259141,0.000336,0.001344
e1,R-N,final_dev_cm,False,r4e1 - r2e1,r2e1,r4e1,6.6692,9.4704,80,2.8013,1.0805,4.4799,Wilcoxon signed-rank,0.001793,0.0016,3.4618,1.081,6.0036,0.009381,2.1407,-0.1504,4.3332,0.045098,0.010758,0.013016
r1,R-N,final_dev_cm,False,r1e2 - r1e1,r1e1,r1e2,6.0136,6.0558,80,0.0422,-1.036,1.0723,Wilcoxon signed-rank,0.722639,0.9412,-0.4367,-1.5594,0.5746,0.734557,0.5211,-1.2394,2.2851,0.427972,1.0,0.925734
r1,R-N,final_dev_cm,False,r1e4 - r1e1,r1e1,r1e4,6.0136,6.9241,80,0.9105,-0.7638,2.6673,Wilcoxon signed-rank,0.176187,0.2942,0.8729,-1.5603,3.5417,0.599209,0.9481,-1.2631,3.0484,0.13868,0.78543,0.376228
r1,R-N,final_dev_cm,False,r1e4 - r1e2,r1e2,r1e4,6.0558,6.9241,80,0.8683,-0.729,2.5765,Wilcoxon signed-rank,0.825377,0.3135,1.3096,-0.8502,3.929,0.655899,0.427,-1.8213,2.5682,0.636765,1.0,0.998604
r2,R-N,final_dev_cm,False,r2e2 - r2e1,r2e1,r2e2,6.6692,6.8488,80,0.1796,-1.1171,1.3956,Wilcoxon signed-rank,0.555218,0.7791,-0.416,-2.9425,1.7124,0.984094,0.7752,-0.2504,1.8375,0.404938,1.0,0.766357
e1,R-N,max_dev_cm,False,r2e1 - r1e1,r1e1,r2e1,8.3029,9.5374,80,1.2345,-0.1737,2.6949,Wilcoxon signed-rank,0.0614,0.1015,3.1491,1.2409,5.4468,0.009782,-0.68,-2.6866,1.1711,0.952306,0.307,0.17192
e1,R-N,max_dev_cm,False,r4e1 - r1e1,r1e1,r4e1,8.3029,11.2034,80,2.9005,1.3642,4.4042,Wilcoxon signed-rank,0.000243,0.0008,5.2888,3.3877,7.4043,1e-06,0.5123,-1.9105,2.8775,0.5448,0.001701,0.003402
e1,R-N,max_dev_cm,False,r4e1 - r2e1,r2e1,r4e1,9.5374,11.2034,80,1.666,-0.0756,3.2243,Wilcoxon signed-rank,0.023877,0.0588,2.1397,-0.6214,4.659,0.042194,1.1923,-0.9158,3.2932,0.301062,0.143262,0.105044
r1,R-N,max_dev_cm,False,r1e2 - r1e1,r1e1,r1e2,8.3029,8.0482,80,-0.2547,-1.4061,0.8032,Wilcoxon signed-rank,0.89696,0.6689,-0.6379,-1.9392,0.5953,0.535971,0.1284,-1.7099,1.9306,0.694827,1.0,1.0
r1,R-N,max_dev_cm,False,r1e4 - r1e1,r1e1,r1e4,8.3029,8.5363,80,0.2334,-1.1198,1.6446,Wilcoxon signed-rank,0.927388,0.7366,0.5814,-1.0988,2.5084,0.617865,-0.1146,-2.1145,1.8422,0.785203,1.0,1.0
r1,R-N,max_dev_cm,False,r1e4 - r1e2,r1e2,r1e4,8.0482,8.5363,80,0.4882,-0.9283,2.026,Wilcoxon signed-rank,0.645189,0.5249,1.2193,-0.7012,3.5382,0.617865,-0.243,-2.1487,1.7218,0.816039,1.0,0.854439
r2,R-N,max_dev_cm,False,r2e2 - r2e1,r2e1,r2e2,9.5374,8.9042,80,-0.6332,-1.7851,0.3754,Wilcoxon signed-rank,0.403957,0.263,-0.7043,-2.8099,1.0726,0.920592,-0.5621,-1.4665,0.3813,0.097234,1.0,0.665341
e1,R-N,area_dev_cmstep,True,r2e1 - r1e1,r1e1,r2e1,340.5812,338.0957,80,-2.4855,-65.5035,60.0652,Wilcoxon signed-rank,0.950281,0.9371,76.9994,-9.4688,171.6931,0.301062,-81.9703,-171.8495,-0.5326,0.221361,1.0,1.0
e1,R-N,area_dev_cmstep,True,r4e1 - r1e1,r1e1,r4e1,340.5812,401.153,80,60.5718,0.6767,120.9193,Wilcoxon signed-rank,0.025725,0.0766,168.9591,89.8238,258.8995,1.3e-05,-47.8155,-136.8567,41.7496,0.382645,0.180075,0.105044
e1,R-N,area_dev_cmstep,True,r4e1 - r2e1,r2e1,r4e1,338.0957,401.153,80,63.0573,-1.7466,128.6166,Wilcoxon signed-rank,0.03016,0.0667,91.9598,-16.5654,201.6709,0.015876,34.1548,-37.1509,107.3631,0.589976,0.18096,0.111535
r1,R-N,area_dev_cmstep,True,r1e2 - r1e1,r1e1,r1e2,340.5812,290.244,80,-50.3372,-100.4644,-5.5622,Wilcoxon signed-rank,0.050355,0.0361,-30.1423,-92.0873,23.6491,0.294817,-70.5321,-143.1478,-2.0654,0.089209,0.230045,0.150861
r1,R-N,area_dev_cmstep,True,r1e4 - r1e1,r1e1,r1e4,340.5812,299.461,80,-41.1201,-101.6096,20.0732,Wilcoxon signed-rank,0.046009,0.184,-8.8788,-99.5254,86.2433,0.192196,-73.3615,-148.6772,-1.2995,0.108799,0.230045,0.143139
r1,R-N,area_dev_cmstep,True,r1e4 - r1e2,r1e2,r1e4,290.244,299.461,80,9.217,-45.4017,68.4899,Wilcoxon signed-rank,0.679979,0.7598,21.2635,-57.0823,116.4086,0.307392,-2.8294,-73.5684,70.0278,0.836755,1.0,0.882622
r2,R-N,area_dev_cmstep,True,r2e2 - r2e1,r2e1,r2e2,338.0957,309.7642,80,-28.3315,-75.8553,15.9954,Wilcoxon signed-rank,0.874235,0.2381,-37.4292,-123.8379,34.1311,0.535971,-19.2338,-67.251,26.8777,0.389993,1.0,1.0
e1,R-N,post_area_dev_cmstep,False,r2e1 - r1e1,r1e1,r2e1,306.6131,305.0752,80,-1.5378,-62.4997,58.0011,Wilcoxon signed-rank,0.908355,0.9598,73.8544,-9.361,165.978,0.427972,-76.93,-163.4755,3.1989,0.288658,1.0,1.0
e1,R-N,post_area_dev_cmstep,False,r4e1 - r1e1,r1e1,r4e1,306.6131,358.5009,80,51.8879,-7.7052,112.5081,Wilcoxon signed-rank,0.040086,0.1197,147.3888,68.1461,237.0166,4.7e-05,-43.613,-130.6032,43.6042,0.375381,0.280602,0.137041
e1,R-N,post_area_dev_cmstep,False,r4e1 - r2e1,r2e1,r4e1,305.0752,358.5009,80,53.4257,-10.1635,118.8828,Wilcoxon signed-rank,0.059431,0.1132,73.5344,-33.6939,182.7139,0.043626,33.317,-35.2366,104.0354,0.5448,0.356586,0.171301
r1,R-N,post_area_dev_cmstep,False,r1e2 - r1e1,r1e1,r1e2,306.6131,261.8039,80,-44.8092,-93.0705,-1.6887,Wilcoxon signed-rank,0.069825,0.0543,-27.5668,-87.3926,24.1167,0.313807,-62.0516,-132.3613,4.2732,0.118149,0.356586,0.182476
r1,R-N,post_area_dev_cmstep,False,r1e4 - r1e1,r1e1,r1e4,306.6131,273.6978,80,-32.9153,-92.5746,27.9776,Wilcoxon signed-rank,0.059431,0.2778,-5.7044,-93.8068,88.6846,0.183117,-60.1261,-134.0238,9.5549,0.178696,0.356586,0.171301
r1,R-N,post_area_dev_cmstep,False,r1e4 - r1e2,r1e2,r1e4,261.8039,273.6978,80,11.894,-41.218,69.1862,Wilcoxon signed-rank,0.780865,0.69,21.8624,-56.5971,114.6168,0.443733,1.9255,-67.0382,72.1657,0.764825,1.0,0.95656
r2,R-N,post_area_dev_cmstep,False,r2e2 - r2e1,r2e1,r2e2,305.0752,279.2859,80,-25.7893,-71.7496,16.4628,Wilcoxon signed-rank,0.969392,0.2653,-38.0392,-122.941,31.6412,0.501375,-13.5395,-59.5428,29.7761,0.509914,1.0,1.0
e1,R-N,cmd_final_m,False,r2e1 - r1e1,r1e1,r2e1,0.1897,0.2763,80,0.0866,0.0204,0.1561,Wilcoxon signed-rank,0.001001,0.0139,0.1559,0.0538,0.2688,4.4e-05,0.0173,-0.0615,0.0885,0.354092,0.006006,0.008232
e1,R-N,cmd_final_m,False,r4e1 - r1e1,r1e1,r4e1,0.1897,0.3442,80,0.1545,0.0825,0.2305,Wilcoxon signed-rank,1.3e-05,0.0002,0.2233,0.1206,0.3421,0.0,0.0857,-0.0161,0.1852,0.118149,9.1e-05,0.00051
e1,R-N,cmd_final_m,False,r4e1 - r2e1,r2e1,r4e1,0.2763,0.3442,80,0.0679,-0.0238,0.1574,Wilcoxon signed-rank,0.045489,0.1507,0.0674,-0.0921,0.2252,0.320308,0.0684,-0.0127,0.1494,0.079329,0.227445,0.143139
r1,R-N,cmd_final_m,False,r1e2 - r1e1,r1e1,r1e2,0.1897,0.1995,80,0.0098,-0.0405,0.0595,Wilcoxon signed-rank,0.938828,0.7017,0.0141,-0.0666,0.0899,0.744604,0.0055,-0.061,0.0721,0.857582,1.0,1.0
r1,R-N,cmd_final_m,False,r1e4 - r1e1,r1e1,r1e4,0.1897,0.2405,80,0.0508,-0.0122,0.1152,Wilcoxon signed-rank,0.2848,0.1226,0.0838,-0.0173,0.1935,0.518527,0.0179,-0.0583,0.0882,0.476208,0.8544,0.52169
r1,R-N,cmd_final_m,False,r1e4 - r1e2,r1e2,r1e4,0.1995,0.2405,80,0.041,-0.0109,0.0939,Wilcoxon signed-rank,0.20032,0.1354,0.0697,-0.0117,0.1558,0.382645,0.0124,-0.0517,0.0763,0.389993,0.80128,0.396593
r2,R-N,cmd_final_m,False,r2e2 - r2e1,r2e1,r2e2,0.2763,0.2928,80,0.0165,-0.0662,0.11,Wilcoxon signed-rank,0.946462,0.7324,0.011,-0.151,0.1991,0.580807,0.022,-0.0185,0.0633,0.509914,1.0,1.0
e1,R-N,cmd_max_m,False,r2e1 - r1e1,r1e1,r2e1,0.2693,0.3517,80,0.0824,0.0183,0.1516,Wilcoxon signed-rank,0.013148,0.0168,0.1586,0.0562,0.2792,0.001367,0.0062,-0.0626,0.0718,0.744604,0.078888,0.068744
e1,R-N,cmd_max_m,False,r4e1 - r1e1,r1e1,r4e1,0.2693,0.4166,80,0.1472,0.0782,0.2211,Wilcoxon signed-rank,0.0001,0.0003,0.2298,0.1311,0.3534,1e-06,0.0647,-0.0244,0.1565,0.201593,0.0007,0.00196
e1,R-N,cmd_max_m,False,r4e1 - r2e1,r2e1,r4e1,0.3517,0.4166,80,0.0648,-0.0238,0.1457,Wilcoxon signed-rank,0.043958,0.1608,0.0712,-0.089,0.2241,0.149902,0.0584,-0.0152,0.1334,0.187617,0.21979,0.143139
r1,R-N,cmd_max_m,False,r1e2 - r1e1,r1e1,r1e2,0.2693,0.2591,80,-0.0103,-0.0631,0.0408,Wilcoxon signed-rank,0.483755,0.7019,-0.0123,-0.095,0.0683,0.294817,-0.0082,-0.0764,0.0576,0.920592,1.0,0.73203
r1,R-N,cmd_max_m,False,r1e4 - r1e1,r1e1,r1e4,0.2693,0.29,80,0.0206,-0.0398,0.0794,Wilcoxon signed-rank,0.900756,0.5037,0.0515,-0.0476,0.1608,0.826382,-0.0102,-0.0747,0.0507,0.675257,1.0,1.0
r1,R-N,cmd_max_m,False,r1e4 - r1e2,r1e2,r1e4,0.2591,0.29,80,0.0309,-0.016,0.0822,Wilcoxon signed-rank,0.969392,0.2272,0.0638,-0.0089,0.1459,0.920592,-0.002,-0.0616,0.0604,0.836755,1.0,1.0
r2,R-N,cmd_max_m,False,r2e2 - r2e1,r2e1,r2e2,0.3517,0.3538,80,0.0021,-0.0673,0.0854,Wilcoxon signed-rank,0.545612,0.9598,0.0136,-0.1227,0.1773,0.920592,-0.0094,-0.0458,0.0259,0.333566,1.0,0.758439
e1,R-N,adiff_win,False,r2e1 - r1e1,r1e1,r2e1,0.0183,0.0223,80,0.0041,0.0011,0.007,Wilcoxon signed-rank,0.002396,0.0092,0.0036,-0.0015,0.0086,0.058403,0.0045,0.0011,0.008,0.009782,0.01198,0.016772
e1,R-N,adiff_win,False,r4e1 - r1e1,r1e1,r4e1,0.0183,0.03,80,0.0117,0.0089,0.0147,Wilcoxon signed-rank,0.0,0.0,0.0184,0.0144,0.0225,0.0,0.0051,0.0009,0.0095,0.032079,0.0,0.0
e1,R-N,adiff_win,False,r4e1 - r2e1,r2e1,r4e1,0.0223,0.03,80,0.0076,0.0046,0.0106,Wilcoxon signed-rank,0.000132,0.0,0.0147,0.0101,0.0193,0.0,0.0006,-0.0032,0.0046,0.878507,0.000792,0.002352
r1,R-N,adiff_win,False,r1e2 - r1e1,r1e1,r1e2,0.0183,0.0183,80,0.0,-0.0025,0.0025,Wilcoxon signed-rank,0.53609,0.9758,-0.0011,-0.005,0.0028,0.920592,0.0012,-0.002,0.0041,0.307392,0.53609,0.758439
r1,R-N,adiff_win,False,r1e4 - r1e1,r1e1,r1e4,0.0183,0.016,80,-0.0023,-0.0044,-0.0001,Wilcoxon signed-rank,0.069825,0.0415,-0.001,-0.0042,0.0023,0.694827,-0.0036,-0.0065,-0.0008,0.034395,0.209475,0.182476
r1,R-N,adiff_win,False,r1e4 - r1e2,r1e2,r1e4,0.0183,0.016,80,-0.0023,-0.0044,-0.0003,Wilcoxon signed-rank,0.033204,0.0356,0.0001,-0.0028,0.0031,0.685016,-0.0048,-0.0075,-0.0021,0.005097,0.132816,0.120518
r2,R-N,adiff_win,False,r2e2 - r2e1,r2e1,r2e2,0.0223,0.0201,80,-0.0022,-0.005,0.0005,Wilcoxon signed-rank,0.10705,0.1328,0.0002,-0.005,0.0051,0.694827,-0.0046,-0.0073,-0.0018,0.002277,0.2141,0.262273
e1,R-N,adiff_all,False,r2e1 - r1e1,r1e1,r2e1,0.0092,0.013,80,0.0038,0.0021,0.0057,Wilcoxon signed-rank,8.7e-05,0.0,0.0049,0.0023,0.0079,0.000638,0.0028,0.0005,0.0051,0.022363,0.000522,0.001895
e1,R-N,adiff_all,False,r4e1 - r1e1,r1e1,r4e1,0.0092,0.0166,80,0.0075,0.0053,0.0096,Wilcoxon signed-rank,0.0,0.0,0.0119,0.0087,0.0152,0.0,0.003,0.0,0.0061,0.121399,0.0,0.0
e1,R-N,adiff_all,False,r4e1 - r2e1,r2e1,r4e1,0.013,0.0166,80,0.0036,0.0018,0.0055,Wilcoxon signed-rank,0.000221,0.0009,0.0071,0.0039,0.0102,6e-06,0.0002,-0.0018,0.0022,0.836755,0.001105,0.003332
r1,R-N,adiff_all,False,r1e2 - r1e1,r1e1,r1e2,0.0092,0.0098,80,0.0006,-0.0008,0.002,Wilcoxon signed-rank,0.486755,0.3906,-0.0,-0.0016,0.0017,0.714597,0.0013,-0.0009,0.0035,0.282584,0.97351,0.73203
r1,R-N,adiff_all,False,r1e4 - r1e1,r1e1,r1e4,0.0092,0.0104,80,0.0012,-0.0005,0.0029,Wilcoxon signed-rank,0.313816,0.1607,0.0022,-0.0002,0.0049,0.253492,0.0003,-0.0021,0.0024,0.774995,0.941448,0.554126
r1,R-N,adiff_all,False,r1e4 - r1e2,r1e2,r1e4,0.0098,0.0104,80,0.0006,-0.0011,0.0023,Wilcoxon signed-rank,0.977041,0.4996,0.0022,-0.0005,0.005,0.382645,-0.001,-0.0028,0.0008,0.276596,0.977041,1.0
r2,R-N,adiff_all,False,r2e2 - r2e1,r2e1,r2e2,0.013,0.0115,80,-0.0015,-0.003,0.0002,Wilcoxon signed-rank,0.015632,0.0803,-0.0002,-0.0027,0.0028,0.868033,-0.0028,-0.0046,-0.0013,0.000798,0.062528,0.075718
e1,R-N,realigned,False,r2e1 - r1e1,r1e1,r2e1,0.3375,0.4125,80,0.075,-0.05,0.2,sign-flip permutation,0.3463,0.3463,0.025,-0.15,0.2,1.0,0.125,-0.05,0.3,0.2933,1.0,0.606025
e1,R-N,realigned,False,r4e1 - r1e1,r1e1,r4e1,0.3375,0.3375,80,0.0,-0.125,0.125,sign-flip permutation,1.0,1.0,-0.175,-0.375,0.0256,0.1671,0.175,0.025,0.325,0.0648,1.0,1.0
e1,R-N,realigned,False,r4e1 - r2e1,r2e1,r4e1,0.4125,0.3375,80,-0.075,-0.2,0.05,sign-flip permutation,0.362,0.362,-0.2,-0.375,-0.025,0.0597,0.05,-0.15,0.25,0.8033,1.0,0.627894
r1,R-N,realigned,False,r1e2 - r1e1,r1e1,r1e2,0.3375,0.3375,80,0.0,-0.1125,0.1125,sign-flip permutation,1.0,1.0,-0.1,-0.25,0.05,0.3446,0.1,-0.0506,0.275,0.3802,1.0,1.0
r1,R-N,realigned,False,r1e4 - r1e1,r1e1,r1e4,0.3375,0.4125,80,0.075,-0.025,0.175,sign-flip permutation,0.2338,0.2338,0.05,-0.075,0.2,0.7293,0.1,-0.05,0.25,0.3405,1.0,0.444901
r1,R-N,realigned,False,r1e4 - r1e2,r1e2,r1e4,0.3375,0.4125,80,0.075,-0.025,0.175,sign-flip permutation,0.2577,0.2577,0.15,0.025,0.275,0.0705,0.0,-0.175,0.15,1.0,1.0,0.48104
r2,R-N,realigned,False,r2e2 - r2e1,r2e1,r2e2,0.4125,0.3625,80,-0.05,-0.1878,0.0875,sign-flip permutation,0.6346,0.6346,-0.325,-0.5,-0.125,0.0048,0.225,0.025,0.425,0.0793,1.0,0.846133
e1,R-N,realign_t80,False,r2e1 - r1e1,r1e1,r2e1,61.9375,59.3125,80,-2.625,-9.2628,3.9134,Wilcoxon signed-rank,0.477858,0.4446,1.3,-7.5275,10.1756,0.794803,-6.55,-15.3506,2.4525,0.205273,1.0,0.73172
e1,R-N,realign_t80,False,r4e1 - r1e1,r1e1,r4e1,61.9375,62.8375,80,0.9,-5.8625,7.7128,Wilcoxon signed-rank,0.491069,0.814,11.4,0.45,22.425,0.006708,-9.6,-17.6013,-1.6238,0.026132,1.0,0.73203
e1,R-N,realign_t80,False,r4e1 - r2e1,r2e1,r4e1,59.3125,62.8375,80,3.525,-3.5625,10.9266,Wilcoxon signed-rank,0.227975,0.3495,10.1,0.8994,19.4512,0.010302,-3.05,-13.8006,7.4006,0.477205,1.0,0.442407
r1,R-N,realign_t80,False,r1e2 - r1e1,r1e1,r1e2,61.9375,61.3625,80,-0.575,-6.6262,5.4891,Wilcoxon signed-rank,0.952765,0.9042,5.425,-3.0,13.85,0.323121,-6.575,-15.325,1.6019,0.199463,1.0,1.0
r1,R-N,realign_t80,False,r1e4 - r1e1,r1e1,r1e4,61.9375,57.75,80,-4.1875,-9.6878,1.0631,Wilcoxon signed-rank,0.168257,0.1283,-2.825,-11.05,4.325,0.421848,-5.55,-12.7513,1.6262,0.205726,1.0,0.370876
r1,R-N,realign_t80,False,r1e4 - r1e2,r1e2,r1e4,61.3625,57.75,80,-3.6125,-8.9878,2.0378,Wilcoxon signed-rank,0.202482,0.2162,-8.25,-15.325,-1.325,0.066789,1.025,-7.2506,9.8256,0.899218,1.0,0.396865
r2,R-N,realign_t80,False,r2e2 - r2e1,r2e1,r2e2,59.3125,60.4125,80,1.1,-6.0756,8.575,Wilcoxon signed-rank,0.927715,0.7942,15.325,5.05,24.85,0.013284,-13.125,-23.6006,-2.55,0.017092,1.0,1.0
e1,R-N,sticky_onsets_win_diff,False,r2e1 - r1e1,r1e1,r2e1,0.1625,0.075,80,-0.0875,-0.2125,0.0375,Wilcoxon signed-rank,0.161513,0.2267,-0.05,-0.175,0.075,0.414216,-0.125,-0.3256,0.075,0.251349,0.807565,0.363868
e1,R-N,sticky_onsets_win_diff,False,r4e1 - r1e1,r1e1,r4e1,0.1625,-0.0125,80,-0.175,-0.3125,-0.05,Wilcoxon signed-rank,0.013328,0.0167,-0.2,-0.4,0.0,0.059346,-0.15,-0.325,0.025,0.108809,0.093296,0.068744
e1,R-N,sticky_onsets_win_diff,False,r4e1 - r2e1,r2e1,r4e1,0.075,-0.0125,80,-0.0875,-0.2375,0.0625,Wilcoxon signed-rank,0.271781,0.3289,-0.15,-0.35,0.05,0.157299,-0.025,-0.25,0.2,0.850998,0.815343,0.502538
r1,R-N,sticky_onsets_win_diff,False,r1e2 - r1e1,r1e1,r1e2,0.1625,0.075,80,-0.0875,-0.2125,0.0253,Wilcoxon signed-rank,0.161513,0.2301,-0.025,-0.175,0.125,0.738883,-0.15,-0.35,0.05,0.133614,0.807565,0.363868
r1,R-N,sticky_onsets_win_diff,False,r1e4 - r1e1,r1e1,r1e4,0.1625,0.1125,80,-0.05,-0.175,0.0625,Wilcoxon signed-rank,0.442099,0.5706,0.15,-0.025,0.325,0.108809,-0.25,-0.425,-0.1,0.007526,0.884198,0.687817
r1,R-N,sticky_onsets_win_diff,False,r1e4 - r1e2,r1e2,r1e4,0.075,0.1125,80,0.0375,-0.075,0.1625,Wilcoxon signed-rank,0.566598,0.7031,0.175,-0.025,0.375,0.097271,-0.1,-0.25,0.05,0.205903,0.884198,0.771203
r2,R-N,sticky_onsets_win_diff,False,r2e2 - r2e1,r2e1,r2e2,0.075,-0.0125,80,-0.0875,-0.2,0.025,Wilcoxon signed-rank,0.12663,0.1794,-0.025,-0.15,0.1,0.705457,-0.15,-0.325,0.025,0.108809,0.75978,0.306413
e1,R-N,sticky_steps_diff,False,r2e1 - r1e1,r1e1,r2e1,3.2375,3.0375,80,-0.2,-4.2878,3.6753,Wilcoxon signed-rank,0.975453,0.9308,0.65,-3.1,4.5,0.719703,-1.05,-7.7,5.8025,0.833269,1.0,1.0
e1,R-N,sticky_steps_diff,False,r4e1 - r1e1,r1e1,r4e1,3.2375,2.85,80,-0.3875,-4.2,3.3878,Wilcoxon signed-rank,0.729725,0.8439,-0.275,-4.9506,4.3506,0.877606,-0.5,-6.1031,5.7031,0.717912,1.0,0.92605
e1,R-N,sticky_steps_diff,False,r4e1 - r2e1,r2e1,r4e1,3.0375,2.85,80,-0.1875,-4.6753,4.5881,Wilcoxon signed-rank,0.950038,0.9435,-0.925,-7.6262,5.625,0.979329,0.55,-6.0,7.525,0.739805,1.0,1.0
r1,R-N,sticky_steps_diff,False,r1e2 - r1e1,r1e1,r1e2,3.2375,1.8375,80,-1.4,-4.7503,1.8128,Wilcoxon signed-rank,0.408175,0.4175,-0.7,-4.15,3.0,0.433631,-2.1,-7.3756,3.5006,0.573162,1.0,0.666686
r1,R-N,sticky_steps_diff,False,r1e4 - r1e1,r1e1,r1e4,3.2375,-0.35,80,-3.5875,-6.5128,-0.675,Wilcoxon signed-rank,0.01946,0.0221,-1.45,-4.4256,1.5256,0.310602,-5.725,-10.5,-0.75,0.030642,0.13622,0.090813
r1,R-N,sticky_steps_diff,False,r1e4 - r1e2,r1e2,r1e4,1.8375,-0.35,80,-2.1875,-5.0,0.55,Wilcoxon signed-rank,0.199707,0.1207,-0.75,-3.65,2.05,0.751384,-3.625,-8.125,0.9012,0.172804,1.0,0.396593
r2,R-N,sticky_steps_diff,False,r2e2 - r2e1,r2e1,r2e2,3.0375,-0.0125,80,-3.05,-7.85,1.7378,Wilcoxon signed-rank,0.181327,0.2164,-3.3,-10.15,2.0012,0.719703,-2.8,-9.5256,5.05,0.209563,1.0,0.378189
e1,F-C,success,True,r2e1 - r1e1,r1e1,r2e1,-0.0125,0.075,80,0.0875,-0.075,0.25,sign-flip permutation,0.3721,0.3721,0.125,-0.075,0.325,0.3424,0.05,-0.2,0.3,0.8436,1.0,0.639751
e1,F-C,success,True,r4e1 - r1e1,r1e1,r4e1,-0.0125,-0.0125,80,0.0,-0.175,0.1875,sign-flip permutation,1.0,1.0,-0.025,-0.2,0.175,1.0,0.025,-0.275,0.325,1.0,1.0,1.0
e1,F-C,success,True,r4e1 - r2e1,r2e1,r4e1,0.075,-0.0125,80,-0.0875,-0.225,0.05,sign-flip permutation,0.3078,0.3078,-0.15,-0.325,0.025,0.1885,-0.025,-0.25,0.2,1.0,1.0,0.548444
r1,F-C,success,True,r1e2 - r1e1,r1e1,r1e2,-0.0125,0.0125,80,0.025,-0.125,0.2,sign-flip permutation,0.8778,0.8778,-0.025,-0.2,0.175,1.0,0.075,-0.175,0.325,0.7048,1.0,1.0
r1,F-C,success,True,r1e4 - r1e1,r1e1,r1e4,-0.0125,-0.05,80,-0.0375,-0.2,0.125,sign-flip permutation,0.7707,0.7707,-0.05,-0.2256,0.15,0.8098,-0.025,-0.3,0.25,1.0,1.0,0.950045
r1,F-C,success,True,r1e4 - r1e2,r1e2,r1e4,0.0125,-0.05,80,-0.0625,-0.2,0.0875,sign-flip permutation,0.493,0.493,-0.025,-0.175,0.125,1.0,-0.1,-0.35,0.15,0.5453,1.0,0.73203
r2,F-C,success,True,r2e2 - r2e1,r2e1,r2e2,0.075,0.0,80,-0.075,-0.2125,0.0625,sign-flip permutation,0.4032,0.4032,-0.175,-0.375,0.025,0.143,0.025,-0.175,0.225,1.0,1.0,0.665341
e1,F-C,mean_dev_cm,False,r2e1 - r1e1,r1e1,r2e1,7.2693,6.2781,80,-0.9912,-2.402,0.416,Wilcoxon signed-rank,0.185566,0.1865,0.8601,-1.0817,2.9797,0.375381,-2.8425,-4.8855,-0.8966,0.008264,0.742264,0.378189
e1,F-C,mean_dev_cm,False,r4e1 - r1e1,r1e1,r4e1,7.2693,6.6453,80,-0.6239,-1.8997,0.6095,Wilcoxon signed-rank,0.855376,0.3995,2.3247,0.5319,3.9735,0.002277,-3.5725,-5.4874,-1.7158,0.001771,1.0,1.0
e1,F-C,mean_dev_cm,False,r4e1 - r2e1,r2e1,r4e1,6.2781,6.6453,80,0.3672,-0.6577,1.3579,Wilcoxon signed-rank,0.187165,0.4938,1.4645,-0.1273,3.086,0.049761,-0.7301,-2.0278,0.5302,0.655899,0.742264,0.378189
r1,F-C,mean_dev_cm,False,r1e2 - r1e1,r1e1,r1e2,7.2693,5.4883,80,-1.781,-2.9493,-0.5407,Wilcoxon signed-rank,0.007128,0.0061,-0.211,-1.825,1.6007,0.795448,-3.3509,-4.992,-1.6539,0.00057,0.049896,0.043659
r1,F-C,mean_dev_cm,False,r1e4 - r1e1,r1e1,r1e4,7.2693,5.5124,80,-1.7569,-3.0002,-0.6378,Wilcoxon signed-rank,0.028382,0.004,-0.4976,-1.9904,0.9449,0.910046,-3.0161,-4.7941,-1.3382,0.002061,0.14191,0.109076
r1,F-C,mean_dev_cm,False,r1e4 - r1e2,r1e2,r1e4,5.4883,5.5124,80,0.0241,-0.8344,0.8499,Wilcoxon signed-rank,0.526651,0.9513,-0.2866,-1.4794,0.7765,0.608506,0.3349,-0.9002,1.532,0.805727,1.0,0.758439
r2,F-C,mean_dev_cm,False,r2e2 - r2e1,r2e1,r2e2,6.2781,4.498,80,-1.7801,-2.9492,-0.6549,Wilcoxon signed-rank,0.012124,0.003,-2.4425,-4.2726,-0.7976,0.007918,-1.1177,-2.6684,0.3288,0.404938,0.072744,0.066907
e1,F-C,final_dev_cm,False,r2e1 - r1e1,r1e1,r2e1,9.4053,8.7465,80,-0.6588,-3.0033,1.613,Wilcoxon signed-rank,0.840347,0.5713,2.3507,-0.6895,5.2165,0.009381,-3.6682,-7.106,-0.3727,0.064148,1.0,1.0
e1,F-C,final_dev_cm,False,r4e1 - r1e1,r1e1,r4e1,9.4053,9.7353,80,0.33,-1.8655,2.3956,Wilcoxon signed-rank,0.380083,0.7717,4.4105,1.3197,7.2702,0.000798,-3.7504,-6.8129,-0.7978,0.027836,1.0,0.642209
e1,F-C,final_dev_cm,False,r4e1 - r2e1,r2e1,r4e1,8.7465,9.7353,80,0.9888,-0.6279,2.6125,Wilcoxon signed-rank,0.10705,0.254,2.0598,-0.0474,4.2889,0.100031,-0.0822,-2.5982,2.3789,0.518527,0.53525,0.262273
r1,F-C,final_dev_cm,False,r1e2 - r1e1,r1e1,r1e2,9.4053,7.6192,80,-1.7861,-3.7855,0.1493,Wilcoxon signed-rank,0.147473,0.0861,0.3845,-2.2648,3.1446,0.562668,-3.9567,-6.629,-1.2332,0.013558,0.589892,0.352496
r1,F-C,final_dev_cm,False,r1e4 - r1e1,r1e1,r1e4,9.4053,8.9892,80,-0.4161,-2.6119,1.648,Wilcoxon signed-rank,0.73706,0.7056,1.0559,-1.8906,3.9859,0.091824,-1.8881,-5.0535,1.3488,0.079329,1.0,0.92605
r1,F-C,final_dev_cm,False,r1e4 - r1e2,r1e2,r1e4,7.6192,8.9892,80,1.37,-0.4591,3.1486,Wilcoxon signed-rank,0.015839,0.1283,0.6714,-1.3665,2.516,0.064148,2.0686,-0.8621,5.1976,0.121399,0.110873,0.075718
r2,F-C,final_dev_cm,False,r2e2 - r2e1,r2e1,r2e2,8.7465,6.7802,80,-1.9663,-3.9313,-0.1063,Wilcoxon signed-rank,0.034005,0.0551,-3.2489,-5.9481,-0.5492,0.003201,-0.6837,-3.5177,2.0561,0.984094,0.20403,0.121181
e1,F-C,max_dev_cm,False,r2e1 - r1e1,r1e1,r2e1,13.991,12.0077,80,-1.9832,-4.4519,0.597,Wilcoxon signed-rank,0.064802,0.1085,-0.1842,-3.8376,3.5661,0.868033,-3.7823,-7.1129,-0.8253,0.012016,0.25644,0.173989
e1,F-C,max_dev_cm,False,r4e1 - r1e1,r1e1,r4e1,13.991,11.6616,80,-2.3293,-4.4582,-0.157,Wilcoxon signed-rank,0.06411,0.0422,0.2236,-2.6812,3.1871,0.910046,-4.8823,-8.0016,-1.8823,0.006372,0.25644,0.173989
e1,F-C,max_dev_cm,False,r4e1 - r2e1,r2e1,r4e1,12.0077,11.6616,80,-0.3461,-2.3024,1.6736,Wilcoxon signed-rank,0.912158,0.7405,0.4078,-2.8854,3.7287,0.764825,-1.1,-3.426,1.1929,0.655899,0.912158,1.0
r1,F-C,max_dev_cm,False,r1e2 - r1e1,r1e1,r1e2,13.991,10.3033,80,-3.6877,-5.3995,-1.943,Wilcoxon signed-rank,0.000423,0.0,-2.353,-4.7502,0.1002,0.174354,-5.0223,-7.4815,-2.6516,0.000357,0.002961,0.005182
r1,F-C,max_dev_cm,False,r1e4 - r1e1,r1e1,r1e4,13.991,10.8484,80,-3.1426,-5.2686,-1.1059,Wilcoxon signed-rank,0.003767,0.0045,-3.0823,-5.793,-0.376,0.1659,-3.2029,-6.3083,-0.1053,0.008623,0.022602,0.02546
r1,F-C,max_dev_cm,False,r1e4 - r1e2,r1e2,r1e4,10.3033,10.8484,80,0.5451,-1.1362,2.2907,Wilcoxon signed-rank,0.377485,0.5531,-0.7292,-2.5482,1.1299,0.878507,1.8194,-1.0619,4.9951,0.307392,0.75497,0.642209
r2,F-C,max_dev_cm,False,r2e2 - r2e1,r2e1,r2e2,12.0077,8.9976,80,-3.0102,-5.0905,-0.9629,Wilcoxon signed-rank,0.005404,0.0066,-4.7887,-7.6822,-1.881,0.001049,-1.2316,-4.1099,1.6865,0.571704,0.02702,0.035306
e1,F-C,area_dev_cmstep,True,r2e1 - r1e1,r1e1,r2e1,523.3871,452.0233,80,-71.3638,-172.9454,29.9488,Wilcoxon signed-rank,0.185566,0.1865,61.9302,-77.8857,214.5363,0.375381,-204.6579,-351.7579,-64.5516,0.008264,0.742264,0.378189
e1,F-C,area_dev_cmstep,True,r4e1 - r1e1,r1e1,r4e1,523.3871,478.4637,80,-44.9234,-136.779,43.8823,Wilcoxon signed-rank,0.855376,0.3995,167.3765,38.2969,286.089,0.002277,-257.2233,-395.0958,-123.5374,0.001771,1.0,1.0
e1,F-C,area_dev_cmstep,True,r4e1 - r2e1,r2e1,r4e1,452.0233,478.4637,80,26.4404,-47.3535,97.7701,Wilcoxon signed-rank,0.187165,0.4938,105.4463,-9.1638,222.1895,0.049761,-52.5654,-146.0,38.1709,0.655899,0.742264,0.378189
r1,F-C,area_dev_cmstep,True,r1e2 - r1e1,r1e1,r1e2,523.3871,395.158,80,-128.2291,-212.3495,-38.93,Wilcoxon signed-rank,0.007128,0.0061,-15.1915,-131.402,115.2527,0.795448,-241.2668,-359.4256,-119.081,0.00057,0.049896,0.043659
r1,F-C,area_dev_cmstep,True,r1e4 - r1e1,r1e1,r1e4,523.3871,396.8934,80,-126.4937,-216.0148,-45.9198,Wilcoxon signed-rank,0.028382,0.004,-35.8302,-143.3095,68.031,0.910046,-217.1573,-345.1743,-96.3508,0.002061,0.14191,0.109076
r1,F-C,area_dev_cmstep,True,r1e4 - r1e2,r1e2,r1e4,395.158,396.8934,80,1.7354,-60.0746,61.1925,Wilcoxon signed-rank,0.526651,0.9513,-20.6387,-106.5201,55.9077,0.608506,24.1095,-64.8172,110.3025,0.805727,1.0,0.758439
r2,F-C,area_dev_cmstep,True,r2e2 - r2e1,r2e1,r2e2,452.0233,323.8582,80,-128.1651,-212.344,-47.1533,Wilcoxon signed-rank,0.012124,0.003,-175.8593,-307.6263,-57.4307,0.007918,-80.4709,-192.1239,23.6743,0.404938,0.072744,0.066907
e1,F-C,post_area_dev_cmstep,False,r2e1 - r1e1,r1e1,r2e1,484.9213,410.7679,80,-74.1534,-172.0259,23.3744,Wilcoxon signed-rank,0.168645,0.1513,47.6469,-84.2808,189.1132,0.435812,-195.9537,-342.9533,-57.6511,0.007918,0.67458,0.370876
e1,F-C,post_area_dev_cmstep,False,r4e1 - r1e1,r1e1,r4e1,484.9213,434.0409,80,-50.8804,-140.4804,34.1623,Wilcoxon signed-rank,0.545612,0.3148,144.3931,21.5631,257.2852,0.016506,-246.1539,-378.9734,-119.0086,0.000994,0.863018,0.758439
e1,F-C,post_area_dev_cmstep,False,r4e1 - r2e1,r2e1,r4e1,410.7679,434.0409,80,23.273,-48.3433,92.2328,Wilcoxon signed-rank,0.230488,0.5339,96.7462,-10.7164,209.6594,0.060269,-50.2002,-142.6001,37.5128,0.665551,0.691464,0.442899
r1,F-C,post_area_dev_cmstep,False,r1e2 - r1e1,r1e1,r1e2,484.9213,368.85,80,-116.0713,-200.0152,-27.5333,Wilcoxon signed-rank,0.011639,0.0131,-11.3703,-126.663,118.1306,0.805727,-220.7723,-337.9537,-99.5644,0.001367,0.081473,0.066907
r1,F-C,post_area_dev_cmstep,False,r1e4 - r1e1,r1e1,r1e4,484.9213,370.7484,80,-114.1729,-196.1083,-38.0029,Wilcoxon signed-rank,0.025409,0.0055,-35.5004,-136.2515,62.8473,0.836755,-192.8454,-315.262,-79.2251,0.005097,0.152454,0.105044
r1,F-C,post_area_dev_cmstep,False,r1e4 - r1e2,r1e2,r1e4,368.85,370.7484,80,1.8984,-59.0037,60.8152,Wilcoxon signed-rank,0.431509,0.9476,-24.1301,-109.7395,51.253,0.49291,27.9268,-60.5081,112.894,0.694827,0.863018,0.687608
r2,F-C,post_area_dev_cmstep,False,r2e2 - r2e1,r2e1,r2e2,410.7679,294.3723,80,-116.3956,-196.2965,-38.3783,Wilcoxon signed-rank,0.026695,0.0054,-165.2502,-289.4657,-53.0269,0.007264,-67.541,-180.0739,33.8745,0.655899,0.152454,0.10678
e1,F-C,cmd_final_m,False,r2e1 - r1e1,r1e1,r2e1,0.4196,0.3799,80,-0.0398,-0.1495,0.0603,Wilcoxon signed-rank,0.697639,0.4734,0.0975,-0.0102,0.2013,0.015876,-0.177,-0.3608,-0.0228,0.091824,1.0,0.899587
e1,F-C,cmd_final_m,False,r4e1 - r1e1,r1e1,r4e1,0.4196,0.3958,80,-0.0238,-0.1543,0.0944,Wilcoxon signed-rank,0.304688,0.7212,0.0835,-0.0887,0.2372,0.036849,-0.1311,-0.3187,0.0427,0.571704,0.914064,0.547879
e1,F-C,cmd_final_m,False,r4e1 - r2e1,r2e1,r4e1,0.3799,0.3958,80,0.0159,-0.0797,0.1125,Wilcoxon signed-rank,0.73706,0.7646,-0.014,-0.1733,0.1475,0.795448,0.0459,-0.0583,0.1583,0.459814,1.0,0.92605
r1,F-C,cmd_final_m,False,r1e2 - r1e1,r1e1,r1e2,0.4196,0.2824,80,-0.1372,-0.2508,-0.0283,Wilcoxon signed-rank,0.0614,0.016,-0.0033,-0.1435,0.1275,0.501375,-0.2712,-0.4454,-0.1189,0.000427,0.307,0.17192
r1,F-C,cmd_final_m,False,r1e4 - r1e1,r1e1,r1e4,0.4196,0.3019,80,-0.1177,-0.227,-0.0259,Wilcoxon signed-rank,0.040553,0.0244,-0.0227,-0.1208,0.0734,0.535971,-0.2127,-0.3855,-0.0534,0.002166,0.243318,0.137041
r1,F-C,cmd_final_m,False,r1e4 - r1e2,r1e2,r1e4,0.2824,0.3019,80,0.0195,-0.0486,0.088,Wilcoxon signed-rank,0.151536,0.5721,-0.0194,-0.1257,0.078,0.282584,0.0585,-0.0285,0.1486,0.247927,0.606144,0.357844
r2,F-C,cmd_final_m,False,r2e2 - r2e1,r2e1,r2e2,0.3799,0.2426,80,-0.1373,-0.2278,-0.0558,Wilcoxon signed-rank,0.001001,0.0019,-0.1982,-0.3437,-0.0641,0.00369,-0.0763,-0.1807,0.0278,0.086653,0.007007,0.008232
e1,F-C,cmd_max_m,False,r2e1 - r1e1,r1e1,r2e1,0.5357,0.4644,80,-0.0714,-0.1827,0.0382,Wilcoxon signed-rank,0.46304,0.1977,0.0348,-0.0952,0.169,0.5448,-0.1776,-0.3547,-0.0243,0.086653,1.0,0.714613
e1,F-C,cmd_max_m,False,r4e1 - r1e1,r1e1,r4e1,0.5357,0.4524,80,-0.0833,-0.2045,0.0268,Wilcoxon signed-rank,0.617901,0.164,-0.0155,-0.1639,0.1225,0.826382,-0.1511,-0.3427,0.0151,0.451734,1.0,0.829511
e1,F-C,cmd_max_m,False,r4e1 - r2e1,r2e1,r4e1,0.4644,0.4524,80,-0.0119,-0.1089,0.086,Wilcoxon signed-rank,0.766178,0.8179,-0.0503,-0.2122,0.1126,0.562668,0.0264,-0.0767,0.1382,0.774995,1.0,0.950045
r1,F-C,cmd_max_m,False,r1e2 - r1e1,r1e1,r1e2,0.5357,0.3501,80,-0.1856,-0.2962,-0.082,Wilcoxon signed-rank,0.001035,0.0001,-0.0833,-0.2138,0.0392,0.501375,-0.288,-0.4556,-0.1419,6.7e-05,0.005175,0.008232
r1,F-C,cmd_max_m,False,r1e4 - r1e1,r1e1,r1e4,0.5357,0.3459,80,-0.1899,-0.2997,-0.0981,Wilcoxon signed-rank,7.3e-05,0.0,-0.154,-0.2555,-0.0481,0.013558,-0.2257,-0.4006,-0.0688,0.000941,0.000511,0.001788
r1,F-C,cmd_max_m,False,r1e4 - r1e2,r1e2,r1e4,0.3501,0.3459,80,-0.0042,-0.0766,0.0672,Wilcoxon signed-rank,0.561668,0.9082,-0.0707,-0.1825,0.0366,0.675257,0.0622,-0.0244,0.1543,0.211314,1.0,0.769839
r2,F-C,cmd_max_m,False,r2e2 - r2e1,r2e1,r2e2,0.4644,0.3219,80,-0.1424,-0.2253,-0.0634,Wilcoxon signed-rank,0.000787,0.0011,-0.2206,-0.3557,-0.0991,0.000538,-0.0642,-0.1694,0.0425,0.242447,0.004722,0.007713
e1,F-C,adiff_win,False,r2e1 - r1e1,r1e1,r2e1,0.0149,0.025,80,0.0101,0.0071,0.013,Wilcoxon signed-rank,0.0,0.0,0.0148,0.0105,0.0192,0.0,0.0053,0.0015,0.0092,0.010628,0.0,0.0
e1,F-C,adiff_win,False,r4e1 - r1e1,r1e1,r4e1,0.0149,0.0293,80,0.0144,0.0111,0.0177,Wilcoxon signed-rank,0.0,0.0,0.0251,0.0199,0.0305,0.0,0.0037,-0.0007,0.0081,0.11185,0.0,0.0
e1,F-C,adiff_win,False,r4e1 - r2e1,r2e1,r4e1,0.025,0.0293,80,0.0043,0.0014,0.0075,Wilcoxon signed-rank,0.021051,0.0125,0.0103,0.0051,0.0158,0.00016,-0.0016,-0.0044,0.0014,0.276596,0.084204,0.095953
r1,F-C,adiff_win,False,r1e2 - r1e1,r1e1,r1e2,0.0149,0.0161,80,0.0011,-0.0014,0.0035,Wilcoxon signed-rank,0.082511,0.4315,0.0053,0.0014,0.0085,0.00015,-0.003,-0.0068,0.0005,0.253492,0.247533,0.210028
r1,F-C,adiff_win,False,r1e4 - r1e1,r1e1,r1e4,0.0149,0.0149,80,-0.0,-0.0026,0.0024,Wilcoxon signed-rank,0.520406,0.9977,0.0044,0.0006,0.0077,0.004653,-0.0044,-0.0081,-0.0009,0.0514,0.78117,0.758439
r1,F-C,adiff_win,False,r1e4 - r1e2,r1e2,r1e4,0.0161,0.0149,80,-0.0011,-0.0027,0.0003,Wilcoxon signed-rank,0.390585,0.1569,-0.0008,-0.0033,0.0013,0.984094,-0.0014,-0.0035,0.0004,0.170088,0.78117,0.654313
r2,F-C,adiff_win,False,r2e2 - r2e1,r2e1,r2e2,0.025,0.02,80,-0.005,-0.0075,-0.0029,Wilcoxon signed-rank,0.000359,0.0,-0.0038,-0.0076,-0.0004,0.1659,-0.0063,-0.0092,-0.0036,0.000281,0.001795,0.004691
e1,F-C,adiff_all,False,r2e1 - r1e1,r1e1,r2e1,0.0165,0.0173,80,0.0009,-0.002,0.0038,Wilcoxon signed-rank,0.520406,0.5317,0.0021,-0.0017,0.0061,0.451734,-0.0003,-0.0043,0.0035,0.826382,1.0,0.758439
e1,F-C,adiff_all,False,r4e1 - r1e1,r1e1,r4e1,0.0165,0.0183,80,0.0019,-0.001,0.0046,Wilcoxon signed-rank,0.012289,0.1977,0.0041,-0.0,0.0081,0.018527,-0.0003,-0.0039,0.0031,0.264874,0.061445,0.066907
e1,F-C,adiff_all,False,r4e1 - r2e1,r2e1,r4e1,0.0173,0.0183,80,0.001,-0.0018,0.0038,Wilcoxon signed-rank,0.414849,0.4934,0.002,-0.0025,0.0065,0.294817,-0.0,-0.0032,0.0033,0.868033,1.0,0.671987
r1,F-C,adiff_all,False,r1e2 - r1e1,r1e1,r1e2,0.0165,0.0121,80,-0.0044,-0.0066,-0.0023,Wilcoxon signed-rank,0.000773,0.0001,-0.003,-0.006,-0.0001,0.157751,-0.0058,-0.0087,-0.0031,0.000357,0.004638,0.007713
r1,F-C,adiff_all,False,r1e4 - r1e1,r1e1,r1e4,0.0165,0.0126,80,-0.0039,-0.0064,-0.0016,Wilcoxon signed-rank,0.014247,0.002,-0.0037,-0.0072,-0.0003,0.216296,-0.0041,-0.0074,-0.0009,0.013558,0.061445,0.0716
r1,F-C,adiff_all,False,r1e4 - r1e2,r1e2,r1e4,0.0121,0.0126,80,0.0005,-0.0011,0.0021,Wilcoxon signed-rank,0.89696,0.5333,-0.0007,-0.0035,0.002,0.535971,0.0017,0.0001,0.0034,0.253492,1.0,1.0
r2,F-C,adiff_all,False,r2e2 - r2e1,r2e1,r2e2,0.0173,0.0122,80,-0.0051,-0.0075,-0.0029,Wilcoxon signed-rank,3.1e-05,0.0,-0.0066,-0.0101,-0.0032,4.7e-05,-0.0036,-0.0069,-0.0005,0.045098,0.000217,0.001013
e1,F-C,realigned,False,r2e1 - r1e1,r1e1,r2e1,0.35,0.2,80,-0.15,-0.275,-0.025,sign-flip permutation,0.0439,0.0439,-0.375,-0.55,-0.2,0.0003,0.075,-0.075,0.25,0.5537,0.3073,0.143139
e1,F-C,realigned,False,r4e1 - r1e1,r1e1,r4e1,0.35,0.225,80,-0.125,-0.2375,0.0,sign-flip permutation,0.1054,0.1054,-0.375,-0.55,-0.225,0.0004,0.125,-0.05,0.3,0.2667,0.527,0.262273
e1,F-C,realigned,False,r4e1 - r2e1,r2e1,r4e1,0.2,0.225,80,0.025,-0.1003,0.15,sign-flip permutation,0.8457,0.8457,0.0,-0.175,0.175,1.0,0.05,-0.125,0.225,0.7845,1.0,1.0
r1,F-C,realigned,False,r1e2 - r1e1,r1e1,r1e2,0.35,0.3375,80,-0.0125,-0.125,0.1,sign-flip permutation,1.0,1.0,-0.175,-0.35,0.0,0.1203,0.15,0.0,0.3,0.1104,1.0,1.0
r1,F-C,realigned,False,r1e4 - r1e1,r1e1,r1e4,0.35,0.425,80,0.075,-0.0375,0.1875,sign-flip permutation,0.3028,0.3028,-0.1,-0.25,0.05,0.346,0.25,0.075,0.425,0.0122,0.9084,0.547879
r1,F-C,realigned,False,r1e4 - r1e2,r1e2,r1e4,0.3375,0.425,80,0.0875,-0.025,0.1875,sign-flip permutation,0.1703,0.1703,0.075,-0.05,0.2,0.4543,0.1,-0.075,0.275,0.3835,0.6812,0.370876
r2,F-C,realigned,False,r2e2 - r2e1,r2e1,r2e2,0.2,0.325,80,0.125,0.0125,0.225,sign-flip permutation,0.0508,0.0508,0.225,0.075,0.4,0.0211,0.025,-0.125,0.175,1.0,0.3073,0.150861
e1,F-C,realign_t80,False,r2e1 - r1e1,r1e1,r2e1,61.6,71.6,80,10.0,4.3247,15.75,Wilcoxon signed-rank,0.000896,0.0016,21.475,13.2737,29.85,0.000122,-1.475,-9.2012,6.225,0.968591,0.006272,0.008232
e1,F-C,realign_t80,False,r4e1 - r1e1,r1e1,r4e1,61.6,68.4875,80,6.8875,0.2619,13.1266,Wilcoxon signed-rank,0.039277,0.0591,19.225,10.6487,28.1256,0.000377,-5.45,-14.95,3.805,0.409912,0.196385,0.137041
e1,F-C,realign_t80,False,r4e1 - r2e1,r2e1,r4e1,71.6,68.4875,80,-3.1125,-9.2756,3.1878,Wilcoxon signed-rank,0.442168,0.3402,-2.25,-11.2,6.5756,0.681002,-3.975,-12.5506,4.7006,0.475426,0.884336,0.687817
r1,F-C,realign_t80,False,r1e2 - r1e1,r1e1,r1e2,61.6,63.4625,80,1.8625,-3.8003,7.5753,Wilcoxon signed-rank,0.542138,0.5549,10.475,1.9238,19.575,0.041525,-6.75,-14.1,0.1762,0.106175,0.884336,0.758439
r1,F-C,realign_t80,False,r1e4 - r1e1,r1e1,r1e4,61.6,58.3125,80,-3.2875,-9.2628,2.9628,Wilcoxon signed-rank,0.249623,0.3134,5.925,-2.2256,14.275,0.157362,-12.5,-21.25,-3.9494,0.010414,0.748869,0.470443
r1,F-C,realign_t80,False,r1e4 - r1e2,r1e2,r1e4,63.4625,58.3125,80,-5.15,-10.3006,0.2253,Wilcoxon signed-rank,0.062429,0.0606,-4.55,-10.8,1.2262,0.338359,-5.75,-14.9256,2.9762,0.168018,0.249716,0.172339
r2,F-C,realign_t80,False,r2e2 - r2e1,r2e1,r2e2,71.6,62.5,80,-9.1,-14.7881,-3.3625,Wilcoxon signed-rank,0.00143,0.0037,-13.75,-22.9756,-5.2975,0.002217,-4.45,-12.1013,2.7756,0.217715,0.00858,0.01078
e1,F-C,sticky_onsets_win_diff,False,r2e1 - r1e1,r1e1,r2e1,0.4625,0.1,80,-0.3625,-0.5375,-0.2,Wilcoxon signed-rank,0.000147,0.0001,-0.3,-0.475,-0.125,0.004678,-0.425,-0.725,-0.15,0.007131,0.001029,0.002401
e1,F-C,sticky_onsets_win_diff,False,r4e1 - r1e1,r1e1,r4e1,0.4625,0.0875,80,-0.375,-0.575,-0.1872,Wilcoxon signed-rank,0.000599,0.0007,-0.3,-0.55,-0.05,0.023195,-0.45,-0.75,-0.15,0.009289,0.003204,0.006522
e1,F-C,sticky_onsets_win_diff,False,r4e1 - r2e1,r2e1,r4e1,0.1,0.0875,80,-0.0125,-0.175,0.15,Wilcoxon signed-rank,0.869035,1.0,0.0,-0.175,0.2,1.0,-0.025,-0.275,0.225,0.83357,1.0,1.0
r1,F-C,sticky_onsets_win_diff,False,r1e2 - r1e1,r1e1,r1e2,0.4625,0.1625,80,-0.3,-0.45,-0.15,Wilcoxon signed-rank,0.000534,0.0007,-0.3,-0.5,-0.1,0.00745,-0.3,-0.525,-0.05,0.023195,0.003204,0.006157
r1,F-C,sticky_onsets_win_diff,False,r1e4 - r1e1,r1e1,r1e4,0.4625,0.15,80,-0.3125,-0.4875,-0.15,Wilcoxon signed-rank,0.00105,0.0008,-0.225,-0.475,0.025,0.079318,-0.4,-0.65,-0.175,0.004022,0.0042,0.008232
r1,F-C,sticky_onsets_win_diff,False,r1e4 - r1e2,r1e2,r1e4,0.1625,0.15,80,-0.0125,-0.125,0.0875,Wilcoxon signed-rank,0.792563,1.0,0.075,-0.025,0.175,0.179712,-0.1,-0.3,0.05,0.271396,1.0,0.964859
r2,F-C,sticky_onsets_win_diff,False,r2e2 - r2e1,r2e1,r2e2,0.1,0.0625,80,-0.0375,-0.1875,0.1125,Wilcoxon signed-rank,0.617405,0.7441,0.05,-0.125,0.225,0.563703,-0.125,-0.35,0.125,0.321633,1.0,0.829511
e1,F-C,sticky_steps_diff,False,r2e1 - r1e1,r1e1,r2e1,5.475,0.575,80,-4.9,-8.8378,-1.0241,Wilcoxon signed-rank,0.024707,0.0191,-6.025,-10.2,-2.0244,0.012829,-3.775,-10.6756,2.8006,0.30916,0.172949,0.105044
e1,F-C,sticky_steps_diff,False,r4e1 - r1e1,r1e1,r4e1,5.475,2.5875,80,-2.8875,-7.8759,1.7634,Wilcoxon signed-rank,0.176597,0.2484,-2.675,-8.7756,3.6,0.374084,-3.1,-10.3262,4.0562,0.321718,0.767245,0.376228
e1,F-C,sticky_steps_diff,False,r4e1 - r2e1,r2e1,r4e1,0.575,2.5875,80,2.0125,-1.5253,5.7628,Wilcoxon signed-rank,0.438978,0.3065,3.35,-1.475,8.6012,0.412859,0.675,-4.9,6.45,0.780049,1.0,0.687817
r1,F-C,sticky_steps_diff,False,r1e2 - r1e1,r1e1,r1e2,5.475,1.925,80,-3.55,-7.3375,0.2878,Wilcoxon signed-rank,0.081239,0.0741,-4.625,-10.4756,1.0037,0.127754,-2.475,-7.6756,2.8256,0.328688,0.487434,0.209511
r1,F-C,sticky_steps_diff,False,r1e4 - r1e1,r1e1,r1e4,5.475,2.525,80,-2.95,-7.0003,0.8881,Wilcoxon signed-rank,0.153449,0.157,-0.225,-5.275,4.925,0.979325,-5.675,-11.8006,0.3256,0.075949,0.767245,0.358048
r1,F-C,sticky_steps_diff,False,r1e4 - r1e2,r1e2,r1e4,1.925,2.525,80,0.6,-2.4753,3.8503,Wilcoxon signed-rank,0.967073,0.73,4.4,-0.0756,9.5,0.072785,-3.2,-7.55,0.8,0.11958,1.0,1.0
r2,F-C,sticky_steps_diff,False,r2e2 - r2e1,r2e1,r2e2,0.575,0.9125,80,0.3375,-3.5131,3.9753,Wilcoxon signed-rank,0.944621,0.8709,4.2,-0.4756,9.3506,0.140642,-3.525,-9.0769,2.4256,0.201702,1.0,1.0
