config,contrast,metric,n,estimate,ci_lo,ci_hi,test,x_only_success,y_only_success,p,move_near_est,move_near_ci_lo,move_near_ci_hi,move_near_p,pick_coke_can_est,pick_coke_can_ci_lo,pick_coke_can_ci_hi,pick_coke_can_p,p_holm_12
r1e4,R-N,success,80,0.0,-0.1,0.0875,exact McNemar,8,8,1.0,0.1,-0.05,0.25,0.34375,-0.1,-0.225,0.0,0.21875,1.0
r1e4,R-N,mean_dev_cm,80,4.1592,3.4655,4.9288,none (deviation >= 0; compare with gen-N noise),,,,3.9929,2.8062,5.4243,,4.3255,3.689,5.0415,,
r1e4,R-N,final_dev_cm,80,6.9241,5.5851,8.4111,none (deviation >= 0; compare with gen-N noise),,,,6.0965,3.9802,8.7242,,7.7518,6.3436,9.3484,,
r1e4,R-N,max_dev_cm,80,8.5363,7.0556,10.1521,none (deviation >= 0; compare with gen-N noise),,,,8.5997,6.0386,11.5369,,8.473,7.0974,10.0497,,
r1e4,R-N,area_dev_cmstep,80,299.461,249.5172,354.8726,none (deviation >= 0; compare with gen-N noise),,,,287.4863,202.0482,390.5469,,311.4358,265.6099,362.9867,,
r1e4,R-N,post_area_dev_cmstep,80,273.6978,225.4472,328.3442,none (deviation >= 0; compare with gen-N noise),,,,262.6467,179.4131,362.7461,,284.749,240.1408,333.9011,,
r1e4,R-N,cmd_final_m,80,0.2405,0.1865,0.3027,none (deviation >= 0; compare with gen-N noise),,,,0.2674,0.1694,0.3821,,0.2136,0.1703,0.2662,,
r1e4,R-N,cmd_max_m,80,0.29,0.2331,0.3536,none (deviation >= 0; compare with gen-N noise),,,,0.3382,0.2331,0.4578,,0.2418,0.1953,0.2952,,
r1e4,R-N,adiff_win,80,0.016,0.0142,0.0179,none (deviation >= 0; compare with gen-N noise),,,,0.0187,0.0157,0.0218,,0.0133,0.0112,0.0155,,
r1e4,R-N,adiff_all,80,0.0104,0.0083,0.0127,none (deviation >= 0; compare with gen-N noise),,,,0.0122,0.0085,0.0165,,0.0086,0.0067,0.0107,,
r1e4,R-N,realigned,80,0.4125,0.3125,0.5125,none (deviation >= 0; compare with gen-N noise),,,,0.55,0.4,0.7,,0.275,0.15,0.425,,
r1e4,R-N,realign_t80,80,57.75,52.0994,63.1878,none (deviation >= 0; compare with gen-N noise),,,,49.35,40.95,57.7519,,66.15,58.6494,73.075,,
r1e4,R-N,sticky_onsets_win_diff,80,0.1125,0.0125,0.2125,Wilcoxon signed-rank (signed X-Y),,,0.03895,0.225,0.075,0.375,,0.0,-0.15,0.125,,
r1e4,R-N,sticky_steps_diff,80,-0.35,-2.85,2.2253,Wilcoxon signed-rank (signed X-Y),,,0.86767,0.35,-3.0,3.825,,-1.05,-5.075,2.5756,,
r1e4,F-C,success,80,-0.05,-0.1625,0.0625,exact McNemar,9,13,0.52347,-0.025,-0.125,0.075,1.0,-0.075,-0.275,0.125,0.62906,1.0
r1e4,F-C,mean_dev_cm,80,5.5124,4.644,6.3891,none (deviation >= 0; compare with gen-N noise),,,,5.3218,4.106,6.6379,,5.703,4.5566,7.0885,,
r1e4,F-C,final_dev_cm,80,8.9892,7.1655,10.8507,none (deviation >= 0; compare with gen-N noise),,,,8.0711,5.7728,10.5683,,9.9073,7.3293,13.0056,,
r1e4,F-C,max_dev_cm,80,10.8484,8.9508,12.7684,none (deviation >= 0; compare with gen-N noise),,,,10.8656,8.4148,13.6328,,10.8312,8.2329,13.8666,,
r1e4,F-C,area_dev_cmstep,80,396.8934,334.3666,460.013,none (deviation >= 0; compare with gen-N noise),,,,383.1715,295.6322,477.9316,,410.6153,328.0748,510.374,,
r1e4,F-C,post_area_dev_cmstep,80,370.7484,309.0941,433.6353,none (deviation >= 0; compare with gen-N noise),,,,357.3275,271.77,451.2132,,384.1692,302.858,483.4219,,
r1e4,F-C,cmd_final_m,80,0.3019,0.2343,0.3712,none (deviation >= 0; compare with gen-N noise),,,,0.3189,0.2266,0.4286,,0.285,0.2025,0.388,,
r1e4,F-C,cmd_max_m,80,0.3459,0.2779,0.4204,none (deviation >= 0; compare with gen-N noise),,,,0.3732,0.2806,0.483,,0.3185,0.2338,0.4198,,
r1e4,F-C,adiff_win,80,0.0149,0.0138,0.0161,none (deviation >= 0; compare with gen-N noise),,,,0.0167,0.015,0.0186,,0.0131,0.0118,0.0145,,
r1e4,F-C,adiff_all,80,0.0126,0.0107,0.0145,none (deviation >= 0; compare with gen-N noise),,,,0.0149,0.0119,0.0182,,0.0103,0.0081,0.0126,,
r1e4,F-C,realigned,80,0.425,0.3125,0.5375,none (deviation >= 0; compare with gen-N noise),,,,0.45,0.3,0.6,,0.4,0.25,0.55,,
r1e4,F-C,realign_t80,80,58.3125,52.6719,64.2384,none (deviation >= 0; compare with gen-N noise),,,,57.175,49.0738,64.775,,59.45,51.275,67.425,,
r1e4,F-C,sticky_onsets_win_diff,80,0.15,0.0625,0.2375,Wilcoxon signed-rank (signed X-Y),,,0.0027,0.175,0.075,0.3,,0.125,-0.0006,0.275,,
r1e4,F-C,sticky_steps_diff,80,2.525,-0.4253,5.9381,Wilcoxon signed-rank (signed X-Y),,,0.19438,5.35,0.9494,10.625,,-0.3,-4.2506,3.5006,,
r1e4,F-N,success,80,-0.2125,-0.325,-0.1125,exact McNemar,4,21,0.00091,-0.05,-0.2,0.1,0.75391,-0.375,-0.525,-0.225,6e-05,
r1e4,F-N,mean_dev_cm,80,9.5185,8.5733,10.5,none (deviation >= 0; compare with gen-N noise),,,,9.0514,7.4038,10.713,,9.9856,8.9979,10.9289,,
r1e4,F-N,final_dev_cm,80,12.8759,11.2448,14.664,none (deviation >= 0; compare with gen-N noise),,,,11.8521,9.0865,14.7338,,13.8996,12.0577,15.7541,,
r1e4,F-N,max_dev_cm,80,15.5342,13.8747,17.3205,none (deviation >= 0; compare with gen-N noise),,,,15.9699,12.9797,19.0022,,15.0985,13.3265,16.7553,,
r1e4,F-N,area_dev_cmstep,80,685.3289,617.2764,756.0012,none (deviation >= 0; compare with gen-N noise),,,,651.6978,533.0742,771.3352,,718.96,647.8494,786.8831,,
r1e4,F-N,post_area_dev_cmstep,80,598.7404,533.3918,667.2717,none (deviation >= 0; compare with gen-N noise),,,,564.9189,448.9577,680.5824,,632.5619,564.6414,697.327,,
r1e4,F-N,cmd_final_m,80,0.428,0.3718,0.4831,none (deviation >= 0; compare with gen-N noise),,,,0.4023,0.3108,0.5001,,0.4537,0.3977,0.5078,,
r1e4,F-N,cmd_max_m,80,0.5292,0.4677,0.5937,none (deviation >= 0; compare with gen-N noise),,,,0.5685,0.4616,0.6889,,0.4899,0.4352,0.5427,,
r1e4,F-N,adiff_win,80,0.037,0.0351,0.039,none (deviation >= 0; compare with gen-N noise),,,,0.0385,0.0351,0.042,,0.0356,0.0338,0.0372,,
r1e4,F-N,adiff_all,80,0.0187,0.0167,0.0207,none (deviation >= 0; compare with gen-N noise),,,,0.0219,0.0184,0.0254,,0.0155,0.0135,0.0176,,
r1e4,F-N,realigned,80,0.0625,0.0125,0.125,none (deviation >= 0; compare with gen-N noise),,,,0.125,0.025,0.25,,0.0,0.0,0.0,,
r1e4,F-N,realign_t80,80,77.1625,74.5125,79.3375,none (deviation >= 0; compare with gen-N noise),,,,74.325,69.025,78.675,,80.0,80.0,80.0,,
r1e4,F-N,sticky_onsets_win_diff,80,-0.0125,-0.1,0.075,Wilcoxon signed-rank (signed X-Y),,,0.78151,-0.025,-0.15,0.1,,0.0,-0.125,0.125,,
r1e4,F-N,sticky_steps_diff,80,3.3125,0.1738,6.45,Wilcoxon signed-rank (signed X-Y),,,0.07685,5.95,1.9744,9.8,,0.675,-3.8262,5.575,,
r1e4,C-N,success,80,-0.1625,-0.3,-0.0375,exact McNemar,9,22,0.02945,-0.025,-0.2,0.15,1.0,-0.3,-0.475,-0.125,0.00418,
r1e4,C-N,mean_dev_cm,80,9.4801,8.6274,10.34,none (deviation >= 0; compare with gen-N noise),,,,9.2706,7.9708,10.5985,,9.6897,8.6351,10.7021,,
r1e4,C-N,final_dev_cm,80,12.9423,11.377,14.6004,none (deviation >= 0; compare with gen-N noise),,,,12.4146,9.9846,15.2021,,13.4701,11.6129,15.3526,,
r1e4,C-N,max_dev_cm,80,16.3333,14.7538,18.0159,none (deviation >= 0; compare with gen-N noise),,,,18.1028,15.3017,20.9613,,14.5638,12.8113,16.3013,,
r1e4,C-N,area_dev_cmstep,80,682.5682,621.1758,744.4789,none (deviation >= 0; compare with gen-N noise),,,,667.4797,573.9009,763.0939,,697.6568,621.7299,770.5501,,
r1e4,C-N,post_area_dev_cmstep,80,600.554,540.5201,661.2646,none (deviation >= 0; compare with gen-N noise),,,,583.7247,489.5201,680.9243,,617.3832,544.2445,687.5232,,
r1e4,C-N,cmd_final_m,80,0.4368,0.3694,0.5069,none (deviation >= 0; compare with gen-N noise),,,,0.4379,0.314,0.5695,,0.4357,0.3813,0.4888,,
r1e4,C-N,cmd_max_m,80,0.5613,0.496,0.6304,none (deviation >= 0; compare with gen-N noise),,,,0.6516,0.5305,0.7744,,0.471,0.4226,0.5203,,
r1e4,C-N,adiff_win,80,0.036,0.0344,0.0376,none (deviation >= 0; compare with gen-N noise),,,,0.0377,0.0349,0.0407,,0.0342,0.0329,0.0355,,
r1e4,C-N,adiff_all,80,0.0191,0.0171,0.0212,none (deviation >= 0; compare with gen-N noise),,,,0.0222,0.0187,0.0258,,0.016,0.0138,0.0183,,
r1e4,C-N,realigned,80,0.0625,0.0125,0.1125,none (deviation >= 0; compare with gen-N noise),,,,0.1,0.025,0.2,,0.025,0.0,0.075,,
r1e4,C-N,realign_t80,80,78.1625,76.2625,79.6,none (deviation >= 0; compare with gen-N noise),,,,76.85,73.3,79.6,,79.475,78.425,80.0,,
r1e4,C-N,sticky_onsets_win_diff,80,-0.1625,-0.2625,-0.0625,Wilcoxon signed-rank (signed X-Y),,,0.00286,-0.2,-0.325,-0.05,,-0.125,-0.275,0.0,,
r1e4,C-N,sticky_steps_diff,80,0.7875,-2.8891,4.3878,Wilcoxon signed-rank (signed X-Y),,,0.49619,0.6,-4.175,5.275,,0.975,-4.1519,5.8756,,
r1e4,gen-N,success,80,0.075,0.025,0.1375,exact McNemar,6,0,0.03125,0.1,0.025,0.2,0.125,0.05,0.0,0.125,0.5,
r1e4,gen-N,mean_dev_cm,80,2.7778,2.0401,3.6838,none (deviation >= 0; compare with gen-N noise),,,,2.8479,1.6834,4.3787,,2.7076,1.8615,3.6887,,
r1e4,gen-N,final_dev_cm,80,4.707,3.3169,6.3559,none (deviation >= 0; compare with gen-N noise),,,,4.8998,2.7433,7.6562,,4.5142,2.8764,6.4264,,
r1e4,gen-N,max_dev_cm,80,5.6,4.1862,7.3292,none (deviation >= 0; compare with gen-N noise),,,,5.9428,3.7318,8.6962,,5.2573,3.4808,7.2683,,
r1e4,gen-N,area_dev_cmstep,80,200.0,146.8889,265.235,none (deviation >= 0; compare with gen-N noise),,,,205.0504,121.2049,315.2693,,194.9495,134.0262,265.5863,,
r1e4,gen-N,post_area_dev_cmstep,80,188.9017,136.7522,252.276,none (deviation >= 0; compare with gen-N noise),,,,195.3729,114.8885,302.0978,,182.4306,123.0506,251.6354,,
r1e4,gen-N,cmd_final_m,80,0.1598,0.1086,0.2205,none (deviation >= 0; compare with gen-N noise),,,,0.185,0.099,0.2981,,0.1347,0.0857,0.1903,,
r1e4,gen-N,cmd_max_m,80,0.1871,0.1358,0.2497,none (deviation >= 0; compare with gen-N noise),,,,0.2077,0.1215,0.3217,,0.1664,0.1101,0.2275,,
r1e4,gen-N,adiff_win,80,0.0062,0.0047,0.0078,none (deviation >= 0; compare with gen-N noise),,,,0.0061,0.0038,0.0088,,0.0062,0.0045,0.0081,,
r1e4,gen-N,adiff_all,80,0.0061,0.0045,0.008,none (deviation >= 0; compare with gen-N noise),,,,0.0061,0.0038,0.0091,,0.0061,0.004,0.0084,,
r1e4,gen-N,realigned,80,0.7875,0.7,0.875,none (deviation >= 0; compare with gen-N noise),,,,0.825,0.7,0.925,,0.75,0.6,0.875,,
r1e4,gen-N,realign_t80,80,36.575,31.7869,41.6128,none (deviation >= 0; compare with gen-N noise),,,,34.525,28.5469,41.525,,38.625,31.625,46.4,,
r1e4,gen-N,sticky_onsets_win_diff,80,-0.025,-0.075,0.025,Wilcoxon signed-rank (signed X-Y),,,0.31731,-0.025,-0.075,0.0,,-0.025,-0.125,0.05,,
r1e4,gen-N,sticky_steps_diff,80,-0.15,-2.15,2.0003,Wilcoxon signed-rank (signed X-Y),,,0.77516,0.05,-2.15,2.325,,-0.35,-3.7756,3.2,,
r1e2,R-N,success,80,0.0125,-0.075,0.1125,exact McNemar,8,7,1.0,0.05,-0.075,0.2,0.72656,-0.025,-0.15,0.1,1.0,1.0
r1e2,R-N,mean_dev_cm,80,4.0312,3.4084,4.7051,none (deviation >= 0; compare with gen-N noise),,,,3.6975,2.848,4.7193,,4.3648,3.5348,5.295,,
r1e2,R-N,final_dev_cm,80,6.0558,4.9734,7.2268,none (deviation >= 0; compare with gen-N noise),,,,4.7869,3.6767,6.1457,,7.3248,5.5369,9.2486,,
r1e2,R-N,max_dev_cm,80,8.0482,6.7471,9.4131,none (deviation >= 0; compare with gen-N noise),,,,7.3804,5.535,9.5262,,8.7159,7.1562,10.4518,,
r1e2,R-N,area_dev_cmstep,80,290.244,245.4054,338.7688,none (deviation >= 0; compare with gen-N noise),,,,266.2228,205.0534,339.7865,,314.2652,254.5088,381.2378,,
r1e2,R-N,post_area_dev_cmstep,80,261.8039,218.9723,308.7903,none (deviation >= 0; compare with gen-N noise),,,,240.7842,181.6118,312.2318,,282.8235,225.2878,347.7125,,
r1e2,R-N,cmd_final_m,80,0.1995,0.1556,0.2501,none (deviation >= 0; compare with gen-N noise),,,,0.1978,0.1285,0.2802,,0.2012,0.1502,0.2578,,
r1e2,R-N,cmd_max_m,80,0.2591,0.2108,0.3129,none (deviation >= 0; compare with gen-N noise),,,,0.2744,0.1935,0.3722,,0.2438,0.1975,0.2957,,
r1e2,R-N,adiff_win,80,0.0183,0.0164,0.0202,none (deviation >= 0; compare with gen-N noise),,,,0.0186,0.0158,0.0215,,0.018,0.0154,0.0208,,
r1e2,R-N,adiff_all,80,0.0098,0.0081,0.0116,none (deviation >= 0; compare with gen-N noise),,,,0.01,0.0074,0.0129,,0.0096,0.0076,0.0117,,
r1e2,R-N,realigned,80,0.3375,0.2375,0.4375,none (deviation >= 0; compare with gen-N noise),,,,0.4,0.25,0.55,,0.275,0.125,0.425,,
r1e2,R-N,realign_t80,80,61.3625,55.7622,66.8503,none (deviation >= 0; compare with gen-N noise),,,,57.6,49.2,66.0,,65.125,56.975,73.0,,
r1e2,R-N,sticky_onsets_win_diff,80,0.075,-0.0375,0.1875,Wilcoxon signed-rank (signed X-Y),,,0.17971,0.05,-0.125,0.225,,0.1,-0.025,0.225,,
r1e2,R-N,sticky_steps_diff,80,1.8375,-0.6375,4.425,Wilcoxon signed-rank (signed X-Y),,,0.18512,1.1,-1.9,4.1512,,2.575,-1.4,6.4256,,
r1e2,F-C,success,80,0.0125,-0.1125,0.1375,exact McNemar,14,13,1.0,0.0,-0.175,0.175,1.0,0.025,-0.175,0.2,1.0,1.0
r1e2,F-C,mean_dev_cm,80,5.4883,4.4874,6.5574,none (deviation >= 0; compare with gen-N noise),,,,5.6085,4.1747,7.2917,,5.3681,4.1231,6.8218,,
r1e2,F-C,final_dev_cm,80,7.6192,6.0484,9.2055,none (deviation >= 0; compare with gen-N noise),,,,7.3997,5.3663,9.548,,7.8387,5.8094,10.1077,,
r1e2,F-C,max_dev_cm,80,10.3033,8.5785,12.0936,none (deviation >= 0; compare with gen-N noise),,,,11.5948,8.9343,14.4943,,9.0118,6.9433,11.2382,,
r1e2,F-C,area_dev_cmstep,80,395.158,323.0943,472.136,none (deviation >= 0; compare with gen-N noise),,,,403.8102,300.5769,525.0039,,386.5058,296.8631,491.1701,,
r1e2,F-C,post_area_dev_cmstep,80,368.85,298.9852,444.0086,none (deviation >= 0; compare with gen-N noise),,,,381.4576,278.962,502.0653,,356.2423,268.9915,457.6656,,
r1e2,F-C,cmd_final_m,80,0.2824,0.2251,0.3432,none (deviation >= 0; compare with gen-N noise),,,,0.3383,0.2488,0.4417,,0.2265,0.157,0.3017,,
r1e2,F-C,cmd_max_m,80,0.3501,0.2868,0.4167,none (deviation >= 0; compare with gen-N noise),,,,0.444,0.3338,0.5571,,0.2563,0.1872,0.3298,,
r1e2,F-C,adiff_win,80,0.0161,0.0145,0.0178,none (deviation >= 0; compare with gen-N noise),,,,0.0176,0.015,0.0201,,0.0145,0.0126,0.0167,,
r1e2,F-C,adiff_all,80,0.0121,0.0102,0.014,none (deviation >= 0; compare with gen-N noise),,,,0.0156,0.0125,0.019,,0.0085,0.0067,0.0105,,
r1e2,F-C,realigned,80,0.3375,0.2375,0.4375,none (deviation >= 0; compare with gen-N noise),,,,0.375,0.225,0.525,,0.3,0.15,0.45,,
r1e2,F-C,realign_t80,80,63.4625,58.1744,68.4631,none (deviation >= 0; compare with gen-N noise),,,,61.725,54.2238,68.9256,,65.2,57.3494,72.7756,,
r1e2,F-C,sticky_onsets_win_diff,80,0.1625,0.075,0.25,Wilcoxon signed-rank (signed X-Y),,,0.00079,0.1,0.025,0.2,,0.225,0.0994,0.375,,
r1e2,F-C,sticky_steps_diff,80,1.925,-0.4628,4.4628,Wilcoxon signed-rank (signed X-Y),,,0.18651,0.95,-3.2006,5.6006,,2.9,0.3994,5.4,,
r1e2,F-N,success,80,-0.15,-0.2625,-0.0375,exact McNemar,5,17,0.0169,-0.1,-0.25,0.05,0.34375,-0.2,-0.35,-0.025,0.03857,
r1e2,F-N,mean_dev_cm,80,9.2318,8.3204,10.2135,none (deviation >= 0; compare with gen-N noise),,,,9.6915,8.114,11.3658,,8.7721,7.7822,9.7503,,
r1e2,F-N,final_dev_cm,80,11.2434,10.0545,12.4823,none (deviation >= 0; compare with gen-N noise),,,,11.7758,9.8932,13.5797,,10.7111,9.1843,12.2264,,
r1e2,F-N,max_dev_cm,80,15.0818,13.8127,16.3936,none (deviation >= 0; compare with gen-N noise),,,,17.2896,15.1764,19.5755,,12.874,11.533,14.2525,,
r1e2,F-N,area_dev_cmstep,80,664.6894,599.072,735.3756,none (deviation >= 0; compare with gen-N noise),,,,697.7859,584.2059,818.3343,,631.5928,560.3214,702.0218,,
r1e2,F-N,post_area_dev_cmstep,80,564.8763,502.0283,632.0037,none (deviation >= 0; compare with gen-N noise),,,,593.4468,481.4896,709.2201,,536.3058,468.5232,602.3605,,
r1e2,F-N,cmd_final_m,80,0.3969,0.3538,0.442,none (deviation >= 0; compare with gen-N noise),,,,0.4048,0.3316,0.4808,,0.389,0.3392,0.4398,,
r1e2,F-N,cmd_max_m,80,0.5273,0.4812,0.5713,none (deviation >= 0; compare with gen-N noise),,,,0.607,0.5313,0.6872,,0.4476,0.4019,0.4946,,
r1e2,F-N,adiff_win,80,0.0441,0.0419,0.0463,none (deviation >= 0; compare with gen-N noise),,,,0.0469,0.0432,0.0507,,0.0412,0.0391,0.0433,,
r1e2,F-N,adiff_all,80,0.0187,0.0172,0.0204,none (deviation >= 0; compare with gen-N noise),,,,0.0221,0.0197,0.0245,,0.0154,0.0133,0.0178,,
r1e2,F-N,realigned,80,0.075,0.025,0.1375,none (deviation >= 0; compare with gen-N noise),,,,0.125,0.025,0.225,,0.025,0.0,0.075,,
r1e2,F-N,realign_t80,80,76.45,73.5747,78.9125,none (deviation >= 0; compare with gen-N noise),,,,73.875,68.775,78.8,,79.025,77.075,80.0,,
r1e2,F-N,sticky_onsets_win_diff,80,-0.05,-0.1625,0.0625,Wilcoxon signed-rank (signed X-Y),,,0.41422,-0.2,-0.375,-0.025,,0.1,-0.05,0.25,,
r1e2,F-N,sticky_steps_diff,80,3.4,0.0734,6.4628,Wilcoxon signed-rank (signed X-Y),,,0.07498,4.45,-0.65,9.3,,2.35,-1.8013,6.5,,
r1e2,C-N,success,80,-0.1625,-0.275,-0.05,exact McNemar,4,17,0.0072,-0.1,-0.25,0.025,0.28906,-0.225,-0.4,-0.05,0.02246,
r1e2,C-N,mean_dev_cm,80,9.275,8.3699,10.2664,none (deviation >= 0; compare with gen-N noise),,,,8.8374,7.5028,10.4071,,9.7125,8.5818,10.8837,,
r1e2,C-N,final_dev_cm,80,11.3393,10.0365,12.6967,none (deviation >= 0; compare with gen-N noise),,,,10.5977,8.6757,12.6013,,12.0809,10.4258,13.7022,,
r1e2,C-N,max_dev_cm,80,15.2162,14.0105,16.4365,none (deviation >= 0; compare with gen-N noise),,,,17.1004,15.1302,19.0558,,13.3319,11.8137,14.9145,,
r1e2,C-N,area_dev_cmstep,80,667.7969,602.6308,739.1799,none (deviation >= 0; compare with gen-N noise),,,,636.2917,540.1992,749.3084,,699.302,617.8879,783.6257,,
r1e2,C-N,post_area_dev_cmstep,80,569.6317,507.8926,636.8943,none (deviation >= 0; compare with gen-N noise),,,,531.8705,441.2728,633.7632,,607.3929,531.3501,686.177,,
r1e2,C-N,cmd_final_m,80,0.3942,0.3467,0.448,none (deviation >= 0; compare with gen-N noise),,,,0.3704,0.2971,0.4555,,0.4181,0.3608,0.4767,,
r1e2,C-N,cmd_max_m,80,0.5108,0.4669,0.5553,none (deviation >= 0; compare with gen-N noise),,,,0.5668,0.497,0.6394,,0.4549,0.4008,0.5114,,
r1e2,C-N,adiff_win,80,0.0439,0.042,0.0459,none (deviation >= 0; compare with gen-N noise),,,,0.0473,0.0439,0.0509,,0.0406,0.0389,0.0422,,
r1e2,C-N,adiff_all,80,0.0189,0.0172,0.0206,none (deviation >= 0; compare with gen-N noise),,,,0.0227,0.0202,0.0254,,0.015,0.0127,0.0175,,
r1e2,C-N,realigned,80,0.025,0.0,0.0625,none (deviation >= 0; compare with gen-N noise),,,,0.025,0.0,0.075,,0.025,0.0,0.075,,
r1e2,C-N,realign_t80,80,78.925,77.2731,80.0,none (deviation >= 0; compare with gen-N noise),,,,78.85,76.55,80.0,,79.0,77.0,80.0,,
r1e2,C-N,sticky_onsets_win_diff,80,-0.2125,-0.3125,-0.1125,Wilcoxon signed-rank (signed X-Y),,,0.00021,-0.3,-0.45,-0.15,,-0.125,-0.275,0.0,,
r1e2,C-N,sticky_steps_diff,80,1.475,-1.95,4.7128,Wilcoxon signed-rank (signed X-Y),,,0.45306,3.5,-2.0,8.5,,-0.55,-4.35,3.0506,,
r1e1,R-N,success,80,-0.05,-0.125,0.025,exact McNemar,3,7,0.34375,-0.025,-0.1,0.05,1.0,-0.075,-0.2,0.05,0.45312,1.0
r1e1,R-N,mean_dev_cm,80,4.7303,3.9619,5.6065,none (deviation >= 0; compare with gen-N noise),,,,4.1162,2.9767,5.4735,,5.3444,4.3712,6.405,,
r1e1,R-N,final_dev_cm,80,6.0136,4.9363,7.2487,none (deviation >= 0; compare with gen-N noise),,,,5.2236,3.8931,6.7399,,6.8037,5.2239,8.671,,
r1e1,R-N,max_dev_cm,80,8.3029,6.9069,9.8854,none (deviation >= 0; compare with gen-N noise),,,,8.0183,5.8836,10.6038,,8.5875,7.0231,10.2526,,
r1e1,R-N,area_dev_cmstep,80,340.5812,285.2536,403.6655,none (deviation >= 0; compare with gen-N noise),,,,296.3651,214.3249,394.0911,,384.7972,314.7282,461.1571,,
r1e1,R-N,post_area_dev_cmstep,80,306.6131,253.1484,367.2616,none (deviation >= 0; compare with gen-N noise),,,,268.3511,189.1502,363.7203,,344.8751,278.035,418.3678,,
r1e1,R-N,cmd_final_m,80,0.1897,0.1474,0.2377,none (deviation >= 0; compare with gen-N noise),,,,0.1837,0.1236,0.2559,,0.1958,0.1398,0.2603,,
r1e1,R-N,cmd_max_m,80,0.2693,0.2183,0.3255,none (deviation >= 0; compare with gen-N noise),,,,0.2867,0.2005,0.3853,,0.252,0.1998,0.3121,,
r1e1,R-N,adiff_win,80,0.0183,0.016,0.0206,none (deviation >= 0; compare with gen-N noise),,,,0.0197,0.0163,0.0232,,0.0169,0.0139,0.0199,,
r1e1,R-N,adiff_all,80,0.0092,0.0074,0.0112,none (deviation >= 0; compare with gen-N noise),,,,0.01,0.0071,0.0132,,0.0083,0.0063,0.0106,,
r1e1,R-N,realigned,80,0.3375,0.2375,0.4375,none (deviation >= 0; compare with gen-N noise),,,,0.5,0.35,0.65,,0.175,0.075,0.3,,
r1e1,R-N,realign_t80,80,61.9375,56.3997,66.8884,none (deviation >= 0; compare with gen-N noise),,,,52.175,43.75,60.625,,71.7,64.9,77.2,,
r1e1,R-N,sticky_onsets_win_diff,80,0.1625,0.0625,0.2625,Wilcoxon signed-rank (signed X-Y),,,0.00286,0.075,-0.05,0.2,,0.25,0.1,0.4,,
r1e1,R-N,sticky_steps_diff,80,3.2375,1.0497,5.6753,Wilcoxon signed-rank (signed X-Y),,,0.00587,1.8,-0.5513,4.55,,4.675,0.75,8.5269,,
r1e1,F-C,success,80,-0.0125,-0.15,0.1125,exact McNemar,13,14,1.0,0.025,-0.125,0.175,1.0,-0.05,-0.25,0.15,0.81453,1.0
r1e1,F-C,mean_dev_cm,80,7.2693,6.1378,8.4188,none (deviation >= 0; compare with gen-N noise),,,,5.8195,4.505,7.3539,,8.7191,7.0176,10.5369,,
r1e1,F-C,final_dev_cm,80,9.4053,7.5859,11.2422,none (deviation >= 0; compare with gen-N noise),,,,7.0152,4.7591,9.612,,11.7954,9.3251,14.5542,,
r1e1,F-C,max_dev_cm,80,13.991,11.8686,15.949,none (deviation >= 0; compare with gen-N noise),,,,13.9479,10.9969,16.9254,,14.034,11.4919,16.7399,,
r1e1,F-C,area_dev_cmstep,80,523.3871,441.9187,606.1548,none (deviation >= 0; compare with gen-N noise),,,,419.0017,324.3635,529.4788,,627.7725,505.2668,758.6585,,
r1e1,F-C,post_area_dev_cmstep,80,484.9213,407.3391,563.203,none (deviation >= 0; compare with gen-N noise),,,,392.828,301.9442,495.7844,,577.0146,462.0505,703.8591,,
r1e1,F-C,cmd_final_m,80,0.4196,0.3234,0.5293,none (deviation >= 0; compare with gen-N noise),,,,0.3416,0.2257,0.481,,0.4977,0.3575,0.6623,,
r1e1,F-C,cmd_max_m,80,0.5357,0.4336,0.6391,none (deviation >= 0; compare with gen-N noise),,,,0.5272,0.4,0.66,,0.5443,0.4017,0.7136,,
r1e1,F-C,adiff_win,80,0.0149,0.0125,0.0176,none (deviation >= 0; compare with gen-N noise),,,,0.0123,0.0086,0.0165,,0.0176,0.0143,0.0209,,
r1e1,F-C,adiff_all,80,0.0165,0.0141,0.019,none (deviation >= 0; compare with gen-N noise),,,,0.0186,0.015,0.0221,,0.0143,0.0112,0.0177,,
r1e1,F-C,realigned,80,0.35,0.2625,0.45,none (deviation >= 0; compare with gen-N noise),,,,0.55,0.4,0.7,,0.15,0.05,0.275,,
r1e1,F-C,realign_t80,80,61.6,56.6122,66.5003,none (deviation >= 0; compare with gen-N noise),,,,51.25,42.9744,59.3256,,71.95,65.45,77.35,,
r1e1,F-C,sticky_onsets_win_diff,80,0.4625,0.325,0.6125,Wilcoxon signed-rank (signed X-Y),,,0.0,0.4,0.225,0.6,,0.525,0.325,0.725,,
r1e1,F-C,sticky_steps_diff,80,5.475,2.4247,8.6378,Wilcoxon signed-rank (signed X-Y),,,0.00063,5.575,2.075,9.45,,5.375,0.1738,10.5756,,
r1e1,F-N,success,80,-0.175,-0.2875,-0.0625,exact McNemar,6,20,0.00936,0.0,-0.15,0.1256,1.0,-0.35,-0.525,-0.175,0.00131,
r1e1,F-N,mean_dev_cm,80,9.9656,9.0674,10.9081,none (deviation >= 0; compare with gen-N noise),,,,9.541,8.5225,10.6478,,10.3903,8.8546,11.9055,,
r1e1,F-N,final_dev_cm,80,9.8917,8.5113,11.3987,none (deviation >= 0; compare with gen-N noise),,,,8.4534,6.7779,10.4164,,11.3301,9.2585,13.5956,,
r1e1,F-N,max_dev_cm,80,18.0391,16.6532,19.4826,none (deviation >= 0; compare with gen-N noise),,,,20.6226,18.5986,22.6884,,15.4556,13.5532,17.5322,,
r1e1,F-N,area_dev_cmstep,80,717.5254,652.8543,785.3828,none (deviation >= 0; compare with gen-N noise),,,,686.9525,613.6181,766.6402,,748.0982,637.5333,857.1934,,
r1e1,F-N,post_area_dev_cmstep,80,589.7094,527.6651,655.107,none (deviation >= 0; compare with gen-N noise),,,,557.0882,483.4537,635.985,,622.3305,518.7561,723.4007,,
r1e1,F-N,cmd_final_m,80,0.3952,0.3269,0.4829,none (deviation >= 0; compare with gen-N noise),,,,0.3321,0.2344,0.4718,,0.4583,0.3628,0.5675,,
r1e1,F-N,cmd_max_m,80,0.6603,0.5927,0.7373,none (deviation >= 0; compare with gen-N noise),,,,0.7378,0.6332,0.8574,,0.5828,0.4947,0.6813,,
r1e1,F-N,adiff_win,80,0.0533,0.0506,0.056,none (deviation >= 0; compare with gen-N noise),,,,0.0553,0.0513,0.059,,0.0513,0.0477,0.0552,,
r1e1,F-N,adiff_all,80,0.0239,0.0219,0.0259,none (deviation >= 0; compare with gen-N noise),,,,0.0285,0.0257,0.0313,,0.0193,0.0167,0.0223,,
r1e1,F-N,realigned,80,0.0125,0.0,0.0375,none (deviation >= 0; compare with gen-N noise),,,,0.025,0.0,0.075,,0.0,0.0,0.0,,
r1e1,F-N,realign_t80,80,79.3125,77.9375,80.0,none (deviation >= 0; compare with gen-N noise),,,,78.625,75.875,80.0,,80.0,80.0,80.0,,
r1e1,F-N,sticky_onsets_win_diff,80,-0.2625,-0.4125,-0.1125,Wilcoxon signed-rank (signed X-Y),,,0.00267,-0.575,-0.775,-0.375,,0.05,-0.175,0.275,,
r1e1,F-N,sticky_steps_diff,80,5.4875,2.6247,8.4378,Wilcoxon signed-rank (signed X-Y),,,0.00015,4.275,0.475,8.1512,,6.7,2.4,11.1512,,
r1e1,C-N,success,80,-0.1625,-0.2625,-0.05,exact McNemar,4,17,0.0072,-0.025,-0.15,0.1,1.0,-0.3,-0.45,-0.15,0.00183,
r1e1,C-N,mean_dev_cm,80,10.3604,9.2552,11.4715,none (deviation >= 0; compare with gen-N noise),,,,9.6625,8.505,10.9409,,11.0583,9.3778,12.8613,,
r1e1,C-N,final_dev_cm,80,10.2918,8.7325,11.998,none (deviation >= 0; compare with gen-N noise),,,,8.3884,6.5679,10.5548,,12.1953,9.7615,14.6783,,
r1e1,C-N,max_dev_cm,80,17.9221,16.6266,19.178,none (deviation >= 0; compare with gen-N noise),,,,20.4431,18.8563,22.0487,,15.4011,13.4769,17.4937,,
r1e1,C-N,area_dev_cmstep,80,745.9473,666.3766,825.9474,none (deviation >= 0; compare with gen-N noise),,,,695.7,612.3613,787.7444,,796.1946,675.1986,926.0146,,
r1e1,C-N,post_area_dev_cmstep,80,615.1695,540.5212,691.9492,none (deviation >= 0; compare with gen-N noise),,,,554.664,474.8325,643.3277,,675.675,560.8264,798.3641,,
r1e1,C-N,cmd_final_m,80,0.4563,0.3733,0.5534,none (deviation >= 0; compare with gen-N noise),,,,0.3226,0.2324,0.441,,0.5899,0.4604,0.739,,
r1e1,C-N,cmd_max_m,80,0.683,0.6092,0.7711,none (deviation >= 0; compare with gen-N noise),,,,0.7133,0.6376,0.8091,,0.6528,0.5297,0.7927,,
r1e1,C-N,adiff_win,80,0.0532,0.0505,0.0559,none (deviation >= 0; compare with gen-N noise),,,,0.0582,0.0543,0.0616,,0.0483,0.0445,0.0524,,
r1e1,C-N,adiff_all,80,0.0227,0.0209,0.0246,none (deviation >= 0; compare with gen-N noise),,,,0.0274,0.0249,0.03,,0.0181,0.0155,0.0209,,
r1e1,C-N,realigned,80,0.0125,0.0,0.0375,none (deviation >= 0; compare with gen-N noise),,,,0.0,0.0,0.0,,0.025,0.0,0.075,,
r1e1,C-N,realign_t80,80,79.5125,78.5375,80.0,none (deviation >= 0; compare with gen-N noise),,,,80.0,80.0,80.0,,79.025,77.075,80.0,,
r1e1,C-N,sticky_onsets_win_diff,80,-0.725,-0.875,-0.5875,Wilcoxon signed-rank (signed X-Y),,,0.0,-0.975,-1.175,-0.775,,-0.475,-0.675,-0.25,,
r1e1,C-N,sticky_steps_diff,80,0.0125,-3.2878,3.2125,Wilcoxon signed-rank (signed X-Y),,,0.81967,-1.3,-5.7756,2.95,,1.325,-3.55,6.1506,,
r2e2,R-N,success,80,0.0125,-0.1,0.125,exact McNemar,10,9,1.0,0.05,-0.1,0.2,0.75391,-0.025,-0.175,0.125,1.0,1.0
r2e2,R-N,mean_dev_cm,80,4.3023,3.6534,4.9671,none (deviation >= 0; compare with gen-N noise),,,,4.6658,3.7303,5.6592,,3.9388,3.1949,4.7828,,
r2e2,R-N,final_dev_cm,80,6.8488,5.8545,7.9312,none (deviation >= 0; compare with gen-N noise),,,,6.919,5.6025,8.3319,,6.7785,5.3005,8.4187,,
r2e2,R-N,max_dev_cm,80,8.9042,7.416,10.477,none (deviation >= 0; compare with gen-N noise),,,,10.463,8.0085,13.123,,7.3454,5.8781,8.961,,
r2e2,R-N,area_dev_cmstep,80,309.7642,263.0468,357.6285,none (deviation >= 0; compare with gen-N noise),,,,335.9352,268.5844,407.4617,,283.5931,230.0334,344.3623,,
r2e2,R-N,post_area_dev_cmstep,80,279.2859,233.7542,325.9136,none (deviation >= 0; compare with gen-N noise),,,,304.1662,238.2145,375.0482,,254.4056,203.0499,314.0053,,
r2e2,R-N,cmd_final_m,80,0.2928,0.227,0.3696,none (deviation >= 0; compare with gen-N noise),,,,0.3506,0.2299,0.5025,,0.235,0.1834,0.2928,,
r2e2,R-N,cmd_max_m,80,0.3538,0.2819,0.4347,none (deviation >= 0; compare with gen-N noise),,,,0.4588,0.3275,0.6193,,0.2489,0.1972,0.3051,,
r2e2,R-N,adiff_win,80,0.0201,0.0183,0.022,none (deviation >= 0; compare with gen-N noise),,,,0.0235,0.021,0.0261,,0.0168,0.0142,0.0196,,
r2e2,R-N,adiff_all,80,0.0115,0.0096,0.0136,none (deviation >= 0; compare with gen-N noise),,,,0.0147,0.0114,0.0186,,0.0083,0.0067,0.0103,,
r2e2,R-N,realigned,80,0.3625,0.2625,0.4625,none (deviation >= 0; compare with gen-N noise),,,,0.2,0.075,0.325,,0.525,0.375,0.675,,
r2e2,R-N,realign_t80,80,60.4125,54.8,65.7,none (deviation >= 0; compare with gen-N noise),,,,68.8,61.8,75.8,,52.025,43.8,60.45,,
r2e2,R-N,sticky_onsets_win_diff,80,-0.0125,-0.1,0.075,Wilcoxon signed-rank (signed X-Y),,,0.78151,0.0,-0.125,0.125,,-0.025,-0.1256,0.075,,
r2e2,R-N,sticky_steps_diff,80,-0.0125,-2.8878,2.775,Wilcoxon signed-rank (signed X-Y),,,0.70466,-0.85,-4.85,2.8512,,0.825,-3.05,5.4775,,
r2e2,F-C,success,80,0.0,-0.1,0.1,exact McNemar,9,9,1.0,-0.025,-0.1,0.05,1.0,0.025,-0.175,0.2,1.0,1.0
r2e2,F-C,mean_dev_cm,80,4.498,3.981,5.014,none (deviation >= 0; compare with gen-N noise),,,,4.2371,3.5191,5.0097,,4.7589,4.015,5.5789,,
r2e2,F-C,final_dev_cm,80,6.7802,5.7432,7.8688,none (deviation >= 0; compare with gen-N noise),,,,6.1169,4.7685,7.7396,,7.4435,5.8912,9.2164,,
r2e2,F-C,max_dev_cm,80,8.9976,7.6729,10.2689,none (deviation >= 0; compare with gen-N noise),,,,8.975,6.9536,11.1381,,9.0202,7.3749,10.8088,,
r2e2,F-C,area_dev_cmstep,80,323.8582,286.6333,361.0095,none (deviation >= 0; compare with gen-N noise),,,,305.0726,253.3772,360.6986,,342.6438,289.0835,401.6795,,
r2e2,F-C,post_area_dev_cmstep,80,294.3723,258.4079,330.9641,none (deviation >= 0; compare with gen-N noise),,,,275.2246,225.2275,329.4132,,313.5199,261.7383,371.2177,,
r2e2,F-C,cmd_final_m,80,0.2426,0.1978,0.291,none (deviation >= 0; compare with gen-N noise),,,,0.2409,0.1773,0.3143,,0.2444,0.1801,0.3163,,
r2e2,F-C,cmd_max_m,80,0.3219,0.2692,0.3761,none (deviation >= 0; compare with gen-N noise),,,,0.3414,0.2609,0.4279,,0.3025,0.2348,0.3761,,
r2e2,F-C,adiff_win,80,0.02,0.0184,0.0215,none (deviation >= 0; compare with gen-N noise),,,,0.0233,0.0213,0.0256,,0.0166,0.0144,0.0187,,
r2e2,F-C,adiff_all,80,0.0122,0.0104,0.014,none (deviation >= 0; compare with gen-N noise),,,,0.014,0.0114,0.0167,,0.0104,0.0083,0.0127,,
r2e2,F-C,realigned,80,0.325,0.2375,0.425,none (deviation >= 0; compare with gen-N noise),,,,0.4,0.25,0.55,,0.25,0.125,0.4,,
r2e2,F-C,realign_t80,80,62.5,57.0497,67.4656,none (deviation >= 0; compare with gen-N noise),,,,58.975,51.0738,66.8,,66.025,57.65,73.0,,
r2e2,F-C,sticky_onsets_win_diff,80,0.0625,-0.0375,0.1503,Wilcoxon signed-rank (signed X-Y),,,0.22525,0.15,0.025,0.275,,-0.025,-0.175,0.125,,
r2e2,F-C,sticky_steps_diff,80,0.9125,-1.625,3.1378,Wilcoxon signed-rank (signed X-Y),,,0.43301,3.75,1.0737,6.525,,-1.925,-6.0006,1.7506,,
r2e2,F-N,success,80,-0.05,-0.175,0.0625,exact McNemar,10,14,0.54126,0.075,-0.1,0.25,0.58105,-0.175,-0.325,-0.025,0.06543,
r2e2,F-N,mean_dev_cm,80,6.887,6.1335,7.7082,none (deviation >= 0; compare with gen-N noise),,,,6.6125,5.5547,7.8253,,7.1615,6.262,8.3104,,
r2e2,F-N,final_dev_cm,80,9.8586,8.4757,11.3229,none (deviation >= 0; compare with gen-N noise),,,,9.8799,7.8492,12.4774,,9.8374,8.3505,11.6186,,
r2e2,F-N,max_dev_cm,80,11.9349,10.5856,13.3408,none (deviation >= 0; compare with gen-N noise),,,,13.1734,10.9879,15.5088,,10.6964,9.2457,12.4356,,
r2e2,F-N,area_dev_cmstep,80,495.8653,441.6141,554.9901,none (deviation >= 0; compare with gen-N noise),,,,476.103,399.9409,563.4196,,515.6276,450.8642,598.3523,,
r2e2,F-N,post_area_dev_cmstep,80,434.1386,381.7184,492.377,none (deviation >= 0; compare with gen-N noise),,,,412.5511,336.8684,499.4827,,455.7262,392.2129,534.276,,
r2e2,F-N,cmd_final_m,80,0.4003,0.3188,0.5008,none (deviation >= 0; compare with gen-N noise),,,,0.4364,0.2818,0.6415,,0.3643,0.3153,0.4177,,
r2e2,F-N,cmd_max_m,80,0.4581,0.3785,0.5563,none (deviation >= 0; compare with gen-N noise),,,,0.5337,0.3845,0.7235,,0.3826,0.334,0.4352,,
r2e2,F-N,adiff_win,80,0.0325,0.0309,0.0342,none (deviation >= 0; compare with gen-N noise),,,,0.0346,0.0319,0.0374,,0.0304,0.0285,0.0324,,
r2e2,F-N,adiff_all,80,0.0156,0.0139,0.0174,none (deviation >= 0; compare with gen-N noise),,,,0.0186,0.0156,0.0218,,0.0126,0.011,0.0142,,
r2e2,F-N,realigned,80,0.0875,0.0375,0.15,none (deviation >= 0; compare with gen-N noise),,,,0.125,0.025,0.225,,0.05,0.0,0.125,,
r2e2,F-N,realign_t80,80,76.2125,73.0741,78.6887,none (deviation >= 0; compare with gen-N noise),,,,74.2,68.6988,78.6,,78.225,75.425,80.0,,
r2e2,F-N,sticky_onsets_win_diff,80,0.0,-0.1,0.1,Wilcoxon signed-rank (signed X-Y),,,1.0,-0.025,-0.15,0.1,,0.025,-0.125,0.175,,
r2e2,F-N,sticky_steps_diff,80,3.5375,0.6875,6.2878,Wilcoxon signed-rank (signed X-Y),,,0.01459,3.575,-0.1262,6.9506,,3.5,-1.075,7.9269,,
r2e2,C-N,success,80,-0.05,-0.1625,0.0625,exact McNemar,9,13,0.52347,0.1,-0.05,0.25,0.34375,-0.2,-0.35,-0.05,0.03857,
r2e2,C-N,mean_dev_cm,80,6.3934,5.6199,7.2322,none (deviation >= 0; compare with gen-N noise),,,,5.7844,4.6679,7.198,,7.0024,6.0046,8.1424,,
r2e2,C-N,final_dev_cm,80,9.2474,7.9796,10.6427,none (deviation >= 0; compare with gen-N noise),,,,7.7892,6.0994,9.66,,10.7056,8.8181,12.7438,,
r2e2,C-N,max_dev_cm,80,11.2194,9.7337,12.7513,none (deviation >= 0; compare with gen-N noise),,,,10.7245,8.6356,13.281,,11.7142,9.7551,13.8099,,
r2e2,C-N,area_dev_cmstep,80,460.3266,404.6351,520.7168,none (deviation >= 0; compare with gen-N noise),,,,416.4799,336.0917,518.255,,504.1734,432.3284,586.2564,,
r2e2,C-N,post_area_dev_cmstep,80,405.8836,350.4001,465.1533,none (deviation >= 0; compare with gen-N noise),,,,359.4712,279.4528,459.5215,,452.296,381.769,532.1503,,
r2e2,C-N,cmd_final_m,80,0.3931,0.3091,0.5004,none (deviation >= 0; compare with gen-N noise),,,,0.3751,0.2259,0.5893,,0.4111,0.3444,0.4874,,
r2e2,C-N,cmd_max_m,80,0.4469,0.3573,0.551,none (deviation >= 0; compare with gen-N noise),,,,0.4553,0.2986,0.6677,,0.4385,0.3702,0.5131,,
r2e2,C-N,adiff_win,80,0.0298,0.0282,0.0314,none (deviation >= 0; compare with gen-N noise),,,,0.0324,0.0296,0.0354,,0.0272,0.0259,0.0285,,
r2e2,C-N,adiff_all,80,0.0148,0.0129,0.0169,none (deviation >= 0; compare with gen-N noise),,,,0.0162,0.0128,0.0202,,0.0134,0.0116,0.0153,,
r2e2,C-N,realigned,80,0.075,0.025,0.1375,none (deviation >= 0; compare with gen-N noise),,,,0.1,0.025,0.2,,0.05,0.0,0.125,,
r2e2,C-N,realign_t80,80,77.025,74.35,79.075,none (deviation >= 0; compare with gen-N noise),,,,76.3,71.65,79.55,,77.75,74.275,80.0,,
r2e2,C-N,sticky_onsets_win_diff,80,-0.0625,-0.15,0.025,Wilcoxon signed-rank (signed X-Y),,,0.19671,-0.175,-0.3,-0.075,,0.05,-0.075,0.175,,
r2e2,C-N,sticky_steps_diff,80,2.625,-0.0753,5.4756,Wilcoxon signed-rank (signed X-Y),,,0.19198,-0.175,-3.6506,2.9006,,5.425,0.9,10.325,,
r2e1,R-N,success,80,-0.025,-0.125,0.0625,exact McNemar,6,8,0.79053,0.025,-0.125,0.175,1.0,-0.075,-0.175,0.025,0.375,1.0
r2e1,R-N,mean_dev_cm,80,4.6958,3.87,5.6084,none (deviation >= 0; compare with gen-N noise),,,,5.1856,3.7262,6.7966,,4.2059,3.4619,4.9689,,
r2e1,R-N,final_dev_cm,80,6.6692,5.3339,8.1237,none (deviation >= 0; compare with gen-N noise),,,,7.335,5.2486,9.8673,,6.0033,4.6685,7.5372,,
r2e1,R-N,max_dev_cm,80,9.5374,7.8525,11.4349,none (deviation >= 0; compare with gen-N noise),,,,11.1673,8.0521,14.692,,7.9075,6.6003,9.3059,,
r2e1,R-N,area_dev_cmstep,80,338.0957,278.6385,403.8018,none (deviation >= 0; compare with gen-N noise),,,,373.3644,268.2844,489.3585,,302.8269,249.2589,357.7598,,
r2e1,R-N,post_area_dev_cmstep,80,305.0752,248.2636,369.7379,none (deviation >= 0; compare with gen-N noise),,,,342.2054,238.4725,455.7133,,267.9451,216.909,322.3951,,
r2e1,R-N,cmd_final_m,80,0.2763,0.2204,0.3399,none (deviation >= 0; compare with gen-N noise),,,,0.3395,0.2415,0.4558,,0.213,0.1692,0.2614,,
r2e1,R-N,cmd_max_m,80,0.3517,0.2831,0.4328,none (deviation >= 0; compare with gen-N noise),,,,0.4453,0.314,0.5989,,0.2582,0.2098,0.3066,,
r2e1,R-N,adiff_win,80,0.0223,0.0198,0.0253,none (deviation >= 0; compare with gen-N noise),,,,0.0233,0.0194,0.0277,,0.0214,0.0181,0.025,,
r2e1,R-N,adiff_all,80,0.013,0.0107,0.0154,none (deviation >= 0; compare with gen-N noise),,,,0.0149,0.011,0.0192,,0.0111,0.009,0.0136,,
r2e1,R-N,realigned,80,0.4125,0.3,0.5125,none (deviation >= 0; compare with gen-N noise),,,,0.525,0.375,0.675,,0.3,0.175,0.45,,
r2e1,R-N,realign_t80,80,59.3125,53.8491,64.8,none (deviation >= 0; compare with gen-N noise),,,,53.475,45.1487,61.6506,,65.15,57.5738,71.8756,,
r2e1,R-N,sticky_onsets_win_diff,80,0.075,-0.0375,0.1875,Wilcoxon signed-rank (signed X-Y),,,0.17971,0.025,-0.125,0.175,,0.125,-0.025,0.3,,
r2e1,R-N,sticky_steps_diff,80,3.0375,-0.2506,6.2375,Wilcoxon signed-rank (signed X-Y),,,0.07592,2.45,-1.45,6.5,,3.625,-1.6269,8.75,,
r2e1,F-C,success,80,0.075,-0.05,0.1875,exact McNemar,15,9,0.30746,0.15,0.0,0.3006,0.146,0.0,-0.175,0.175,1.0,1.0
r2e1,F-C,mean_dev_cm,80,6.2781,5.3477,7.2961,none (deviation >= 0; compare with gen-N noise),,,,6.6796,5.3051,8.3019,,5.8766,4.668,7.1494,,
r2e1,F-C,final_dev_cm,80,8.7465,7.3117,10.2369,none (deviation >= 0; compare with gen-N noise),,,,9.3658,7.4377,11.3987,,8.1272,6.1587,10.253,,
r2e1,F-C,max_dev_cm,80,12.0077,10.5314,13.5202,none (deviation >= 0; compare with gen-N noise),,,,13.7637,11.5332,16.0701,,10.2518,8.2884,12.3881,,
r2e1,F-C,area_dev_cmstep,80,452.0233,385.0365,525.3158,none (deviation >= 0; compare with gen-N noise),,,,480.9319,381.9651,597.7387,,423.1146,336.0958,514.7558,,
r2e1,F-C,post_area_dev_cmstep,80,410.7679,344.7858,480.8018,none (deviation >= 0; compare with gen-N noise),,,,440.4748,346.8973,549.5969,,381.0609,295.2216,472.9258,,
r2e1,F-C,cmd_final_m,80,0.3799,0.3151,0.4517,none (deviation >= 0; compare with gen-N noise),,,,0.4391,0.3328,0.5661,,0.3207,0.2509,0.3967,,
r2e1,F-C,cmd_max_m,80,0.4644,0.3982,0.5313,none (deviation >= 0; compare with gen-N noise),,,,0.562,0.4522,0.6829,,0.3667,0.2993,0.4385,,
r2e1,F-C,adiff_win,80,0.025,0.0228,0.0274,none (deviation >= 0; compare with gen-N noise),,,,0.0271,0.0237,0.0311,,0.0229,0.02,0.0261,,
r2e1,F-C,adiff_all,80,0.0173,0.0152,0.0195,none (deviation >= 0; compare with gen-N noise),,,,0.0207,0.0174,0.0242,,0.014,0.0114,0.0168,,
r2e1,F-C,realigned,80,0.2,0.1125,0.2875,none (deviation >= 0; compare with gen-N noise),,,,0.175,0.075,0.3,,0.225,0.1,0.35,,
r2e1,F-C,realign_t80,80,71.6,67.3625,75.3378,none (deviation >= 0; compare with gen-N noise),,,,72.725,67.1737,77.5012,,70.475,64.35,75.9,,
r2e1,F-C,sticky_onsets_win_diff,80,0.1,-0.0125,0.2125,Wilcoxon signed-rank (signed X-Y),,,0.07364,0.1,0.0,0.225,,0.1,-0.075,0.275,,
r2e1,F-C,sticky_steps_diff,80,0.575,-2.2756,3.4,Wilcoxon signed-rank (signed X-Y),,,0.68264,-0.45,-4.15,3.2012,,1.6,-2.9,6.0,,
r2e1,F-N,success,80,-0.1125,-0.225,-0.0125,exact McNemar,6,15,0.07835,0.025,-0.125,0.175,1.0,-0.25,-0.4,-0.1,0.00635,
r2e1,F-N,mean_dev_cm,80,7.9573,6.9946,8.9503,none (deviation >= 0; compare with gen-N noise),,,,8.6198,6.9233,10.4811,,7.2949,6.5394,8.1101,,
r2e1,F-N,final_dev_cm,80,9.1233,7.8298,10.4447,none (deviation >= 0; compare with gen-N noise),,,,9.2477,7.0339,11.5566,,8.9989,7.7235,10.3529,,
r2e1,F-N,max_dev_cm,80,13.9899,12.6243,15.4015,none (deviation >= 0; compare with gen-N noise),,,,16.608,14.0017,19.3262,,11.3719,10.3388,12.4654,,
r2e1,F-N,area_dev_cmstep,80,572.9283,503.6094,644.419,none (deviation >= 0; compare with gen-N noise),,,,620.6253,498.4803,754.6409,,525.2312,470.8352,583.9283,,
r2e1,F-N,post_area_dev_cmstep,80,483.3747,416.2946,553.1613,none (deviation >= 0; compare with gen-N noise),,,,520.4524,401.9523,653.1634,,446.2969,395.6491,502.291,,
r2e1,F-N,cmd_final_m,80,0.4076,0.342,0.4784,none (deviation >= 0; compare with gen-N noise),,,,0.4396,0.3209,0.579,,0.3756,0.3292,0.4221,,
r2e1,F-N,cmd_max_m,80,0.5316,0.4647,0.6016,none (deviation >= 0; compare with gen-N noise),,,,0.633,0.5072,0.7685,,0.4303,0.3878,0.472,,
r2e1,F-N,adiff_win,80,0.044,0.042,0.0462,none (deviation >= 0; compare with gen-N noise),,,,0.0472,0.0434,0.0511,,0.0409,0.0391,0.0427,,
r2e1,F-N,adiff_all,80,0.0206,0.0185,0.0228,none (deviation >= 0; compare with gen-N noise),,,,0.024,0.0202,0.0279,,0.0172,0.0151,0.0195,,
r2e1,F-N,realigned,80,0.075,0.025,0.1375,none (deviation >= 0; compare with gen-N noise),,,,0.125,0.025,0.25,,0.025,0.0,0.075,,
r2e1,F-N,realign_t80,80,77.3125,74.6875,79.275,none (deviation >= 0; compare with gen-N noise),,,,76.025,71.7994,79.5,,78.6,75.8,80.0,,
r2e1,F-N,sticky_onsets_win_diff,80,-0.0375,-0.15,0.075,Wilcoxon signed-rank (signed X-Y),,,0.51269,-0.175,-0.3,-0.075,,0.1,-0.075,0.275,,
r2e1,F-N,sticky_steps_diff,80,2.45,-0.725,5.4256,Wilcoxon signed-rank (signed X-Y),,,0.08774,2.05,-1.85,5.9,,2.85,-2.1012,7.2512,,
r2e1,C-N,success,80,-0.1875,-0.3,-0.075,exact McNemar,5,20,0.00408,-0.125,-0.3,0.05,0.26685,-0.25,-0.4,-0.1,0.00635,
r2e1,C-N,mean_dev_cm,80,7.6883,6.8274,8.6457,none (deviation >= 0; compare with gen-N noise),,,,8.3582,6.9888,9.9718,,7.0185,5.9885,8.1972,,
r2e1,C-N,final_dev_cm,80,9.2455,8.0693,10.5408,none (deviation >= 0; compare with gen-N noise),,,,10.0325,8.2867,11.9474,,8.4586,7.0362,10.2192,,
r2e1,C-N,max_dev_cm,80,13.3995,12.0645,14.862,none (deviation >= 0; compare with gen-N noise),,,,16.3142,14.0953,18.5712,,10.4848,9.0219,12.3202,,
r2e1,C-N,area_dev_cmstep,80,553.5587,491.5744,622.492,none (deviation >= 0; compare with gen-N noise),,,,601.7889,503.1917,717.9672,,505.3285,431.173,590.202,,
r2e1,C-N,post_area_dev_cmstep,80,472.519,411.4458,540.0356,none (deviation >= 0; compare with gen-N noise),,,,507.4282,410.1112,618.4962,,437.6099,365.8414,522.3333,,
r2e1,C-N,cmd_final_m,80,0.4005,0.3432,0.4655,none (deviation >= 0; compare with gen-N noise),,,,0.4495,0.3472,0.567,,0.3515,0.3028,0.4021,,
r2e1,C-N,cmd_max_m,80,0.4947,0.437,0.5587,none (deviation >= 0; compare with gen-N noise),,,,0.5986,0.4933,0.7182,,0.3908,0.3462,0.4421,,
r2e1,C-N,adiff_win,80,0.0437,0.0417,0.0458,none (deviation >= 0; compare with gen-N noise),,,,0.0496,0.0459,0.0536,,0.0378,0.0361,0.0397,,
r2e1,C-N,adiff_all,80,0.0196,0.0177,0.0216,none (deviation >= 0; compare with gen-N noise),,,,0.0237,0.0206,0.0268,,0.0156,0.0133,0.0186,,
r2e1,C-N,realigned,80,0.0625,0.0125,0.125,none (deviation >= 0; compare with gen-N noise),,,,0.1,0.025,0.2,,0.025,0.0,0.075,,
r2e1,C-N,realign_t80,80,77.5875,75.0875,79.55,none (deviation >= 0; compare with gen-N noise),,,,76.5,72.3744,79.675,,78.675,76.025,80.0,,
r2e1,C-N,sticky_onsets_win_diff,80,-0.1375,-0.2375,-0.0375,Wilcoxon signed-rank (signed X-Y),,,0.01646,-0.275,-0.45,-0.125,,0.0,-0.125,0.125,,
r2e1,C-N,sticky_steps_diff,80,1.875,-1.5256,4.9,Wilcoxon signed-rank (signed X-Y),,,0.24328,2.5,-2.1512,6.85,,1.25,-3.75,6.3012,,
r4e1,R-N,success,80,-0.0125,-0.1,0.075,exact McNemar,7,8,1.0,-0.075,-0.2,0.05,0.45312,0.05,-0.1,0.1756,0.72656,1.0
r4e1,R-N,mean_dev_cm,80,5.5716,4.8624,6.4156,none (deviation >= 0; compare with gen-N noise),,,,6.4628,5.2858,7.8788,,4.6803,3.8794,5.528,,
r4e1,R-N,final_dev_cm,80,9.4704,8.1035,10.9075,none (deviation >= 0; compare with gen-N noise),,,,10.7968,8.7496,13.0219,,8.144,6.4174,9.9775,,
r4e1,R-N,max_dev_cm,80,11.2034,9.7951,12.837,none (deviation >= 0; compare with gen-N noise),,,,13.307,11.0871,16.1262,,9.0999,7.4273,10.9223,,
r4e1,R-N,area_dev_cmstep,80,401.153,350.0951,461.9254,none (deviation >= 0; compare with gen-N noise),,,,465.3242,380.5808,567.2724,,336.9817,279.3135,398.0143,,
r4e1,R-N,post_area_dev_cmstep,80,358.5009,308.1896,417.9187,none (deviation >= 0; compare with gen-N noise),,,,415.7398,333.3794,518.6318,,301.2621,246.5956,359.9358,,
r4e1,R-N,cmd_final_m,80,0.3442,0.2841,0.4113,none (deviation >= 0; compare with gen-N noise),,,,0.407,0.3049,0.5247,,0.2815,0.2138,0.3535,,
r4e1,R-N,cmd_max_m,80,0.4166,0.3503,0.4912,none (deviation >= 0; compare with gen-N noise),,,,0.5165,0.4035,0.654,,0.3167,0.2519,0.385,,
r4e1,R-N,adiff_win,80,0.03,0.0273,0.0328,none (deviation >= 0; compare with gen-N noise),,,,0.038,0.0342,0.0421,,0.0219,0.0182,0.0261,,
r4e1,R-N,adiff_all,80,0.0166,0.0142,0.0193,none (deviation >= 0; compare with gen-N noise),,,,0.0219,0.0177,0.0266,,0.0114,0.009,0.0138,,
r4e1,R-N,realigned,80,0.3375,0.2375,0.45,none (deviation >= 0; compare with gen-N noise),,,,0.325,0.175,0.475,,0.35,0.2,0.5,,
r4e1,R-N,realign_t80,80,62.8375,57.2372,68.1381,none (deviation >= 0; compare with gen-N noise),,,,63.575,56.0981,70.9506,,62.1,54.125,69.725,,
r4e1,R-N,sticky_onsets_win_diff,80,-0.0125,-0.125,0.1,Wilcoxon signed-rank (signed X-Y),,,0.82726,-0.125,-0.3,0.05,,0.1,-0.0006,0.225,,
r4e1,R-N,sticky_steps_diff,80,2.85,0.2994,5.7006,Wilcoxon signed-rank (signed X-Y),,,0.02119,1.525,-2.0262,5.0762,,4.175,0.375,8.4506,,
r4e1,F-C,success,80,-0.0125,-0.125,0.1,exact McNemar,10,11,1.0,0.0,-0.125,0.125,1.0,-0.025,-0.2,0.175,1.0,1.0
r4e1,F-C,mean_dev_cm,80,6.6453,5.9251,7.4037,none (deviation >= 0; compare with gen-N noise),,,,8.1441,6.9469,9.4652,,5.1465,4.4218,6.0156,,
r4e1,F-C,final_dev_cm,80,9.7353,8.5627,10.9779,none (deviation >= 0; compare with gen-N noise),,,,11.4256,9.7028,13.2931,,8.045,6.5071,9.8954,,
r4e1,F-C,max_dev_cm,80,11.6616,10.3178,13.0714,none (deviation >= 0; compare with gen-N noise),,,,14.1715,11.9583,16.5984,,9.1518,7.6939,10.9125,,
r4e1,F-C,area_dev_cmstep,80,478.4637,426.6101,533.0682,none (deviation >= 0; compare with gen-N noise),,,,586.3782,500.176,681.4973,,370.5492,318.3689,433.1202,,
r4e1,F-C,post_area_dev_cmstep,80,434.0409,383.5293,489.562,none (deviation >= 0; compare with gen-N noise),,,,537.221,452.2708,630.3405,,330.8607,280.905,391.3641,,
r4e1,F-C,cmd_final_m,80,0.3958,0.3319,0.4714,none (deviation >= 0; compare with gen-N noise),,,,0.4251,0.3252,0.5446,,0.3666,0.289,0.4602,,
r4e1,F-C,cmd_max_m,80,0.4524,0.3875,0.529,none (deviation >= 0; compare with gen-N noise),,,,0.5117,0.4077,0.6281,,0.3932,0.3152,0.4863,,
r4e1,F-C,adiff_win,80,0.0293,0.0269,0.0321,none (deviation >= 0; compare with gen-N noise),,,,0.0374,0.0334,0.0419,,0.0213,0.0188,0.0242,,
r4e1,F-C,adiff_all,80,0.0183,0.0162,0.0205,none (deviation >= 0; compare with gen-N noise),,,,0.0227,0.019,0.0266,,0.014,0.0119,0.0162,,
r4e1,F-C,realigned,80,0.225,0.1375,0.3128,none (deviation >= 0; compare with gen-N noise),,,,0.175,0.05,0.3,,0.275,0.15,0.425,,
r4e1,F-C,realign_t80,80,68.4875,63.3875,73.0125,none (deviation >= 0; compare with gen-N noise),,,,70.475,63.6244,77.2,,66.5,59.0,73.0756,,
r4e1,F-C,sticky_onsets_win_diff,80,0.0875,-0.0625,0.225,Wilcoxon signed-rank (signed X-Y),,,0.20867,0.1,-0.075,0.275,,0.075,-0.15,0.275,,
r4e1,F-C,sticky_steps_diff,80,2.5875,-0.7503,6.0125,Wilcoxon signed-rank (signed X-Y),,,0.17938,2.9,-1.35,7.45,,2.275,-2.6025,7.2256,,
r4e1,F-N,success,80,-0.0875,-0.2,0.025,exact McNemar,8,15,0.21004,0.0,-0.15,0.15,1.0,-0.175,-0.35,-0.025,0.09229,
r4e1,F-N,mean_dev_cm,80,7.323,6.58,8.1349,none (deviation >= 0; compare with gen-N noise),,,,7.8736,6.5473,9.3194,,6.7725,6.0219,7.557,,
r4e1,F-N,final_dev_cm,80,10.2195,8.8884,11.5148,none (deviation >= 0; compare with gen-N noise),,,,10.6533,8.525,12.8175,,9.7857,8.2331,11.4826,,
r4e1,F-N,max_dev_cm,80,12.8906,11.5661,14.249,none (deviation >= 0; compare with gen-N noise),,,,14.4846,12.1839,16.9369,,11.2965,10.0472,12.6416,,
r4e1,F-N,area_dev_cmstep,80,527.2595,473.7622,585.7132,none (deviation >= 0; compare with gen-N noise),,,,566.8961,471.4042,670.9985,,487.6229,433.5777,544.1068,,
r4e1,F-N,post_area_dev_cmstep,80,459.4053,408.1852,515.9837,none (deviation >= 0; compare with gen-N noise),,,,494.346,403.6143,595.1216,,424.4647,372.3063,475.8559,,
r4e1,F-N,cmd_final_m,80,0.4068,0.3383,0.4839,none (deviation >= 0; compare with gen-N noise),,,,0.4489,0.3403,0.5808,,0.3646,0.2908,0.4537,,
r4e1,F-N,cmd_max_m,80,0.4823,0.4164,0.5535,none (deviation >= 0; compare with gen-N noise),,,,0.5539,0.4467,0.6802,,0.4107,0.348,0.4919,,
r4e1,F-N,adiff_win,80,0.0397,0.0373,0.0422,none (deviation >= 0; compare with gen-N noise),,,,0.0467,0.043,0.0507,,0.0327,0.0301,0.0356,,
r4e1,F-N,adiff_all,80,0.0206,0.0183,0.023,none (deviation >= 0; compare with gen-N noise),,,,0.0255,0.0213,0.03,,0.0157,0.014,0.0178,,
r4e1,F-N,realigned,80,0.0875,0.025,0.15,none (deviation >= 0; compare with gen-N noise),,,,0.15,0.05,0.275,,0.025,0.0,0.075,,
r4e1,F-N,realign_t80,80,75.65,72.3247,78.6,none (deviation >= 0; compare with gen-N noise),,,,72.675,66.5487,77.7,,78.625,75.875,80.0,,
r4e1,F-N,sticky_onsets_win_diff,80,-0.025,-0.1625,0.1,Wilcoxon signed-rank (signed X-Y),,,0.715,-0.15,-0.35,0.05,,0.1,-0.05,0.275,,
r4e1,F-N,sticky_steps_diff,80,5.2125,2.5747,8.1625,Wilcoxon signed-rank (signed X-Y),,,0.00083,3.625,0.675,6.9756,,6.8,2.35,11.6,,
r4e1,C-N,success,80,-0.075,-0.175,0.025,exact McNemar,7,13,0.26318,0.0,-0.15,0.125,1.0,-0.15,-0.325,0.025,0.146,
r4e1,C-N,mean_dev_cm,80,7.6968,6.8851,8.5626,none (deviation >= 0; compare with gen-N noise),,,,8.2821,6.8377,9.8751,,7.1116,6.3234,7.9243,,
r4e1,C-N,final_dev_cm,80,11.4336,10.1297,12.7356,none (deviation >= 0; compare with gen-N noise),,,,11.553,9.5891,13.6937,,11.3142,9.653,13.0746,,
r4e1,C-N,max_dev_cm,80,13.4032,11.901,14.8864,none (deviation >= 0; compare with gen-N noise),,,,14.6916,12.1139,17.4864,,12.1149,10.5445,13.7619,,
r4e1,C-N,area_dev_cmstep,80,554.173,495.7266,616.5076,none (deviation >= 0; compare with gen-N noise),,,,596.3095,492.3147,711.0085,,512.0364,455.2823,570.5491,,
r4e1,C-N,post_area_dev_cmstep,80,491.337,435.4824,548.8104,none (deviation >= 0; compare with gen-N noise),,,,528.454,431.2447,637.0074,,454.22,400.1915,510.8081,,
r4e1,C-N,cmd_final_m,80,0.4157,0.3536,0.4849,none (deviation >= 0; compare with gen-N noise),,,,0.4421,0.3448,0.557,,0.3893,0.3174,0.4684,,
r4e1,C-N,cmd_max_m,80,0.4983,0.4313,0.5688,none (deviation >= 0; compare with gen-N noise),,,,0.5765,0.4648,0.6977,,0.4201,0.3508,0.4986,,
r4e1,C-N,adiff_win,80,0.0299,0.0277,0.0321,none (deviation >= 0; compare with gen-N noise),,,,0.0354,0.0317,0.0394,,0.0243,0.0221,0.0267,,
r4e1,C-N,adiff_all,80,0.018,0.0156,0.0205,none (deviation >= 0; compare with gen-N noise),,,,0.0225,0.0182,0.0271,,0.0135,0.0116,0.0156,,
r4e1,C-N,realigned,80,0.1125,0.05,0.1875,none (deviation >= 0; compare with gen-N noise),,,,0.175,0.075,0.3,,0.05,0.0,0.125,,
r4e1,C-N,realign_t80,80,74.4,70.8122,77.5753,none (deviation >= 0; compare with gen-N noise),,,,71.525,65.4994,76.6756,,77.275,73.175,80.0,,
r4e1,C-N,sticky_onsets_win_diff,80,-0.1125,-0.225,0.0,Wilcoxon signed-rank (signed X-Y),,,0.06057,-0.25,-0.425,-0.075,,0.025,-0.125,0.175,,
r4e1,C-N,sticky_steps_diff,80,2.625,-0.0878,5.3628,Wilcoxon signed-rank (signed X-Y),,,0.09198,0.725,-2.625,4.1,,4.525,0.3,9.05,,
r4e1,gen-N,success,80,-0.025,-0.1,0.05,exact McNemar,4,6,0.75391,-0.05,-0.2,0.075,0.72656,0.0,-0.075,0.075,1.0,
r4e1,gen-N,mean_dev_cm,80,2.5282,1.8259,3.277,none (deviation >= 0; compare with gen-N noise),,,,2.7283,1.7164,3.916,,2.3281,1.4387,3.3807,,
r4e1,gen-N,final_dev_cm,80,4.2819,3.1121,5.5704,none (deviation >= 0; compare with gen-N noise),,,,4.4462,2.9476,6.1502,,4.1176,2.4899,6.1464,,
r4e1,gen-N,max_dev_cm,80,5.4425,4.0436,6.9418,none (deviation >= 0; compare with gen-N noise),,,,6.1479,4.1022,8.3761,,4.7371,2.9714,6.8044,,
r4e1,gen-N,area_dev_cmstep,80,182.0328,131.4663,235.943,none (deviation >= 0; compare with gen-N noise),,,,196.44,123.5799,281.9502,,167.6256,103.5844,243.4074,,
r4e1,gen-N,post_area_dev_cmstep,80,169.5931,121.891,221.0602,none (deviation >= 0; compare with gen-N noise),,,,185.9873,115.5296,268.8847,,153.1989,93.6336,224.353,,
r4e1,gen-N,cmd_final_m,80,0.1742,0.1147,0.2442,none (deviation >= 0; compare with gen-N noise),,,,0.2035,0.1144,0.3089,,0.145,0.0754,0.2366,,
r4e1,gen-N,cmd_max_m,80,0.2178,0.1527,0.2914,none (deviation >= 0; compare with gen-N noise),,,,0.2681,0.1669,0.385,,0.1674,0.0954,0.2568,,
r4e1,gen-N,adiff_win,80,0.0079,0.005,0.011,none (deviation >= 0; compare with gen-N noise),,,,0.0085,0.0044,0.013,,0.0073,0.0036,0.0121,,
r4e1,gen-N,adiff_all,80,0.008,0.0056,0.0107,none (deviation >= 0; compare with gen-N noise),,,,0.0111,0.0068,0.0158,,0.0048,0.0028,0.0073,,
r4e1,gen-N,realigned,80,0.7625,0.675,0.8625,none (deviation >= 0; compare with gen-N noise),,,,0.775,0.65,0.9,,0.75,0.6,0.875,,
r4e1,gen-N,realign_t80,80,37.475,31.95,42.4628,none (deviation >= 0; compare with gen-N noise),,,,36.825,29.825,43.975,,38.125,31.125,46.4,,
r4e1,gen-N,sticky_onsets_win_diff,80,0.0,-0.05,0.05,Wilcoxon signed-rank (signed X-Y),,,1.0,0.0,-0.075,0.075,,0.0,-0.075,0.075,,
r4e1,gen-N,sticky_steps_diff,80,0.2,-1.6006,1.9381,Wilcoxon signed-rank (signed X-Y),,,0.92533,-0.925,-2.9,0.95,,1.325,-1.675,4.3262,,
