split,detector_key,window,auroc,auroc_ci95_lo,auroc_ci95_hi,auprc,auprc_ci95_lo,auprc_ci95_hi,within_scene_auroc,n_mixed_scenes,prevalence,n_candidates,source
heldout,entropy,pre,0.6335,0.6067,0.6582,0.1123,0.0908,0.1385,0.5164,1091,0.0584,43469,autovla_misalignment_poc/outputs/instability_detection_baselines/detection.json: heldout.entropy_pre
heldout,entropy,post,0.8232,0.8088,0.8417,0.2148,0.1937,0.2433,0.7858,1091,0.0584,43469,autovla_misalignment_poc/outputs/instability_detection_baselines/detection.json: heldout.entropy_post
heldout,loglik,pre,0.5695,0.5488,0.5873,0.1016,0.0919,0.1137,0.5957,1091,0.0584,43469,autovla_misalignment_poc/outputs/instability_detection_baselines/detection.json: heldout.loglik_pre
heldout,loglik,post,0.8318,0.8196,0.8462,0.2456,0.2246,0.2702,0.8111,1091,0.0584,43469,autovla_misalignment_poc/outputs/instability_detection_baselines/detection.json: heldout.loglik_post
heldout,margin,pre,0.5893,0.5607,0.6147,0.0877,0.0710,0.1080,0.5039,1091,0.0584,43469,autovla_misalignment_poc/outputs/instability_detection_baselines/detection.json: heldout.margin_pre
heldout,margin,post,0.7690,0.7554,0.7862,0.1321,0.1194,0.1475,0.7160,1091,0.0584,43469,autovla_misalignment_poc/outputs/instability_detection_baselines/detection.json: heldout.margin_post
heldout,cand_variance,pre,0.5816,0.5656,0.5983,0.0723,0.0656,0.0796,0.4318,1091,0.0584,43469,autovla_misalignment_poc/outputs/instability_detection_baselines/detection.json: heldout.cand_variance_pre
heldout,cand_variance,post,0.7973,0.7862,0.8104,0.1571,0.1395,0.1808,0.4308,1091,0.0584,43469,autovla_misalignment_poc/outputs/instability_detection_baselines/detection.json: heldout.cand_variance_post
heldout,disagreement,pre,0.6203,0.6040,0.6365,0.1006,0.0909,0.1110,0.5386,1091,0.0584,43469,autovla_misalignment_poc/outputs/instability_detection_baselines/detection.json: heldout.disagreement_pre
heldout,disagreement,post,0.9005,0.8904,0.9125,0.3810,0.3495,0.4194,0.8978,1091,0.0584,43469,autovla_misalignment_poc/outputs/instability_detection_baselines/detection.json: heldout.disagreement_post
heldout,medoid_dist,pre,0.6297,0.6102,0.6523,0.1290,0.1157,0.1436,0.6490,1091,0.0584,43469,autovla_misalignment_poc/outputs/instability_detection_baselines/detection.json: heldout.medoid_dist_pre
heldout,medoid_dist,post,0.8831,0.8657,0.9006,0.4035,0.3678,0.4398,0.9036,1091,0.0584,43469,autovla_misalignment_poc/outputs/instability_detection_baselines/detection.json: heldout.medoid_dist_post
heldout,probe_logreg,pre,0.6309,0.6110,0.6508,0.0839,0.0760,0.0939,0.5486,1091,0.0584,43469,autovla_misalignment_poc/outputs/instability_detection_baselines/detection.json: heldout.probe_logreg_pre
heldout,probe_logreg,post,0.7648,0.7469,0.7861,0.1984,0.1749,0.2307,0.7543,1091,0.0584,43469,autovla_misalignment_poc/outputs/instability_detection_baselines/detection.json: heldout.probe_logreg_post
heldout,probe_ridge,pre,0.6108,0.5909,0.6298,0.0780,0.0706,0.0873,0.5393,1091,0.0584,43469,autovla_misalignment_poc/outputs/instability_detection_baselines/detection.json: heldout.probe_ridge_pre
heldout,probe_ridge,post,0.7450,0.7264,0.7683,0.1819,0.1611,0.2117,0.7451,1091,0.0584,43469,autovla_misalignment_poc/outputs/instability_detection_baselines/detection.json: heldout.probe_ridge_post
heldout,probe_mlp,pre,0.6224,0.6009,0.6426,0.0867,0.0740,0.1002,0.5487,1091,0.0584,43469,autovla_misalignment_poc/outputs/instability_detection_baselines/detection.json: heldout.probe_mlp_pre
heldout,probe_mlp,post,0.7488,0.7262,0.7719,0.1750,0.1495,0.2065,0.7363,1091,0.0584,43469,autovla_misalignment_poc/outputs/instability_detection_baselines/detection.json: heldout.probe_mlp_post
dev,entropy,pre,0.6077,0.5849,0.6317,0.1055,0.0914,0.1231,0.5134,1093,0.0685,42095,autovla_misalignment_poc/outputs/instability_detection_baselines/detection.json: dev.entropy_pre
dev,entropy,post,0.7789,0.7513,0.8072,0.2162,0.1952,0.2414,0.7708,1093,0.0685,42095,autovla_misalignment_poc/outputs/instability_detection_baselines/detection.json: dev.entropy_post
dev,loglik,pre,0.5362,0.5124,0.5593,0.1066,0.0959,0.1181,0.5860,1093,0.0685,42095,autovla_misalignment_poc/outputs/instability_detection_baselines/detection.json: dev.loglik_pre
dev,loglik,post,0.7885,0.7597,0.8198,0.2313,0.2120,0.2569,0.8055,1093,0.0685,42095,autovla_misalignment_poc/outputs/instability_detection_baselines/detection.json: dev.loglik_post
dev,margin,pre,0.5656,0.5411,0.5901,0.0867,0.0740,0.1018,0.5047,1093,0.0685,42095,autovla_misalignment_poc/outputs/instability_detection_baselines/detection.json: dev.margin_pre
dev,margin,post,0.7337,0.7106,0.7576,0.1417,0.1260,0.1599,0.7182,1093,0.0685,42095,autovla_misalignment_poc/outputs/instability_detection_baselines/detection.json: dev.margin_post
dev,cand_variance,pre,0.5584,0.5365,0.5829,0.0794,0.0679,0.0934,0.4315,1093,0.0685,42095,autovla_misalignment_poc/outputs/instability_detection_baselines/detection.json: dev.cand_variance_pre
dev,cand_variance,post,0.7770,0.7525,0.8030,0.1740,0.1495,0.2026,0.4316,1093,0.0685,42095,autovla_misalignment_poc/outputs/instability_detection_baselines/detection.json: dev.cand_variance_post
dev,disagreement,pre,0.5841,0.5614,0.6109,0.1053,0.0922,0.1204,0.5438,1093,0.0685,42095,autovla_misalignment_poc/outputs/instability_detection_baselines/detection.json: dev.disagreement_pre
dev,disagreement,post,0.8608,0.8267,0.8926,0.3920,0.3656,0.4259,0.8885,1093,0.0685,42095,autovla_misalignment_poc/outputs/instability_detection_baselines/detection.json: dev.disagreement_post
dev,medoid_dist,pre,0.5827,0.5601,0.6040,0.1285,0.1156,0.1429,0.6284,1093,0.0685,42095,autovla_misalignment_poc/outputs/instability_detection_baselines/detection.json: dev.medoid_dist_pre
dev,medoid_dist,post,0.8255,0.7847,0.8665,0.4026,0.3713,0.4446,0.8924,1093,0.0685,42095,autovla_misalignment_poc/outputs/instability_detection_baselines/detection.json: dev.medoid_dist_post
dev,probe_logreg,pre,not reported,not reported,not reported,not reported,not reported,not reported,not reported,not reported,not reported,not reported,autovla_misalignment_poc/outputs/instability_detection_baselines/detection.json: dev.probe_logreg_pre absent (probes have only dev_cv_auroc)
dev,probe_logreg,post,not reported,not reported,not reported,not reported,not reported,not reported,not reported,not reported,not reported,not reported,autovla_misalignment_poc/outputs/instability_detection_baselines/detection.json: dev.probe_logreg_post absent (probes have only dev_cv_auroc)
dev,probe_ridge,pre,not reported,not reported,not reported,not reported,not reported,not reported,not reported,not reported,not reported,not reported,autovla_misalignment_poc/outputs/instability_detection_baselines/detection.json: dev.probe_ridge_pre absent (probes have only dev_cv_auroc)
dev,probe_ridge,post,not reported,not reported,not reported,not reported,not reported,not reported,not reported,not reported,not reported,not reported,autovla_misalignment_poc/outputs/instability_detection_baselines/detection.json: dev.probe_ridge_post absent (probes have only dev_cv_auroc)
dev,probe_mlp,pre,not reported,not reported,not reported,not reported,not reported,not reported,not reported,not reported,not reported,not reported,autovla_misalignment_poc/outputs/instability_detection_baselines/detection.json: dev.probe_mlp_pre absent (probes have only dev_cv_auroc)
dev,probe_mlp,post,not reported,not reported,not reported,not reported,not reported,not reported,not reported,not reported,not reported,not reported,autovla_misalignment_poc/outputs/instability_detection_baselines/detection.json: dev.probe_mlp_post absent (probes have only dev_cv_auroc)
