method,condition_key,experiment,N_logs,N_groups,EPDMS,delta_vs_no_selection,ci95_low,ci95_high,p_perm_log_paired,p_wilcoxon_group,groups_improved,groups_worsened,groups_tied,ci_method,source
"No selection (natural plan, cand. 0)",normal,exp26,76,225,0.2287,,,,,,,,,"log-cluster bootstrap 2,000 resamples seed 0 (percentile); perm = log-level paired sign-flip 20,000 seed 0 two-sided; Wilcoxon = group-level signed-rank",outputs/navhard_full_validation/navhard_full_comparison.json :: pooled.rules.normal.epdms (+groups_better_worse_tied)
Rank-sum (entropy rank + log-lik rank),ranksum,exp26,76,225,0.2482,+0.0196,+0.0028,+0.0372,0.094,0.082,92,73,60,"log-cluster bootstrap 2,000 resamples seed 0 (percentile); perm = log-level paired sign-flip 20,000 seed 0 two-sided; Wilcoxon = group-level signed-rank",outputs/navhard_full_validation/navhard_full_comparison.json :: pooled.rules.ranksum.epdms (+groups_better_worse_tied)
Max log-likelihood,max_loglik,exp26,76,225,0.2486,+0.0199,+0.0080,+0.0325,0.0016,0.11,68,56,101,"log-cluster bootstrap 2,000 resamples seed 0 (percentile); perm = log-level paired sign-flip 20,000 seed 0 two-sided; Wilcoxon = group-level signed-rank",outputs/navhard_full_validation/navhard_full_comparison.json :: pooled.rules.max_loglik.epdms (+groups_better_worse_tied)
Collision constraint only,collision_only (comp_collision),exp29,76,225,0.2407,+0.0121,+0.0054,+0.0198,0.0024,5.8e-06,33,6,186,"log-cluster bootstrap 2,000 resamples seed 0 (percentile); perm = log-level paired sign-flip 20,000 seed 0 two-sided; Wilcoxon = group-level signed-rank",outputs/safety_filter_components/components.json :: full.means.collision_only.epdms ; full.contrasts['collision_only - no_filter'].epdms
Drivable-area constraint only,dac_only (comp_dac),exp29,76,225,0.3154,+0.0868,+0.0664,+0.1059,5.0e-05 (floor),4.4e-20,117,6,102,"log-cluster bootstrap 2,000 resamples seed 0 (percentile); perm = log-level paired sign-flip 20,000 seed 0 two-sided; Wilcoxon = group-level signed-rank",outputs/safety_filter_components/components.json :: full.means.dac_only.epdms ; full.contrasts['dac_only - no_filter'].epdms
"Safety filter only (collision + DA, keep natural if safe)",filter_only (= collision_dac),exp27,76,225,0.3333,+0.1046,+0.0845,+0.1251,5.0e-05 (floor),1.3e-21,128,9,88,"log-cluster bootstrap 2,000 resamples seed 0 (percentile); perm = log-level paired sign-flip 20,000 seed 0 two-sided; Wilcoxon = group-level signed-rank",outputs/safety_filter_ablation/ablation.json :: full.means.filter_only.epdms ; full.contrasts['filter_only - normal'].epdms
Safety filter + random (3 seeds avg.),filter_random,exp27,76,225,0.3279,+0.0992,+0.0790,+0.1188,5.0e-05 (floor),8e-14,154,53,18,"log-cluster bootstrap 2,000 resamples seed 0 (percentile); perm = log-level paired sign-flip 20,000 seed 0 two-sided; Wilcoxon = group-level signed-rank",outputs/safety_filter_ablation/ablation.json :: full.means.filter_random.epdms ; full.contrasts['filter_random - normal'].epdms
"Safety filter + rank-sum (F1, prereg. primary)",F1 (= filter_ranksum),exp26,76,225,0.3470,+0.1183,+0.0956,+0.1400,5.0e-05 (floor),1.5e-15,147,51,27,"log-cluster bootstrap 2,000 resamples seed 0 (percentile); perm = log-level paired sign-flip 20,000 seed 0 two-sided; Wilcoxon = group-level signed-rank",outputs/navhard_full_validation/navhard_full_comparison.json :: pooled.rules.F1.epdms (+groups_better_worse_tied)
Safety filter + max log-lik,F1_maxll (= filter_maxll),exp26,76,225,0.3503,+0.1216,+0.1007,+0.1423,5.0e-05 (floor),5.1e-19,141,33,51,"log-cluster bootstrap 2,000 resamples seed 0 (percentile); perm = log-level paired sign-flip 20,000 seed 0 two-sided; Wilcoxon = group-level signed-rank",outputs/navhard_full_validation/navhard_full_comparison.json :: pooled.rules.F1_maxll.epdms (+groups_better_worse_tied)
Oracle among 16 samples (analysis upper bound),oracle16,exp30,76,225,0.4034,+0.1747,+0.1474,+0.1999,5.0e-05 (floor),3.3e-25,180,22,23,"log-cluster bootstrap 2,000 resamples seed 0 (percentile); perm = log-level paired sign-flip 20,000 seed 0 two-sided; Wilcoxon = group-level signed-rank",outputs/candidate_oracle/oracle_comparison.json :: full.means.oracle16.epdms ; full.contrasts['oracle16 - no_selection'].epdms
Oracle among 17 candidates (analysis upper bound),oracle17,exp30,76,225,0.4053,+0.1767,+0.1515,+0.2012,5.0e-05 (floor),1.4e-25,180,18,27,"log-cluster bootstrap 2,000 resamples seed 0 (percentile); perm = log-level paired sign-flip 20,000 seed 0 two-sided; Wilcoxon = group-level signed-rank",outputs/candidate_oracle/oracle_comparison.json :: full.means.oracle17.epdms ; full.contrasts['oracle17 - no_selection'].epdms
