block,task,label,cond_a,cond_b,N_episodes,succ_a,succ_a_pct,succ_b,succ_b_pct,diff_pp_a_minus_b,ci95_lo_pp,ci95_hi_pp,mcnemar_a_only,mcnemar_b_only,mcnemar_exact_p,success_disagreement_pct,traj_endpoint_dist_a_b_m,traj_ci95_lo_m,traj_ci95_hi_m,succ_a_ci95_pct,div_vs_nat_diff_m_a_minus_b,div_diff_ci95,div_diff_wilcoxon_p,source
vs_natural,all,corrected_opposite - natural,corrected_opposite,natural,80,51,63.7500,68,85.0000,-21.2500,-33.7500,-7.5000,9,26,0.005988,43.7500,0.4232,0.3699,0.4821,"[53.8, 73.8]",,,,outputs/cross_domain_temporal_replication/closed_loop/episodes.jsonl (recomputed: _parts/scripts/svla_closed_loop_paired.py; methods imported from scripts/cross_domain_temporal/analyze_svla.py boot/paired)
vs_natural,all,corrected_perp_left - natural,corrected_perp_left,natural,80,73,91.2500,68,85.0000,6.2500,-1.2500,13.7500,8,3,0.2266,13.7500,0.4159,0.3702,0.4635,"[85.0, 96.2]",,,,outputs/cross_domain_temporal_replication/closed_loop/episodes.jsonl (recomputed: _parts/scripts/svla_closed_loop_paired.py; methods imported from scripts/cross_domain_temporal/analyze_svla.py boot/paired)
vs_natural,all,feedback_opposite - natural,feedback_opposite,natural,80,52,65.0000,68,85.0000,-20.0000,-31.2500,-8.7500,5,21,0.002494,32.5000,0.4367,0.3781,0.4996,"[55.0, 75.0]",,,,outputs/cross_domain_temporal_replication/closed_loop/episodes.jsonl (recomputed: _parts/scripts/svla_closed_loop_paired.py; methods imported from scripts/cross_domain_temporal/analyze_svla.py boot/paired)
vs_natural,all,feedback_perp_left - natural,feedback_perp_left,natural,80,69,86.2500,68,85.0000,1.2500,-8.7500,11.2500,10,9,1,23.7500,0.4217,0.3798,0.4706,"[77.5, 93.8]",,,,outputs/cross_domain_temporal_replication/closed_loop/episodes.jsonl (recomputed: _parts/scripts/svla_closed_loop_paired.py; methods imported from scripts/cross_domain_temporal/analyze_svla.py boot/paired)
vs_natural,all,natural_gen - natural,natural_gen,natural,80,75,93.7500,68,85.0000,8.7500,1.2500,16.2500,9,2,0.06543,13.7500,0.1396,0.1002,0.1855,"[87.5, 98.8]",,,,outputs/cross_domain_temporal_replication/closed_loop/episodes.jsonl (recomputed: _parts/scripts/svla_closed_loop_paired.py; methods imported from scripts/cross_domain_temporal/analyze_svla.py boot/paired)
vs_natural,all,natural_mix - natural,natural_mix,natural,80,68,85.0000,68,85.0000,0.0000,0.0000,0.0000,0,0,1,0.0000,0.0027,0.0000,0.0072,"[77.5, 92.5]",,,,outputs/cross_domain_temporal_replication/closed_loop/episodes.jsonl (recomputed: _parts/scripts/svla_closed_loop_paired.py; methods imported from scripts/cross_domain_temporal/analyze_svla.py boot/paired)
vs_natural,all,reverse_opposite - natural,reverse_opposite,natural,80,67,83.7500,68,85.0000,-1.2500,-11.2500,8.7500,8,9,1,21.2500,0.2322,0.1839,0.2849,"[75.0, 91.2]",,,,outputs/cross_domain_temporal_replication/closed_loop/episodes.jsonl (recomputed: _parts/scripts/svla_closed_loop_paired.py; methods imported from scripts/cross_domain_temporal/analyze_svla.py boot/paired)
vs_natural,all,reverse_perp_left - natural,reverse_perp_left,natural,80,72,90.0000,68,85.0000,5.0000,-3.7500,13.7500,8,4,0.3877,15.0000,0.2092,0.1705,0.2523,"[83.8, 96.2]",,,,outputs/cross_domain_temporal_replication/closed_loop/episodes.jsonl (recomputed: _parts/scripts/svla_closed_loop_paired.py; methods imported from scripts/cross_domain_temporal/analyze_svla.py boot/paired)
vs_natural,google_robot_move_near,corrected_opposite - natural,corrected_opposite,natural,40,26,65.0000,31,77.5000,-12.5000,-35.0000,10.0000,7,12,0.3593,47.5000,0.4127,0.3222,0.5134,"[50.0, 80.0]",,,,outputs/cross_domain_temporal_replication/closed_loop/episodes.jsonl (recomputed: _parts/scripts/svla_closed_loop_paired.py; methods imported from scripts/cross_domain_temporal/analyze_svla.py boot/paired)
vs_natural,google_robot_move_near,corrected_perp_left - natural,corrected_perp_left,natural,40,35,87.5000,31,77.5000,10.0000,-5.0000,22.5000,6,2,0.2891,20.0000,0.4200,0.3380,0.5031,"[77.5, 95.0]",,,,outputs/cross_domain_temporal_replication/closed_loop/episodes.jsonl (recomputed: _parts/scripts/svla_closed_loop_paired.py; methods imported from scripts/cross_domain_temporal/analyze_svla.py boot/paired)
vs_natural,google_robot_move_near,feedback_opposite - natural,feedback_opposite,natural,40,30,75.0000,31,77.5000,-2.5000,-20.0000,12.5000,5,6,1,27.5000,0.4225,0.3251,0.5335,"[60.0, 87.5]",,,,outputs/cross_domain_temporal_replication/closed_loop/episodes.jsonl (recomputed: _parts/scripts/svla_closed_loop_paired.py; methods imported from scripts/cross_domain_temporal/analyze_svla.py boot/paired)
vs_natural,google_robot_move_near,feedback_perp_left - natural,feedback_perp_left,natural,40,31,77.5000,31,77.5000,0.0000,-17.5000,17.5000,7,7,1,35.0000,0.4306,0.3556,0.5230,"[65.0, 90.0]",,,,outputs/cross_domain_temporal_replication/closed_loop/episodes.jsonl (recomputed: _parts/scripts/svla_closed_loop_paired.py; methods imported from scripts/cross_domain_temporal/analyze_svla.py boot/paired)
vs_natural,google_robot_move_near,natural_gen - natural,natural_gen,natural,40,36,90.0000,31,77.5000,12.5000,-2.5000,27.5000,7,2,0.1797,22.5000,0.1429,0.0827,0.2125,"[80.0, 97.5]",,,,outputs/cross_domain_temporal_replication/closed_loop/episodes.jsonl (recomputed: _parts/scripts/svla_closed_loop_paired.py; methods imported from scripts/cross_domain_temporal/analyze_svla.py boot/paired)
vs_natural,google_robot_move_near,natural_mix - natural,natural_mix,natural,40,31,77.5000,31,77.5000,0.0000,0.0000,0.0000,0,0,1,0.0000,0.0000,0.0000,0.0000,"[65.0, 90.0]",,,,outputs/cross_domain_temporal_replication/closed_loop/episodes.jsonl (recomputed: _parts/scripts/svla_closed_loop_paired.py; methods imported from scripts/cross_domain_temporal/analyze_svla.py boot/paired)
vs_natural,google_robot_move_near,reverse_opposite - natural,reverse_opposite,natural,40,34,85.0000,31,77.5000,7.5000,-10.0000,22.5000,7,4,0.5488,27.5000,0.2503,0.1680,0.3369,"[72.5, 95.0]",,,,outputs/cross_domain_temporal_replication/closed_loop/episodes.jsonl (recomputed: _parts/scripts/svla_closed_loop_paired.py; methods imported from scripts/cross_domain_temporal/analyze_svla.py boot/paired)
vs_natural,google_robot_move_near,reverse_perp_left - natural,reverse_perp_left,natural,40,33,82.5000,31,77.5000,5.0000,-7.5000,20.0000,5,3,0.7266,20.0000,0.1951,0.1434,0.2552,"[70.0, 92.5]",,,,outputs/cross_domain_temporal_replication/closed_loop/episodes.jsonl (recomputed: _parts/scripts/svla_closed_loop_paired.py; methods imported from scripts/cross_domain_temporal/analyze_svla.py boot/paired)
vs_natural,google_robot_pick_coke_can,corrected_opposite - natural,corrected_opposite,natural,40,25,62.5000,37,92.5000,-30.0000,-47.5000,-12.5000,2,14,0.004181,40.0000,0.4337,0.3787,0.4916,"[47.5, 77.5]",,,,outputs/cross_domain_temporal_replication/closed_loop/episodes.jsonl (recomputed: _parts/scripts/svla_closed_loop_paired.py; methods imported from scripts/cross_domain_temporal/analyze_svla.py boot/paired)
vs_natural,google_robot_pick_coke_can,corrected_perp_left - natural,corrected_perp_left,natural,40,38,95.0000,37,92.5000,2.5000,-5.0000,12.5000,2,1,1,7.5000,0.4118,0.3721,0.4563,"[87.5, 100.0]",,,,outputs/cross_domain_temporal_replication/closed_loop/episodes.jsonl (recomputed: _parts/scripts/svla_closed_loop_paired.py; methods imported from scripts/cross_domain_temporal/analyze_svla.py boot/paired)
vs_natural,google_robot_pick_coke_can,feedback_opposite - natural,feedback_opposite,natural,40,22,55.0000,37,92.5000,-37.5000,-52.5000,-22.5000,0,15,6.104e-05,37.5000,0.4509,0.3937,0.5108,"[40.0, 70.0]",,,,outputs/cross_domain_temporal_replication/closed_loop/episodes.jsonl (recomputed: _parts/scripts/svla_closed_loop_paired.py; methods imported from scripts/cross_domain_temporal/analyze_svla.py boot/paired)
vs_natural,google_robot_pick_coke_can,feedback_perp_left - natural,feedback_perp_left,natural,40,38,95.0000,37,92.5000,2.5000,-10.0000,12.5000,3,2,1,12.5000,0.4129,0.3710,0.4589,"[87.5, 100.0]",,,,outputs/cross_domain_temporal_replication/closed_loop/episodes.jsonl (recomputed: _parts/scripts/svla_closed_loop_paired.py; methods imported from scripts/cross_domain_temporal/analyze_svla.py boot/paired)
vs_natural,google_robot_pick_coke_can,natural_gen - natural,natural_gen,natural,40,39,97.5000,37,92.5000,5.0000,0.0000,12.5000,2,0,0.5,5.0000,0.1363,0.0878,0.1885,"[92.5, 100.0]",,,,outputs/cross_domain_temporal_replication/closed_loop/episodes.jsonl (recomputed: _parts/scripts/svla_closed_loop_paired.py; methods imported from scripts/cross_domain_temporal/analyze_svla.py boot/paired)
vs_natural,google_robot_pick_coke_can,natural_mix - natural,natural_mix,natural,40,37,92.5000,37,92.5000,0.0000,0.0000,0.0000,0,0,1,0.0000,0.0054,0.0000,0.0145,"[82.5, 100.0]",,,,outputs/cross_domain_temporal_replication/closed_loop/episodes.jsonl (recomputed: _parts/scripts/svla_closed_loop_paired.py; methods imported from scripts/cross_domain_temporal/analyze_svla.py boot/paired)
vs_natural,google_robot_pick_coke_can,reverse_opposite - natural,reverse_opposite,natural,40,33,82.5000,37,92.5000,-10.0000,-22.5000,0.0000,1,5,0.2188,15.0000,0.2142,0.1686,0.2638,"[70.0, 95.0]",,,,outputs/cross_domain_temporal_replication/closed_loop/episodes.jsonl (recomputed: _parts/scripts/svla_closed_loop_paired.py; methods imported from scripts/cross_domain_temporal/analyze_svla.py boot/paired)
vs_natural,google_robot_pick_coke_can,reverse_perp_left - natural,reverse_perp_left,natural,40,39,97.5000,37,92.5000,5.0000,-2.5000,15.0000,3,1,0.625,10.0000,0.2233,0.1689,0.2824,"[92.5, 100.0]",,,,outputs/cross_domain_temporal_replication/closed_loop/episodes.jsonl (recomputed: _parts/scripts/svla_closed_loop_paired.py; methods imported from scripts/cross_domain_temporal/analyze_svla.py boot/paired)
context_feedback_effect,all,feedback - corrected (opposite),feedback_opposite,corrected_opposite,80,52,65.0000,51,63.7500,1.2500,-12.5000,13.7500,14,13,1,33.7500,0.3880,0.3053,0.4844,"[55.0, 75.0]",0.0135,"[-0.0515, 0.0788]",0.7298,outputs/cross_domain_temporal_replication/closed_loop/episodes.jsonl (recomputed: _parts/scripts/svla_closed_loop_paired.py; methods imported from scripts/cross_domain_temporal/analyze_svla.py boot/paired)
context_feedback_effect,all,reverse - natural (opposite),reverse_opposite,natural,80,67,83.7500,68,85.0000,-1.2500,-11.2500,8.7500,8,9,1,21.2500,0.2322,0.1839,0.2849,"[75.0, 91.2]",,,,outputs/cross_domain_temporal_replication/closed_loop/episodes.jsonl (recomputed: _parts/scripts/svla_closed_loop_paired.py; methods imported from scripts/cross_domain_temporal/analyze_svla.py boot/paired)
context_feedback_effect,all,feedback - corrected (perp_left),feedback_perp_left,corrected_perp_left,80,69,86.2500,73,91.2500,-5.0000,-12.5000,1.2500,2,6,0.2891,10.0000,0.2265,0.1825,0.2761,"[77.5, 93.8]",0.0058,"[-0.0285, 0.0410]",0.5488,outputs/cross_domain_temporal_replication/closed_loop/episodes.jsonl (recomputed: _parts/scripts/svla_closed_loop_paired.py; methods imported from scripts/cross_domain_temporal/analyze_svla.py boot/paired)
context_feedback_effect,all,reverse - natural (perp_left),reverse_perp_left,natural,80,72,90.0000,68,85.0000,5.0000,-3.7500,13.7500,8,4,0.3877,15.0000,0.2092,0.1705,0.2523,"[83.8, 96.2]",,,,outputs/cross_domain_temporal_replication/closed_loop/episodes.jsonl (recomputed: _parts/scripts/svla_closed_loop_paired.py; methods imported from scripts/cross_domain_temporal/analyze_svla.py boot/paired)
executed_action_effect,all,corrected - natural (opposite),corrected_opposite,natural,80,51,63.7500,68,85.0000,-21.2500,-33.7500,-7.5000,9,26,0.005988,43.7500,0.4232,0.3699,0.4821,"[53.8, 73.8]",,,,outputs/cross_domain_temporal_replication/closed_loop/episodes.jsonl (recomputed: _parts/scripts/svla_closed_loop_paired.py; methods imported from scripts/cross_domain_temporal/analyze_svla.py boot/paired)
executed_action_effect,all,feedback - reverse (opposite),feedback_opposite,reverse_opposite,80,52,65.0000,67,83.7500,-18.7500,-31.2500,-7.5000,5,20,0.004077,31.2500,0.4446,0.3779,0.5209,"[55.0, 75.0]",0.2045,"[0.1402, 0.2700]",2.004e-08,outputs/cross_domain_temporal_replication/closed_loop/episodes.jsonl (recomputed: _parts/scripts/svla_closed_loop_paired.py; methods imported from scripts/cross_domain_temporal/analyze_svla.py boot/paired)
executed_action_effect,all,corrected - natural (perp_left),corrected_perp_left,natural,80,73,91.2500,68,85.0000,6.2500,-1.2500,13.7500,8,3,0.2266,13.7500,0.4159,0.3702,0.4635,"[85.0, 96.2]",,,,outputs/cross_domain_temporal_replication/closed_loop/episodes.jsonl (recomputed: _parts/scripts/svla_closed_loop_paired.py; methods imported from scripts/cross_domain_temporal/analyze_svla.py boot/paired)
executed_action_effect,all,feedback - reverse (perp_left),feedback_perp_left,reverse_perp_left,80,69,86.2500,72,90.0000,-3.7500,-12.5000,5.0000,5,8,0.5811,16.2500,0.3975,0.3562,0.4457,"[77.5, 93.8]",0.2125,"[0.1621, 0.2686]",3.024e-10,outputs/cross_domain_temporal_replication/closed_loop/episodes.jsonl (recomputed: _parts/scripts/svla_closed_loop_paired.py; methods imported from scripts/cross_domain_temporal/analyze_svla.py boot/paired)
prereg_contrast,all,corrected - feedback (opposite),corrected_opposite,feedback_opposite,80,51,63.7500,52,65.0000,-1.2500,-13.7500,12.5000,13,14,1,33.7500,0.3880,0.3053,0.4844,"[53.8, 73.8]",-0.0135,"[-0.0788, 0.0515]",0.7298,outputs/cross_domain_temporal_replication/closed_loop/episodes.jsonl (recomputed: _parts/scripts/svla_closed_loop_paired.py; methods imported from scripts/cross_domain_temporal/analyze_svla.py boot/paired)
prereg_contrast,all,reverse - corrected (opposite),reverse_opposite,corrected_opposite,80,67,83.7500,51,63.7500,20.0000,7.5000,31.2500,22,6,0.003719,35.0000,0.4149,0.3521,0.4870,"[75.0, 91.2]",-0.1910,"[-0.2543, -0.1306]",5.654e-08,outputs/cross_domain_temporal_replication/closed_loop/episodes.jsonl (recomputed: _parts/scripts/svla_closed_loop_paired.py; methods imported from scripts/cross_domain_temporal/analyze_svla.py boot/paired)
prereg_contrast,all,corrected - feedback (perp_left),corrected_perp_left,feedback_perp_left,80,73,91.2500,69,86.2500,5.0000,-1.2500,12.5000,6,2,0.2891,10.0000,0.2265,0.1825,0.2761,"[85.0, 96.2]",-0.0058,"[-0.0410, 0.0285]",0.5488,outputs/cross_domain_temporal_replication/closed_loop/episodes.jsonl (recomputed: _parts/scripts/svla_closed_loop_paired.py; methods imported from scripts/cross_domain_temporal/analyze_svla.py boot/paired)
prereg_contrast,all,reverse - corrected (perp_left),reverse_perp_left,corrected_perp_left,80,72,90.0000,73,91.2500,-1.2500,-8.7500,6.2500,4,5,1,11.2500,0.4032,0.3601,0.4535,"[83.8, 96.2]",-0.2067,"[-0.2633, -0.1517]",2.569e-09,outputs/cross_domain_temporal_replication/closed_loop/episodes.jsonl (recomputed: _parts/scripts/svla_closed_loop_paired.py; methods imported from scripts/cross_domain_temporal/analyze_svla.py boot/paired)
context_feedback_effect,google_robot_move_near,feedback - corrected (opposite),feedback_opposite,corrected_opposite,40,30,75.0000,26,65.0000,10.0000,-5.0000,27.5000,7,3,0.3438,25.0000,0.4910,0.3551,0.6472,"[60.0, 87.5]",0.0098,"[-0.1058, 0.1230]",0.9947,outputs/cross_domain_temporal_replication/closed_loop/episodes.jsonl (recomputed: _parts/scripts/svla_closed_loop_paired.py; methods imported from scripts/cross_domain_temporal/analyze_svla.py boot/paired)
context_feedback_effect,google_robot_move_near,reverse - natural (opposite),reverse_opposite,natural,40,34,85.0000,31,77.5000,7.5000,-10.0000,22.5000,7,4,0.5488,27.5000,0.2503,0.1680,0.3369,"[72.5, 95.0]",,,,outputs/cross_domain_temporal_replication/closed_loop/episodes.jsonl (recomputed: _parts/scripts/svla_closed_loop_paired.py; methods imported from scripts/cross_domain_temporal/analyze_svla.py boot/paired)
context_feedback_effect,google_robot_move_near,feedback - corrected (perp_left),feedback_perp_left,corrected_perp_left,40,31,77.5000,35,87.5000,-10.0000,-22.5000,2.5000,1,5,0.2188,15.0000,0.2449,0.1802,0.3192,"[65.0, 90.0]",0.0106,"[-0.0496, 0.0698]",0.6753,outputs/cross_domain_temporal_replication/closed_loop/episodes.jsonl (recomputed: _parts/scripts/svla_closed_loop_paired.py; methods imported from scripts/cross_domain_temporal/analyze_svla.py boot/paired)
context_feedback_effect,google_robot_move_near,reverse - natural (perp_left),reverse_perp_left,natural,40,33,82.5000,31,77.5000,5.0000,-7.5000,20.0000,5,3,0.7266,20.0000,0.1951,0.1434,0.2552,"[70.0, 92.5]",,,,outputs/cross_domain_temporal_replication/closed_loop/episodes.jsonl (recomputed: _parts/scripts/svla_closed_loop_paired.py; methods imported from scripts/cross_domain_temporal/analyze_svla.py boot/paired)
executed_action_effect,google_robot_move_near,corrected - natural (opposite),corrected_opposite,natural,40,26,65.0000,31,77.5000,-12.5000,-35.0000,10.0000,7,12,0.3593,47.5000,0.4127,0.3222,0.5134,"[50.0, 80.0]",,,,outputs/cross_domain_temporal_replication/closed_loop/episodes.jsonl (recomputed: _parts/scripts/svla_closed_loop_paired.py; methods imported from scripts/cross_domain_temporal/analyze_svla.py boot/paired)
executed_action_effect,google_robot_move_near,feedback - reverse (opposite),feedback_opposite,reverse_opposite,40,30,75.0000,34,85.0000,-10.0000,-25.0000,5.0000,3,7,0.3438,25.0000,0.4720,0.3496,0.6103,"[60.0, 87.5]",0.1723,"[0.0608, 0.2938]",0.00196,outputs/cross_domain_temporal_replication/closed_loop/episodes.jsonl (recomputed: _parts/scripts/svla_closed_loop_paired.py; methods imported from scripts/cross_domain_temporal/analyze_svla.py boot/paired)
executed_action_effect,google_robot_move_near,corrected - natural (perp_left),corrected_perp_left,natural,40,35,87.5000,31,77.5000,10.0000,-5.0000,22.5000,6,2,0.2891,20.0000,0.4200,0.3380,0.5031,"[77.5, 95.0]",,,,outputs/cross_domain_temporal_replication/closed_loop/episodes.jsonl (recomputed: _parts/scripts/svla_closed_loop_paired.py; methods imported from scripts/cross_domain_temporal/analyze_svla.py boot/paired)
executed_action_effect,google_robot_move_near,feedback - reverse (perp_left),feedback_perp_left,reverse_perp_left,40,31,77.5000,33,82.5000,-5.0000,-20.0000,10.0000,4,6,0.7539,25.0000,0.4005,0.3249,0.4873,"[65.0, 90.0]",0.2355,"[0.1448, 0.3315]",1.859e-06,outputs/cross_domain_temporal_replication/closed_loop/episodes.jsonl (recomputed: _parts/scripts/svla_closed_loop_paired.py; methods imported from scripts/cross_domain_temporal/analyze_svla.py boot/paired)
prereg_contrast,google_robot_move_near,corrected - feedback (opposite),corrected_opposite,feedback_opposite,40,26,65.0000,30,75.0000,-10.0000,-27.5000,5.0000,3,7,0.3438,25.0000,0.4910,0.3551,0.6472,"[50.0, 80.0]",-0.0098,"[-0.1230, 0.1058]",0.9947,outputs/cross_domain_temporal_replication/closed_loop/episodes.jsonl (recomputed: _parts/scripts/svla_closed_loop_paired.py; methods imported from scripts/cross_domain_temporal/analyze_svla.py boot/paired)
prereg_contrast,google_robot_move_near,reverse - corrected (opposite),reverse_opposite,corrected_opposite,40,34,85.0000,26,65.0000,20.0000,5.0000,37.5000,10,2,0.03857,30.0000,0.3952,0.2844,0.5281,"[72.5, 95.0]",-0.1624,"[-0.2654, -0.0638]",0.0006033,outputs/cross_domain_temporal_replication/closed_loop/episodes.jsonl (recomputed: _parts/scripts/svla_closed_loop_paired.py; methods imported from scripts/cross_domain_temporal/analyze_svla.py boot/paired)
prereg_contrast,google_robot_move_near,corrected - feedback (perp_left),corrected_perp_left,feedback_perp_left,40,35,87.5000,31,77.5000,10.0000,-2.5000,22.5000,5,1,0.2188,15.0000,0.2449,0.1802,0.3192,"[77.5, 95.0]",-0.0106,"[-0.0698, 0.0496]",0.6753,outputs/cross_domain_temporal_replication/closed_loop/episodes.jsonl (recomputed: _parts/scripts/svla_closed_loop_paired.py; methods imported from scripts/cross_domain_temporal/analyze_svla.py boot/paired)
prereg_contrast,google_robot_move_near,reverse - corrected (perp_left),reverse_perp_left,corrected_perp_left,40,33,82.5000,35,87.5000,-5.0000,-17.5000,7.5000,2,4,0.6875,15.0000,0.4131,0.3352,0.4979,"[70.0, 92.5]",-0.2249,"[-0.3107, -0.1361]",5.371e-06,outputs/cross_domain_temporal_replication/closed_loop/episodes.jsonl (recomputed: _parts/scripts/svla_closed_loop_paired.py; methods imported from scripts/cross_domain_temporal/analyze_svla.py boot/paired)
context_feedback_effect,google_robot_pick_coke_can,feedback - corrected (opposite),feedback_opposite,corrected_opposite,40,22,55.0000,25,62.5000,-7.5000,-27.5000,12.5000,7,10,0.6291,42.5000,0.2850,0.2037,0.3872,"[40.0, 70.0]",0.0171,"[-0.0408, 0.0755]",0.5272,outputs/cross_domain_temporal_replication/closed_loop/episodes.jsonl (recomputed: _parts/scripts/svla_closed_loop_paired.py; methods imported from scripts/cross_domain_temporal/analyze_svla.py boot/paired)
context_feedback_effect,google_robot_pick_coke_can,reverse - natural (opposite),reverse_opposite,natural,40,33,82.5000,37,92.5000,-10.0000,-22.5000,0.0000,1,5,0.2188,15.0000,0.2142,0.1686,0.2638,"[70.0, 95.0]",,,,outputs/cross_domain_temporal_replication/closed_loop/episodes.jsonl (recomputed: _parts/scripts/svla_closed_loop_paired.py; methods imported from scripts/cross_domain_temporal/analyze_svla.py boot/paired)
context_feedback_effect,google_robot_pick_coke_can,feedback - corrected (perp_left),feedback_perp_left,corrected_perp_left,40,38,95.0000,38,95.0000,0.0000,-7.5000,7.5000,1,1,1,5.0000,0.2080,0.1508,0.2776,"[87.5, 100.0]",0.0011,"[-0.0316, 0.0345]",0.6463,outputs/cross_domain_temporal_replication/closed_loop/episodes.jsonl (recomputed: _parts/scripts/svla_closed_loop_paired.py; methods imported from scripts/cross_domain_temporal/analyze_svla.py boot/paired)
context_feedback_effect,google_robot_pick_coke_can,reverse - natural (perp_left),reverse_perp_left,natural,40,39,97.5000,37,92.5000,5.0000,-2.5000,15.0000,3,1,0.625,10.0000,0.2233,0.1689,0.2824,"[92.5, 100.0]",,,,outputs/cross_domain_temporal_replication/closed_loop/episodes.jsonl (recomputed: _parts/scripts/svla_closed_loop_paired.py; methods imported from scripts/cross_domain_temporal/analyze_svla.py boot/paired)
executed_action_effect,google_robot_pick_coke_can,corrected - natural (opposite),corrected_opposite,natural,40,25,62.5000,37,92.5000,-30.0000,-47.5000,-12.5000,2,14,0.004181,40.0000,0.4337,0.3787,0.4916,"[47.5, 77.5]",,,,outputs/cross_domain_temporal_replication/closed_loop/episodes.jsonl (recomputed: _parts/scripts/svla_closed_loop_paired.py; methods imported from scripts/cross_domain_temporal/analyze_svla.py boot/paired)
executed_action_effect,google_robot_pick_coke_can,feedback - reverse (opposite),feedback_opposite,reverse_opposite,40,22,55.0000,33,82.5000,-27.5000,-45.0000,-10.0000,2,13,0.007385,37.5000,0.4171,0.3570,0.4790,"[40.0, 70.0]",0.2367,"[0.1732, 0.3027]",6.461e-08,outputs/cross_domain_temporal_replication/closed_loop/episodes.jsonl (recomputed: _parts/scripts/svla_closed_loop_paired.py; methods imported from scripts/cross_domain_temporal/analyze_svla.py boot/paired)
executed_action_effect,google_robot_pick_coke_can,corrected - natural (perp_left),corrected_perp_left,natural,40,38,95.0000,37,92.5000,2.5000,-5.0000,12.5000,2,1,1,7.5000,0.4118,0.3721,0.4563,"[87.5, 100.0]",,,,outputs/cross_domain_temporal_replication/closed_loop/episodes.jsonl (recomputed: _parts/scripts/svla_closed_loop_paired.py; methods imported from scripts/cross_domain_temporal/analyze_svla.py boot/paired)
executed_action_effect,google_robot_pick_coke_can,feedback - reverse (perp_left),feedback_perp_left,reverse_perp_left,40,38,95.0000,39,97.5000,-2.5000,-12.5000,5.0000,1,2,1,7.5000,0.3945,0.3553,0.4372,"[87.5, 100.0]",0.1896,"[0.1255, 0.2458]",5.279e-07,outputs/cross_domain_temporal_replication/closed_loop/episodes.jsonl (recomputed: _parts/scripts/svla_closed_loop_paired.py; methods imported from scripts/cross_domain_temporal/analyze_svla.py boot/paired)
prereg_contrast,google_robot_pick_coke_can,corrected - feedback (opposite),corrected_opposite,feedback_opposite,40,25,62.5000,22,55.0000,7.5000,-12.5000,27.5000,10,7,0.6291,42.5000,0.2850,0.2037,0.3872,"[47.5, 77.5]",-0.0171,"[-0.0755, 0.0408]",0.5272,outputs/cross_domain_temporal_replication/closed_loop/episodes.jsonl (recomputed: _parts/scripts/svla_closed_loop_paired.py; methods imported from scripts/cross_domain_temporal/analyze_svla.py boot/paired)
prereg_contrast,google_robot_pick_coke_can,reverse - corrected (opposite),reverse_opposite,corrected_opposite,40,33,82.5000,25,62.5000,20.0000,0.0000,37.5000,12,4,0.07681,40.0000,0.4346,0.3785,0.4937,"[70.0, 95.0]",-0.2196,"[-0.2942, -0.1436]",2.923e-06,outputs/cross_domain_temporal_replication/closed_loop/episodes.jsonl (recomputed: _parts/scripts/svla_closed_loop_paired.py; methods imported from scripts/cross_domain_temporal/analyze_svla.py boot/paired)
prereg_contrast,google_robot_pick_coke_can,corrected - feedback (perp_left),corrected_perp_left,feedback_perp_left,40,38,95.0000,38,95.0000,0.0000,-7.5000,7.5000,1,1,1,5.0000,0.2080,0.1508,0.2776,"[87.5, 100.0]",-0.0011,"[-0.0345, 0.0316]",0.6463,outputs/cross_domain_temporal_replication/closed_loop/episodes.jsonl (recomputed: _parts/scripts/svla_closed_loop_paired.py; methods imported from scripts/cross_domain_temporal/analyze_svla.py boot/paired)
prereg_contrast,google_robot_pick_coke_can,reverse - corrected (perp_left),reverse_perp_left,corrected_perp_left,40,39,97.5000,38,95.0000,2.5000,-5.0000,12.5000,2,1,1,7.5000,0.3933,0.3555,0.4343,"[92.5, 100.0]",-0.1885,"[-0.2518, -0.1190]",4.528e-06,outputs/cross_domain_temporal_replication/closed_loop/episodes.jsonl (recomputed: _parts/scripts/svla_closed_loop_paired.py; methods imported from scripts/cross_domain_temporal/analyze_svla.py boot/paired)
additional_div_vs_rerun,all,div(reverse_opposite) - div(natural_gen),reverse_opposite,natural_gen,80,,,,,,,,,,,,,,,,0.0926,"[0.0466, 0.1410]",1.69e-05,"outputs/cross_domain_temporal_replication/closed_loop/episodes.jsonl (recomputed, ADDITIONAL contrast not in original analysis: _parts/scripts/svla_closed_loop_paired.py)"
additional_div_vs_rerun,all,div(reverse_perp_left) - div(natural_gen),reverse_perp_left,natural_gen,80,,,,,,,,,,,,,,,,0.0696,"[0.0174, 0.1211]",0.0004975,"outputs/cross_domain_temporal_replication/closed_loop/episodes.jsonl (recomputed, ADDITIONAL contrast not in original analysis: _parts/scripts/svla_closed_loop_paired.py)"
additional_div_vs_rerun,all,div(feedback_opposite) - div(natural_gen),feedback_opposite,natural_gen,80,,,,,,,,,,,,,,,,0.2971,"[0.2364, 0.3607]",6.719e-12,"outputs/cross_domain_temporal_replication/closed_loop/episodes.jsonl (recomputed, ADDITIONAL contrast not in original analysis: _parts/scripts/svla_closed_loop_paired.py)"
additional_div_vs_rerun,all,div(corrected_opposite) - div(natural_gen),corrected_opposite,natural_gen,80,,,,,,,,,,,,,,,,0.2836,"[0.2242, 0.3458]",9.082e-12,"outputs/cross_domain_temporal_replication/closed_loop/episodes.jsonl (recomputed, ADDITIONAL contrast not in original analysis: _parts/scripts/svla_closed_loop_paired.py)"
additional_div_vs_rerun,all,div(feedback_perp_left) - div(natural_gen),feedback_perp_left,natural_gen,80,,,,,,,,,,,,,,,,0.2822,"[0.2384, 0.3290]",3.563e-13,"outputs/cross_domain_temporal_replication/closed_loop/episodes.jsonl (recomputed, ADDITIONAL contrast not in original analysis: _parts/scripts/svla_closed_loop_paired.py)"
additional_div_vs_rerun,all,div(corrected_perp_left) - div(natural_gen),corrected_perp_left,natural_gen,80,,,,,,,,,,,,,,,,0.2763,"[0.2266, 0.3228]",8.902e-13,"outputs/cross_domain_temporal_replication/closed_loop/episodes.jsonl (recomputed, ADDITIONAL contrast not in original analysis: _parts/scripts/svla_closed_loop_paired.py)"
additional_div_vs_rerun,google_robot_move_near,div(reverse_opposite) - div(natural_gen),reverse_opposite,natural_gen,40,,,,,,,,,,,,,,,,0.1074,"[0.0322, 0.1951]",0.003868,"outputs/cross_domain_temporal_replication/closed_loop/episodes.jsonl (recomputed, ADDITIONAL contrast not in original analysis: _parts/scripts/svla_closed_loop_paired.py)"
additional_div_vs_rerun,google_robot_move_near,div(reverse_perp_left) - div(natural_gen),reverse_perp_left,natural_gen,40,,,,,,,,,,,,,,,,0.0522,"[-0.0264, 0.1300]",0.009381,"outputs/cross_domain_temporal_replication/closed_loop/episodes.jsonl (recomputed, ADDITIONAL contrast not in original analysis: _parts/scripts/svla_closed_loop_paired.py)"
additional_div_vs_rerun,google_robot_move_near,div(feedback_opposite) - div(natural_gen),feedback_opposite,natural_gen,40,,,,,,,,,,,,,,,,0.2797,"[0.1896, 0.3853]",2.362e-08,"outputs/cross_domain_temporal_replication/closed_loop/episodes.jsonl (recomputed, ADDITIONAL contrast not in original analysis: _parts/scripts/svla_closed_loop_paired.py)"
additional_div_vs_rerun,google_robot_move_near,div(corrected_opposite) - div(natural_gen),corrected_opposite,natural_gen,40,,,,,,,,,,,,,,,,0.2698,"[0.1743, 0.3710]",3.48e-08,"outputs/cross_domain_temporal_replication/closed_loop/episodes.jsonl (recomputed, ADDITIONAL contrast not in original analysis: _parts/scripts/svla_closed_loop_paired.py)"
additional_div_vs_rerun,google_robot_move_near,div(feedback_perp_left) - div(natural_gen),feedback_perp_left,natural_gen,40,,,,,,,,,,,,,,,,0.2877,"[0.2123, 0.3684]",5.844e-09,"outputs/cross_domain_temporal_replication/closed_loop/episodes.jsonl (recomputed, ADDITIONAL contrast not in original analysis: _parts/scripts/svla_closed_loop_paired.py)"
additional_div_vs_rerun,google_robot_move_near,div(corrected_perp_left) - div(natural_gen),corrected_perp_left,natural_gen,40,,,,,,,,,,,,,,,,0.2771,"[0.1940, 0.3553]",1.582e-08,"outputs/cross_domain_temporal_replication/closed_loop/episodes.jsonl (recomputed, ADDITIONAL contrast not in original analysis: _parts/scripts/svla_closed_loop_paired.py)"
additional_div_vs_rerun,google_robot_pick_coke_can,div(reverse_opposite) - div(natural_gen),reverse_opposite,natural_gen,40,,,,,,,,,,,,,,,,0.0779,"[0.0267, 0.1254]",0.0009936,"outputs/cross_domain_temporal_replication/closed_loop/episodes.jsonl (recomputed, ADDITIONAL contrast not in original analysis: _parts/scripts/svla_closed_loop_paired.py)"
additional_div_vs_rerun,google_robot_pick_coke_can,div(reverse_perp_left) - div(natural_gen),reverse_perp_left,natural_gen,40,,,,,,,,,,,,,,,,0.0870,"[0.0238, 0.1557]",0.01107,"outputs/cross_domain_temporal_replication/closed_loop/episodes.jsonl (recomputed, ADDITIONAL contrast not in original analysis: _parts/scripts/svla_closed_loop_paired.py)"
additional_div_vs_rerun,google_robot_pick_coke_can,div(feedback_opposite) - div(natural_gen),feedback_opposite,natural_gen,40,,,,,,,,,,,,,,,,0.3146,"[0.2329, 0.3981]",5.064e-08,"outputs/cross_domain_temporal_replication/closed_loop/episodes.jsonl (recomputed, ADDITIONAL contrast not in original analysis: _parts/scripts/svla_closed_loop_paired.py)"
additional_div_vs_rerun,google_robot_pick_coke_can,div(corrected_opposite) - div(natural_gen),corrected_opposite,natural_gen,40,,,,,,,,,,,,,,,,0.2974,"[0.2197, 0.3772]",6.461e-08,"outputs/cross_domain_temporal_replication/closed_loop/episodes.jsonl (recomputed, ADDITIONAL contrast not in original analysis: _parts/scripts/svla_closed_loop_paired.py)"
additional_div_vs_rerun,google_robot_pick_coke_can,div(feedback_perp_left) - div(natural_gen),feedback_perp_left,natural_gen,40,,,,,,,,,,,,,,,,0.2766,"[0.2254, 0.3234]",8.131e-10,"outputs/cross_domain_temporal_replication/closed_loop/episodes.jsonl (recomputed, ADDITIONAL contrast not in original analysis: _parts/scripts/svla_closed_loop_paired.py)"
additional_div_vs_rerun,google_robot_pick_coke_can,div(corrected_perp_left) - div(natural_gen),corrected_perp_left,natural_gen,40,,,,,,,,,,,,,,,,0.2755,"[0.2253, 0.3261]",8.131e-10,"outputs/cross_domain_temporal_replication/closed_loop/episodes.jsonl (recomputed, ADDITIONAL contrast not in original analysis: _parts/scripts/svla_closed_loop_paired.py)"
