log,scenes,eligible,F,S_eligible,S_sampled,stage1_error_rate,not_eligible_no_mismatch,not_eligible_t_star_gt_7,units_built_scenes,units,H7_scenes_analysed,H7_scenes_excluded_harness,H8_scenes_analysed,H8_scenes_excluded_harness,H9_scenes_analysed,H9_scenes_excluded_harness,H32_scenes_analysed,H32_scenes_excluded_harness
2021.05.25.15.59.03_veh-30_00625_00855,48,19,0,19,4,0.0,28,1.0,4,26,4,0,4,0,4,0,4,0
2021.05.25.15.59.03_veh-30_01478_01643,16,9,1,8,4,0.0,4,3.0,5,38,5,0,5,0,5,0,5,0
2021.05.25.15.59.03_veh-30_03499_03671,52,33,5,28,4,0.0,19,,9,64,9,0,9,0,9,0,9,0
2021.05.25.15.59.03_veh-30_04027_04200,105,58,1,57,4,0.0,46,1.0,5,35,5,0,5,0,5,0,5,0
2021.05.25.15.59.03_veh-30_04463_04606,36,15,0,15,4,0.0,19,2.0,4,25,4,0,4,0,4,0,4,0
2021.05.25.16.37.23_veh-25_00005_00217,34,16,0,16,4,0.0,18,,4,29,4,0,4,0,4,0,4,0
2021.05.25.16.37.23_veh-25_03311_03550,24,2,0,2,2,0.0,21,1.0,2,14,2,0,2,0,2,0,2,0
2021.05.25.17.54.41_veh-35_01654_01850,61,31,0,31,4,0.0,27,3.0,4,25,4,0,4,0,4,0,4,0
2021.05.25.17.54.41_veh-35_01905_02121,64,19,1,18,4,0.0,42,3.0,5,34,5,0,5,0,5,0,5,0
2021.05.25.17.54.41_veh-35_02723_02902,84,35,2,33,4,0.0,42,7.0,6,39,6,0,6,0,6,0,6,0
2021.05.25.17.54.41_veh-35_04111_04288,54,29,1,28,4,0.0,25,,5,33,5,0,5,0,5,0,5,0
2021.05.25.17.54.41_veh-35_04967_05098,8,2,0,2,2,0.0,6,,2,16,2,0,2,0,2,0,2,0
2021.06.03.12.02.06_veh-35_00233_00609,106,39,1,38,4,0.0,65,2.0,5,33,5,0,5,0,5,0,5,0
2021.06.03.12.02.06_veh-35_01100_01227,43,12,0,12,4,0.0,29,2.0,4,29,4,0,4,0,4,0,4,0
2021.06.03.12.02.06_veh-35_03526_03712,15,11,0,11,4,0.0,4,,4,26,4,0,4,0,4,0,4,0
2021.06.03.18.47.39_veh-35_00123_00246,22,11,0,11,4,0.0,11,,4,26,4,0,4,0,4,0,4,0
2021.06.03.18.47.39_veh-35_00257_00492,71,22,1,21,4,0.0,47,2.0,5,35,5,0,5,0,5,0,5,0
2021.06.03.18.47.39_veh-35_00503_00777,122,39,1,38,4,0.0,81,2.0,5,36,5,0,5,0,5,0,5,0
2021.06.28.13.53.26_veh-26_00492_00696,92,33,0,33,4,0.0,55,4.0,4,25,4,0,4,0,4,0,4,0
2021.06.28.15.02.02_veh-38_02398_02848,156,53,2,51,4,0.0,96,7.0,6,44,6,0,6,0,6,0,6,0
2021.06.28.15.10.57_veh-16_02438_02580,34,12,0,12,4,0.0,22,,4,29,4,0,4,0,4,0,4,0
2021.06.28.20.24.43_veh-38_00369_00601,73,35,2,33,4,0.0,35,3.0,6,44,6,0,6,0,6,0,6,0
2021.06.28.20.24.43_veh-38_03385_04952,568,226,11,215,4,0.0,316,26.0,15,105,15,0,15,0,15,0,15,0
2021.06.28.21.16.05_veh-14_00957_01198,74,25,0,25,4,0.0,48,1.0,4,29,4,0,4,0,4,0,4,0
2021.08.16.14.23.37_veh-45_00015_00132,76,24,0,24,4,0.0,50,2.0,4,25,4,0,4,0,4,0,4,0
2021.09.09.14.18.22_veh-48_00221_00299,42,12,1,11,4,0.0,29,1.0,5,36,5,0,5,0,5,0,5,0
2021.09.09.14.18.22_veh-48_00322_00895,189,82,14,68,4,0.0,100,7.0,18,137,18,0,18,0,18,0,18,0
2021.09.09.14.18.22_veh-48_00960_01115,57,29,1,28,4,0.0,27,1.0,5,32,5,0,5,0,5,0,5,0
2021.09.09.14.18.22_veh-48_01298_01492,66,32,1,31,4,0.0,31,3.0,5,34,5,0,5,0,5,0,5,0
2021.09.09.14.18.22_veh-48_01503_01761,73,35,1,34,4,0.0,31,7.0,5,34,5,0,5,0,5,0,5,0
2021.09.09.17.18.51_veh-48_00098_00328,70,21,4,17,4,0.0,47,2.0,8,51,8,0,8,0,8,0,8,0
2021.09.09.17.18.51_veh-48_00574_00646,29,6,1,5,4,0.0,23,,5,37,5,0,5,0,5,0,5,0
2021.09.09.17.18.51_veh-48_00657_00876,75,36,2,34,4,0.0,38,1.0,6,43,6,0,6,0,6,0,6,0
2021.09.09.17.18.51_veh-48_00889_01147,87,46,4,42,4,0.0,38,3.0,8,54,8,0,8,0,8,0,8,0
2021.09.09.17.18.51_veh-48_01173_01237,15,2,0,2,2,0.0,13,,2,14,2,0,2,0,2,0,2,0
2021.09.09.17.18.51_veh-48_01248_01450,109,45,2,43,4,0.0,59,5.0,6,41,6,0,6,0,6,0,6,0
2021.09.09.17.18.51_veh-48_01462_01552,19,11,1,10,4,0.0,7,1.0,5,37,5,0,5,0,5,0,5,0
2021.09.09.18.04.06_veh-40_00555_00731,62,22,2,20,4,0.0,40,,6,39,6,0,6,0,6,0,6,0
2021.09.09.18.04.06_veh-40_00743_01071,94,42,1,41,4,0.0,46,6.0,5,37,5,0,5,0,5,0,5,0
2021.09.09.18.04.06_veh-40_01340_01425,18,13,0,13,4,0.0,4,1.0,4,26,4,0,4,0,4,0,4,0
2021.09.16.13.53.10_veh-42_00077_00153,48,13,0,13,4,0.0,30,5.0,4,24,4,0,4,0,4,0,4,0
2021.09.16.13.53.10_veh-42_00180_00342,140,38,1,37,4,0.0,95,7.0,5,35,5,0,5,0,5,0,5,0
2021.09.16.13.53.10_veh-42_00630_00818,69,33,5,28,4,0.0,36,,9,65,9,0,9,0,9,0,9,0
2021.09.16.13.53.10_veh-42_00860_01069,42,13,2,11,4,0.0,28,1.0,6,41,6,0,6,0,6,0,6,0
2021.09.16.13.53.10_veh-42_01510_01591,51,9,0,9,4,0.0,36,6.0,4,24,4,0,4,0,4,0,4,0
2021.09.16.15.12.03_veh-42_01037_01434,144,37,2,35,4,0.0,104,3.0,6,39,6,0,6,0,6,0,6,0
2021.09.16.15.47.30_veh-45_01199_01391,87,23,1,22,4,0.0,59,5.0,5,34,5,0,5,0,5,0,5,0
2021.09.16.16.20.27_veh-08_02435_02525,39,24,0,24,4,0.0,15,,4,27,4,0,4,0,4,0,4,0
2021.09.16.17.40.09_veh-45_02539_02745,106,52,1,51,4,0.0,51,3.0,5,34,5,0,5,0,5,0,5,0
2021.09.16.19.49.00_veh-42_00990_01609,283,116,10,106,4,0.0,158,9.0,14,95,14,0,14,0,14,0,14,0
2021.09.16.21.13.37_veh-42_00172_00347,16,5,1,4,4,0.0,10,1.0,5,34,5,0,5,0,5,0,5,0
2021.09.29.15.23.04_veh-28_00601_00802,88,30,1,29,4,0.0,56,2.0,5,35,5,0,5,0,5,0,5,0
2021.09.29.15.23.04_veh-28_00814_01101,93,22,1,21,4,0.0,71,,5,33,5,0,5,0,5,0,5,0
2021.09.29.18.19.40_veh-28_00331_00426,8,2,0,2,2,0.0,6,,2,14,2,0,2,0,2,0,2,0
2021.09.29.18.19.40_veh-28_00438_00833,150,41,1,40,4,0.0,103,6.0,5,35,5,0,5,0,5,0,5,0
2021.09.29.18.19.40_veh-28_00844_01218,108,37,2,35,4,0.0,70,1.0,6,45,6,0,6,0,6,0,6,0
2021.09.29.18.19.40_veh-28_01268_01685,153,65,4,61,4,0.0,82,6.0,8,55,8,0,8,0,8,0,8,0
2021.09.29.18.19.40_veh-28_01727_01833,18,5,0,5,4,0.0,13,,4,31,4,0,4,0,4,0,4,0
2021.10.06.07.26.10_veh-52_00006_00398,196,74,2,72,4,0.0,113,9.0,6,39,6,0,6,0,6,0,6,0
2021.10.06.07.26.10_veh-52_00422_00728,131,37,0,37,4,0.0,86,8.0,4,25,4,0,4,0,4,0,4,0
2021.10.06.07.26.10_veh-52_00772_00917,77,46,2,44,4,0.0,26,5.0,6,41,6,0,6,0,6,0,6,0
2021.10.06.07.26.10_veh-52_00953_01126,37,16,0,16,4,0.0,20,1.0,4,26,4,0,4,0,4,0,4,0
2021.10.06.07.26.10_veh-52_01245_02064,398,165,5,160,4,0.0,211,22.0,9,64,9,0,9,0,9,0,9,0
2021.10.06.07.26.10_veh-52_02208_02394,146,44,0,44,4,0.0,100,2.0,4,25,4,0,4,0,4,0,4,0
