log_id,scene_id,task_id,episode_id,seed,model,condition,config,mode,decode_j,control_t,reference_branch,perturbed_span,perturbation_requested,perturbation_achieved,intervention_count,parser_status,exclusion_reason,primary_outcome,restore_ok,n_gen_calls,direct_exec_dose_m,ctx_exec_dev_trans_m,ctx_exec_dev_rot_rad,ctx_exec_dev_grip,ctx_weight_exposure,flip_frac,first_grasp_t,ever_grasped,first_contact_t,wall_s,decode_s
,2.0,google_robot_move_near,google_robot_move_near_s1006,1006,spatialvla-4b-224-sft-fractal,r1e4:correctedD,r1e4,correctedD,,,natural,"8,12,16,20","opposite 0.3 (norm. space), step-1 translation token",0.3097636252887478,4,ok,,0.0,True,72,0.22404998411538796,0.056049317356192875,0.3066024615713896,0.052079,1.7037141857143456,0.5,,False,17,58.91,49.56
,2.0,google_robot_move_near,google_robot_move_near_s1006,1006,spatialvla-4b-224-sft-fractal,r1e4:feedbackD,r1e4,feedbackD,,,natural,"8,12,16,20","opposite 0.3 (norm. space), step-1 translation token",0.31535437995212723,4,ok,,0.0,True,72,0.2418351160839337,0.042222686122251885,0.3184820073102973,0.62615,1.7037141857143456,0.75,,False,13,50.7,18.06
,2.0,google_robot_move_near,google_robot_move_near_s1006,1006,spatialvla-4b-224-sft-fractal,r1e4:natural,r1e4,natural,,,,,,,0,ok,,1.0,,80,0.0,0.0,0.0,0.0,0.0,,,False,13,88.38,57.78
,2.0,google_robot_move_near,google_robot_move_near_s1006,1006,spatialvla-4b-224-sft-fractal,r1e4:natural#rerun,r1e4,natural,,,,,,,0,ok,,1.0,,80,0.0,0.0,0.0,0.0,0.0,,,False,13,65.16,54.94
,2.0,google_robot_move_near,google_robot_move_near_s1006,1006,spatialvla-4b-224-sft-fractal,r1e4:null,r1e4,null,,,natural,"8,12,16,20","opposite 0.3 (norm. space), step-1 translation token",0.3198307885617214,4,ok,,1.0,True,72,0.0,0.0223975030633076,0.1972554690716481,0.052079,1.7037141857143456,0.25,,False,13,41.92,26.39
,2.0,google_robot_move_near,google_robot_move_near_s1006,1006,spatialvla-4b-224-sft-fractal,r1e4:reverse,r1e4,reverse,,,natural,"8,12,16,20","opposite 0.3 (norm. space), step-1 translation token",0.31853927339193244,4,ok,,1.0,True,72,0.0,0.018362409465895724,0.18279558337336954,0.052079,1.7037141857143456,0.25,,False,13,48.17,18.06
,,google_robot_pick_coke_can,google_robot_pick_coke_can_s200,200,spatialvla-4b-224-sft-fractal,r4e1:corrected,r4e1,corrected,,,natural,"8,12,16,20","opposite 0.3 (norm. space), step-1 translation token",0.316354604825965,4,ok,,1.0,True,18,0.2181343061319659,0.34552963102661666,1.1080865937441258,6.0,12.0,0.75,20,True,11,20.17,11.47
,,google_robot_pick_coke_can,google_robot_pick_coke_can_s200,200,spatialvla-4b-224-sft-fractal,r4e1:feedback,r4e1,feedback,,,natural,"8,12,16,20","opposite 0.3 (norm. space), step-1 translation token",0.3011432098561755,4,ok,,1.0,True,18,0.22253309724764866,0.26648772087749106,1.1358581885155,6.0,12.0,0.5,14,True,11,42.76,6.65
,,google_robot_pick_coke_can,google_robot_pick_coke_can_s200,200,spatialvla-4b-224-sft-fractal,r4e1:natural,r4e1,natural,,,,,,,0,ok,,1.0,,20,0.0,0.0,0.0,0.0,0.0,,15,True,10,94.24,15.61
,,google_robot_pick_coke_can,google_robot_pick_coke_can_s200,200,spatialvla-4b-224-sft-fractal,r4e1:natural#rerun,r4e1,natural,,,,,,,0,ok,,1.0,,20,0.0,0.0,0.0,0.0,0.0,,15,True,10,31.32,17.12
,,google_robot_pick_coke_can,google_robot_pick_coke_can_s200,200,spatialvla-4b-224-sft-fractal,r4e1:null,r4e1,null,,,natural,"8,12,16,20","opposite 0.3 (norm. space), step-1 translation token",0.31713626674344636,4,ok,,1.0,True,18,0.0,0.1175079987979351,0.9191737940047712,1.0,12.0,0.75,15,True,10,22.51,5.8
,,google_robot_pick_coke_can,google_robot_pick_coke_can_s200,200,spatialvla-4b-224-sft-fractal,r4e1:reverse,r4e1,reverse,,,natural,"8,12,16,20","opposite 0.3 (norm. space), step-1 translation token",0.31713626674344636,4,ok,,1.0,True,18,0.0,0.12043142487610017,1.009757521387157,1.0,12.0,0.75,15,True,10,21.65,5.8
