experiment,stage,group,n_units,n_clusters,unit_type,cluster_type,source,verified_from,note
4-5 (full_extract arm N),records in full_extract/records.jsonl,all,2748,,scene,log,"O/full_extract, equal_distance_perturbation, action_history_causal, motion_semantics_ablation records.jsonl (recomputed by scripts/p0a_autovla_audit.py)",raw,
4-5,excluded: no arm-N trajectory (fork failed),all,0,,scene,,"O/full_extract, equal_distance_perturbation, action_history_causal, motion_semantics_ablation records.jsonl (recomputed by scripts/p0a_autovla_audit.py)",raw,
4-5,excluded: CoT present in natural arm,all,1,,scene,,"O/full_extract, equal_distance_perturbation, action_history_causal, motion_semantics_ablation records.jsonl (recomputed by scripts/p0a_autovla_audit.py)",raw,
4-5,excluded: runaway action tokens (>10),all,0,,scene,,"O/full_extract, equal_distance_perturbation, action_history_causal, motion_semantics_ablation records.jsonl (recomputed by scripts/p0a_autovla_audit.py)",raw,
4-5,excluded: <10 poses,all,0,,scene,,"O/full_extract, equal_distance_perturbation, action_history_causal, motion_semantics_ablation records.jsonl (recomputed by scripts/p0a_autovla_audit.py)",raw,
4-5,valid natural fast scenes (A label computable),all,2747,,scene,,"O/full_extract, equal_distance_perturbation, action_history_causal, motion_semantics_ablation records.jsonl (recomputed by scripts/p0a_autovla_audit.py)",raw,
4-5,A- among valid (label_A false),A-,52,16,scene,log,"O/full_extract, equal_distance_perturbation, action_history_causal, motion_semantics_ablation records.jsonl (recomputed by scripts/p0a_autovla_audit.py)",raw,
4-5,excluded: no token mismatch in 10 steps,all,1588,,scene,,"O/full_extract, equal_distance_perturbation, action_history_causal, motion_semantics_ablation records.jsonl (recomputed by scripts/p0a_autovla_audit.py)",raw,
5 (first_mismatch_causal),scenes with a first mismatch t* (= exp 5 population),A-,52,16,scene,log,"O/full_extract, equal_distance_perturbation, action_history_causal, motion_semantics_ablation records.jsonl (recomputed by scripts/p0a_autovla_audit.py)",raw,
5 (first_mismatch_causal),scenes with a first mismatch t* (= exp 5 population),A+,1107,28,scene,log,"O/full_extract, equal_distance_perturbation, action_history_causal, motion_semantics_ablation records.jsonl (recomputed by scripts/p0a_autovla_audit.py)",raw,
5,total exp 5 scenes,all,1159,28,scene,log,"O/full_extract, equal_distance_perturbation, action_history_causal, motion_semantics_ablation records.jsonl (recomputed by scripts/p0a_autovla_audit.py)",raw,
6 (equal_distance),"scenes picked (A-: all mismatch-A-; A+: 3 per A- at same t*, seeded shuffle)",A-,52,16,scene,log,"O/full_extract, equal_distance_perturbation, action_history_causal, motion_semantics_ablation records.jsonl (recomputed by scripts/p0a_autovla_audit.py)",raw,
6,"perturbation units original+alt (= units of exp 7-11, 32)",A-,365,16,"(scene, perturbation)",log,"O/full_extract, equal_distance_perturbation, action_history_causal, motion_semantics_ablation records.jsonl (recomputed by scripts/p0a_autovla_audit.py)",raw,
6,of which valid 10-token rollouts in exp 6 (HF generate may leave the action span),A-,364,,"(scene, perturbation)",,"O/full_extract, equal_distance_perturbation, action_history_causal, motion_semantics_ablation records.jsonl (recomputed by scripts/p0a_autovla_audit.py)",raw,
6,alternatives only (Claim 2 denominators),A-,313,,"(scene, alternative)",,"O/full_extract, equal_distance_perturbation, action_history_causal, motion_semantics_ablation records.jsonl (recomputed by scripts/p0a_autovla_audit.py)",raw,
6,alternatives meeting strict tolerance (matched_strict),A-,292,,"(scene, alternative)",,"O/full_extract, equal_distance_perturbation, action_history_causal, motion_semantics_ablation records.jsonl (recomputed by scripts/p0a_autovla_audit.py)",raw,
6 (equal_distance),"scenes picked (A-: all mismatch-A-; A+: 3 per A- at same t*, seeded shuffle)",A+,156,26,scene,log,"O/full_extract, equal_distance_perturbation, action_history_causal, motion_semantics_ablation records.jsonl (recomputed by scripts/p0a_autovla_audit.py)",raw,
6,"perturbation units original+alt (= units of exp 7-11, 32)",A+,1043,26,"(scene, perturbation)",log,"O/full_extract, equal_distance_perturbation, action_history_causal, motion_semantics_ablation records.jsonl (recomputed by scripts/p0a_autovla_audit.py)",raw,
6,of which valid 10-token rollouts in exp 6 (HF generate may leave the action span),A+,1043,,"(scene, perturbation)",,"O/full_extract, equal_distance_perturbation, action_history_causal, motion_semantics_ablation records.jsonl (recomputed by scripts/p0a_autovla_audit.py)",raw,
6,alternatives only (Claim 2 denominators),A+,887,,"(scene, alternative)",,"O/full_extract, equal_distance_perturbation, action_history_causal, motion_semantics_ablation records.jsonl (recomputed by scripts/p0a_autovla_audit.py)",raw,
6,alternatives meeting strict tolerance (matched_strict),A+,771,,"(scene, alternative)",,"O/full_extract, equal_distance_perturbation, action_history_causal, motion_semantics_ablation records.jsonl (recomputed by scripts/p0a_autovla_audit.py)",raw,
7 (action_history_causal),"units analysed (all 7 conditions, no unit exclusion; OOD rule is per condition)",A-,365,16,"(scene, perturbation)",log,"O/full_extract, equal_distance_perturbation, action_history_causal, motion_semantics_ablation records.jsonl (recomputed by scripts/p0a_autovla_audit.py)",raw,scenes 52
32 (motion_semantics_ablation),"units analysed (6 rows, errors.jsonl empty)",A-,365,16,"(scene, perturbation)",log,"O/full_extract, equal_distance_perturbation, action_history_causal, motion_semantics_ablation records.jsonl (recomputed by scripts/p0a_autovla_audit.py)",raw,scenes 52
7 (action_history_causal),"units analysed (all 7 conditions, no unit exclusion; OOD rule is per condition)",A+,1043,26,"(scene, perturbation)",log,"O/full_extract, equal_distance_perturbation, action_history_causal, motion_semantics_ablation records.jsonl (recomputed by scripts/p0a_autovla_audit.py)",raw,scenes 156
32 (motion_semantics_ablation),"units analysed (6 rows, errors.jsonl empty)",A+,1043,26,"(scene, perturbation)",log,"O/full_extract, equal_distance_perturbation, action_history_causal, motion_semantics_ablation records.jsonl (recomputed by scripts/p0a_autovla_audit.py)",raw,scenes 156
8 (prev_action_state_patching),units (summary n_units),A- / A+,365 / 1043,"16 / 26 (logs, from exp 6 set)","(scene, perturbation)",log,"O/prev_action_state_patching/summary.json n_units, run_meta.json",summary,"records.jsonl absent; 0 unit errors per run_meta; A- units with an effective patch step 365, with late steps 357"
9 (temporal_feedback_window),units (summary n_units),A- / A+,365 / 1043,16 / 26,"(scene, perturbation)",log,O/temporal_feedback_window/summary.json,summary,records.jsonl absent; t* distribution matches exp 7 raw
5 (first_mismatch_causal),result records,all,1159 (run_meta n_ok),28,scene,log,O/first_mismatch_causal/run_meta.json,summary,"population recomputed from full_extract raw (=1,159); result records not kept; step-matched A+ n 944 summary only"
34,token_level,frames,1600,80,"frame (natural episode obs every 4 steps, t=0..76)","episode (task,seed)",outputs/cross_domain_temporal_replication/token_level/units.jsonl,raw,20 frames x 80 episodes
34,token_level,units (all),18975,80,"(frame,d,dir)",episode,outputs/cross_domain_temporal_replication/token_level/units.jsonl,raw,"of 19,200 possible; 225 excluded (p==g or achieved dist outside [0.5d,1.5d]); exclusion per condition identical (all rows share unit)"
34,token_level,normal_amplified subset,4185,,unit,episode,outputs/cross_domain_temporal_replication/token_level/units.jsonl,raw,post-hoc subset on Normal outcome
34,token_level,motion subset (e>0),10542,,unit,episode,outputs/cross_domain_temporal_replication/token_level/units.jsonl,raw,units whose step-3 own token != R token
34,closed_loop,per condition,80,80,"episode (task, seed 0-39)",episode,outputs/cross_domain_temporal_replication/closed_loop/episodes.jsonl,raw,9 conditions x 80 = 720; no exclusions; 40 per task
35,closed_loop seed0-39,per config x mode,80,80,episode,episode (stratified by task),outputs/spatialvla_feedback_protection_ablation/rollouts/episodes.jsonl,raw,"6 configs x 4 modes x 80 + natural_gen 2x80 = 2,080"
35,closed_loop ext seed40-119,"r1e4,r4e1 x 4 modes",160,160,episode,episode,outputs/spatialvla_feedback_protection_ablation/rollouts_ext/episodes.jsonl,raw,"1,280 (PROTOCOL said +640)"
35,closed_loop pooled seed0-119,"r1e4,r4e1 x 4 modes",240,240,episode,episode,"outputs/spatialvla_feedback_protection_ablation/pooled_seed0_119/rollouts/episodes.jsonl (= rollouts r1e4/r4e1 + rollouts_ext, 1920/1920 identical)",raw,"1,920; identical to rollouts+ext; natural_gen only seed 0-39 (80)"
35,comparison,A vs exp34,80,80,episode,episode,outputs/spatialvla_feedback_protection_ablation/rollouts/episodes.jsonl,raw,seed 0-39 only; exp 34 variable batch vs exp 35 fixed batch -> episode agreement 85-92.5%
