experiment,group,condition,label,metric,value,CI_low,CI_high,unit,frac_of_recent_gt_effect,frac_CI_low,frac_CI_high,p,test,n_units,n_scenes,source
11 prev_action_identity_decomposition,A-,normal,self token (Normal AR),amplification,47.1233,37.262,56.855,%,,,,,,365,52,autovla_misalignment_poc/outputs/prev_action_identity_decomposition/summary.json :: groups/A-/conditions/normal/amplification
11 prev_action_identity_decomposition,A-,normal,self token (Normal AR),fde5,6.507,5.2474,7.4742,m,,,,,,365,52,autovla_misalignment_poc/outputs/prev_action_identity_decomposition/summary.json :: groups/A-/conditions/normal/fde5
11 prev_action_identity_decomposition,A-,normal,self token (Normal AR),recovery,45.4795,37.1333,53.991,%,,,,,,365,52,autovla_misalignment_poc/outputs/prev_action_identity_decomposition/summary.json :: groups/A-/conditions/normal/recovery
11 prev_action_identity_decomposition,A-,normal,self token (Normal AR),ade5,2.4286,2.0176,2.7448,m,,,,,,365,52,autovla_misalignment_poc/outputs/prev_action_identity_decomposition/summary.json :: groups/A-/conditions/normal/ade5
11 prev_action_identity_decomposition,A-,gt_history,GT-history,amplification,4.1096,1.2578,7.7245,%,109.7902,102.1271,116.8941,4.379057701015053e-46,vs Normal: McNemar exact,365,52,autovla_misalignment_poc/outputs/prev_action_identity_decomposition/summary.json :: groups/A-/conditions/gt_history/amplification
11 prev_action_identity_decomposition,A-,gt_history,GT-history,fde5,1.7843,1.2795,2.508,m,113.4094,104.5024,119.7328,2.03757825265681e-56,vs Normal: Wilcoxon,365,52,autovla_misalignment_poc/outputs/prev_action_identity_decomposition/summary.json :: groups/A-/conditions/gt_history/fde5
11 prev_action_identity_decomposition,A-,gt_history,GT-history,recovery,93.1507,86.9403,97.3635,%,,,,3.695932450674364e-51,vs Normal: McNemar exact,365,52,autovla_misalignment_poc/outputs/prev_action_identity_decomposition/summary.json :: groups/A-/conditions/gt_history/recovery
11 prev_action_identity_decomposition,A-,gt_history,GT-history,ade5,0.8975,0.6744,1.1693,m,,,,5.53354009817928e-57,vs Normal: Wilcoxon,365,52,autovla_misalignment_poc/outputs/prev_action_identity_decomposition/summary.json :: groups/A-/conditions/gt_history/ade5
11 prev_action_identity_decomposition,A-,recent_gt,GT token (Recent-GT),amplification,7.9452,4.3344,11.4977,%,,,,6.546866425325545e-42,vs Normal: McNemar exact,365,52,autovla_misalignment_poc/outputs/prev_action_identity_decomposition/summary.json :: groups/A-/conditions/recent_gt/amplification
11 prev_action_identity_decomposition,A-,recent_gt,GT token (Recent-GT),fde5,2.3427,1.6025,3.1513,m,,,,1.180398175534158e-53,vs Normal: Wilcoxon,365,52,autovla_misalignment_poc/outputs/prev_action_identity_decomposition/summary.json :: groups/A-/conditions/recent_gt/fde5
11 prev_action_identity_decomposition,A-,recent_gt,GT token (Recent-GT),recovery,88.7671,83.8225,92.7501,%,,,,4.517271709703341e-45,vs Normal: McNemar exact,365,52,autovla_misalignment_poc/outputs/prev_action_identity_decomposition/summary.json :: groups/A-/conditions/recent_gt/recovery
11 prev_action_identity_decomposition,A-,recent_gt,GT token (Recent-GT),ade5,1.0732,0.804,1.348,m,,,,3.8089903658044604e-54,vs Normal: Wilcoxon,365,52,autovla_misalignment_poc/outputs/prev_action_identity_decomposition/summary.json :: groups/A-/conditions/recent_gt/ade5
11 prev_action_identity_decomposition,A-,geo_nn_gt,GT-motion nearest other token,amplification,8.4932,4.4023,14.9129,%,98.6014,85.8583,105.4545,2.582873329443503e-41,vs Normal: McNemar exact,365,52,autovla_misalignment_poc/outputs/prev_action_identity_decomposition/summary.json :: groups/A-/conditions/geo_nn_gt/amplification
11 prev_action_identity_decomposition,A-,geo_nn_gt,GT-motion nearest other token,fde5,2.4479,1.6166,3.3335,m,97.4728,93.2218,101.7537,5.4054569877653e-51,vs Normal: Wilcoxon,365,52,autovla_misalignment_poc/outputs/prev_action_identity_decomposition/summary.json :: groups/A-/conditions/geo_nn_gt/fde5
11 prev_action_identity_decomposition,A-,geo_nn_gt,GT-motion nearest other token,recovery,87.3973,78.8544,93.0333,%,,,,1.8339493651851043e-42,vs Normal: McNemar exact,365,52,autovla_misalignment_poc/outputs/prev_action_identity_decomposition/summary.json :: groups/A-/conditions/geo_nn_gt/recovery
11 prev_action_identity_decomposition,A-,geo_nn_gt,GT-motion nearest other token,ade5,1.1163,0.7906,1.4243,m,,,,9.158253556843785e-51,vs Normal: Wilcoxon,365,52,autovla_misalignment_poc/outputs/prev_action_identity_decomposition/summary.json :: groups/A-/conditions/geo_nn_gt/ade5
11 prev_action_identity_decomposition,A-,emb_nn_gt,GT-embedding nearest other token,amplification,7.6712,3.6854,13.5534,%,100.6993,85.7143,108.6667,6.123111545152409e-38,vs Normal: McNemar exact,365,52,autovla_misalignment_poc/outputs/prev_action_identity_decomposition/summary.json :: groups/A-/conditions/emb_nn_gt/amplification
11 prev_action_identity_decomposition,A-,emb_nn_gt,GT-embedding nearest other token,fde5,2.4672,1.8282,3.5018,m,97.0107,83.0075,103.993,4.119338079072953e-43,vs Normal: Wilcoxon,365,52,autovla_misalignment_poc/outputs/prev_action_identity_decomposition/summary.json :: groups/A-/conditions/emb_nn_gt/fde5
11 prev_action_identity_decomposition,A-,emb_nn_gt,GT-embedding nearest other token,recovery,87.6712,79.4099,93.5294,%,,,,2.0563753197478353e-38,vs Normal: McNemar exact,365,52,autovla_misalignment_poc/outputs/prev_action_identity_decomposition/summary.json :: groups/A-/conditions/emb_nn_gt/recovery
11 prev_action_identity_decomposition,A-,emb_nn_gt,GT-embedding nearest other token,ade5,1.1445,0.8841,1.4812,m,,,,7.079421891896712e-42,vs Normal: Wilcoxon,365,52,autovla_misalignment_poc/outputs/prev_action_identity_decomposition/summary.json :: groups/A-/conditions/emb_nn_gt/ade5
11 prev_action_identity_decomposition,A-,geo_nn_self,self-motion nearest other token,amplification,43.8356,35.4039,53.2361,%,8.3916,-16.9887,24.4322,0.1818100545355934,vs Normal: McNemar exact,365,52,autovla_misalignment_poc/outputs/prev_action_identity_decomposition/summary.json :: groups/A-/conditions/geo_nn_self/amplification
11 prev_action_identity_decomposition,A-,geo_nn_self,self-motion nearest other token,fde5,6.3865,5.0595,7.3116,m,2.8923,-10.4714,14.3945,0.3788106580995687,vs Normal: Wilcoxon,365,52,autovla_misalignment_poc/outputs/prev_action_identity_decomposition/summary.json :: groups/A-/conditions/geo_nn_self/fde5
11 prev_action_identity_decomposition,A-,geo_nn_self,self-motion nearest other token,recovery,47.1233,38.5158,54.2245,%,,,,0.555997717760971,vs Normal: McNemar exact,365,52,autovla_misalignment_poc/outputs/prev_action_identity_decomposition/summary.json :: groups/A-/conditions/geo_nn_self/recovery
11 prev_action_identity_decomposition,A-,geo_nn_self,self-motion nearest other token,ade5,2.4167,1.918,2.7772,m,,,,0.17653679772058795,vs Normal: Wilcoxon,365,52,autovla_misalignment_poc/outputs/prev_action_identity_decomposition/summary.json :: groups/A-/conditions/geo_nn_self/ade5
11 prev_action_identity_decomposition,A-,emb_nn_self,self-embedding nearest other token,amplification,50.137,41.4377,62.6377,%,-7.6923,-45.8542,8.3351,0.272268945972048,vs Normal: McNemar exact,365,52,autovla_misalignment_poc/outputs/prev_action_identity_decomposition/summary.json :: groups/A-/conditions/emb_nn_self/amplification
11 prev_action_identity_decomposition,A-,emb_nn_self,self-embedding nearest other token,fde5,7.0432,5.9776,8.2275,m,-12.8772,-46.5762,2.4434,0.09754119909176436,vs Normal: Wilcoxon,365,52,autovla_misalignment_poc/outputs/prev_action_identity_decomposition/summary.json :: groups/A-/conditions/emb_nn_self/fde5
11 prev_action_identity_decomposition,A-,emb_nn_self,self-embedding nearest other token,recovery,44.1096,32.798,52.0634,%,,,,0.6752224599160574,vs Normal: McNemar exact,365,52,autovla_misalignment_poc/outputs/prev_action_identity_decomposition/summary.json :: groups/A-/conditions/emb_nn_self/recovery
11 prev_action_identity_decomposition,A-,emb_nn_self,self-embedding nearest other token,ade5,2.6474,2.3366,2.9997,m,,,,0.016769572801239484,vs Normal: Wilcoxon,365,52,autovla_misalignment_poc/outputs/prev_action_identity_decomposition/summary.json :: groups/A-/conditions/emb_nn_self/ade5
11 prev_action_identity_decomposition,A-,random_tok,random trained token,amplification,51.5068,43.4384,59.2359,%,-11.1888,-47.7528,8.6983,0.22965784665432604,vs Normal: McNemar exact,365,52,autovla_misalignment_poc/outputs/prev_action_identity_decomposition/summary.json :: groups/A-/conditions/random_tok/amplification
11 prev_action_identity_decomposition,A-,random_tok,random trained token,fde5,9.0482,7.4882,10.2423,m,-61.0223,-113.1963,-25.3619,2.159235785849126e-12,vs Normal: Wilcoxon,365,52,autovla_misalignment_poc/outputs/prev_action_identity_decomposition/summary.json :: groups/A-/conditions/random_tok/fde5
11 prev_action_identity_decomposition,A-,random_tok,random trained token,recovery,42.4658,35.9129,48.1686,%,,,,0.4189205249064943,vs Normal: McNemar exact,365,52,autovla_misalignment_poc/outputs/prev_action_identity_decomposition/summary.json :: groups/A-/conditions/random_tok/recovery
11 prev_action_identity_decomposition,A-,random_tok,random trained token,ade5,3.5839,3.1198,3.9523,m,,,,5.968850880593033e-18,vs Normal: Wilcoxon,365,52,autovla_misalignment_poc/outputs/prev_action_identity_decomposition/summary.json :: groups/A-/conditions/random_tok/ade5
11 prev_action_identity_decomposition,A-,mean_emb,[OOD] mean action embedding,amplification,52.0548,42.693,60.7477,%,-12.5874,-55.2495,14.9129,0.15052769717161288,vs Normal: McNemar exact,365,52,autovla_misalignment_poc/outputs/prev_action_identity_decomposition/summary.json :: groups/A-/conditions/mean_emb/amplification
11 prev_action_identity_decomposition,A-,mean_emb,[OOD] mean action embedding,fde5,9.7571,8.2173,10.6776,m,-78.0468,-126.4819,-43.8858,2.9190957465520726e-17,vs Normal: Wilcoxon,365,52,autovla_misalignment_poc/outputs/prev_action_identity_decomposition/summary.json :: groups/A-/conditions/mean_emb/fde5
11 prev_action_identity_decomposition,A-,mean_emb,[OOD] mean action embedding,recovery,44.6575,36.1457,54.5212,%,,,,0.8603106786164318,vs Normal: McNemar exact,365,52,autovla_misalignment_poc/outputs/prev_action_identity_decomposition/summary.json :: groups/A-/conditions/mean_emb/recovery
11 prev_action_identity_decomposition,A-,mean_emb,[OOD] mean action embedding,ade5,3.7562,3.1906,4.1018,m,,,,1.5711865586299704e-20,vs Normal: Wilcoxon,365,52,autovla_misalignment_poc/outputs/prev_action_identity_decomposition/summary.json :: groups/A-/conditions/mean_emb/ade5
11 prev_action_identity_decomposition,A-,gt_history - recent_gt,GT-history minus GT token,delta amplification,-3.8356,-5.5001,-0.9387,pp,,,,0.0001220703125,McNemar exact,365,,autovla_misalignment_poc/outputs/prev_action_identity_decomposition/summary.json :: groups/A-/vs_recent_gt/gt_history/amplification
11 prev_action_identity_decomposition,A-,gt_history - recent_gt,GT-history minus GT token,delta fde5,-0.5584,-0.8537,-0.1691,m,,,,2.071931598367487e-13,Wilcoxon signed-rank,365,,autovla_misalignment_poc/outputs/prev_action_identity_decomposition/summary.json :: groups/A-/vs_recent_gt/gt_history/fde5
11 prev_action_identity_decomposition,A-,geo_nn_gt - recent_gt,GT-motion nearest other token minus GT token,delta amplification,0.5479,-1.8619,6.2863,pp,,,,0.8505540192127228,McNemar exact,365,,autovla_misalignment_poc/outputs/prev_action_identity_decomposition/summary.json :: groups/A-/vs_recent_gt/geo_nn_gt/amplification
11 prev_action_identity_decomposition,A-,geo_nn_gt - recent_gt,GT-motion nearest other token minus GT token,delta fde5,0.1052,-0.0658,0.2523,m,,,,0.04335487808471302,Wilcoxon signed-rank,365,,autovla_misalignment_poc/outputs/prev_action_identity_decomposition/summary.json :: groups/A-/vs_recent_gt/geo_nn_gt/fde5
11 prev_action_identity_decomposition,A-,emb_nn_gt - recent_gt,GT-embedding nearest other token minus GT token,delta amplification,-0.274,-3.3711,6.3515,pp,,,,1.0,McNemar exact,365,,autovla_misalignment_poc/outputs/prev_action_identity_decomposition/summary.json :: groups/A-/vs_recent_gt/emb_nn_gt/amplification
11 prev_action_identity_decomposition,A-,emb_nn_gt - recent_gt,GT-embedding nearest other token minus GT token,delta fde5,0.1245,-0.1867,0.6466,m,,,,0.030902492067418515,Wilcoxon signed-rank,365,,autovla_misalignment_poc/outputs/prev_action_identity_decomposition/summary.json :: groups/A-/vs_recent_gt/emb_nn_gt/fde5
11 prev_action_identity_decomposition,A-,geo_nn_self - recent_gt,self-motion nearest other token minus GT token,delta amplification,35.8904,28.1851,45.6247,pp,,,,4.2157084511325866e-37,McNemar exact,365,,autovla_misalignment_poc/outputs/prev_action_identity_decomposition/summary.json :: groups/A-/vs_recent_gt/geo_nn_self/amplification
11 prev_action_identity_decomposition,A-,geo_nn_self - recent_gt,self-motion nearest other token minus GT token,delta fde5,4.0439,3.1842,4.5484,m,,,,1.218106377273263e-52,Wilcoxon signed-rank,365,,autovla_misalignment_poc/outputs/prev_action_identity_decomposition/summary.json :: groups/A-/vs_recent_gt/geo_nn_self/fde5
11 prev_action_identity_decomposition,A-,emb_nn_self - recent_gt,self-embedding nearest other token minus GT token,delta amplification,42.1918,31.109,57.226,pp,,,,9.700859470737601e-42,McNemar exact,365,,autovla_misalignment_poc/outputs/prev_action_identity_decomposition/summary.json :: groups/A-/vs_recent_gt/emb_nn_self/amplification
11 prev_action_identity_decomposition,A-,emb_nn_self - recent_gt,self-embedding nearest other token minus GT token,delta fde5,4.7006,3.8558,5.6707,m,,,,1.1792146586825864e-53,Wilcoxon signed-rank,365,,autovla_misalignment_poc/outputs/prev_action_identity_decomposition/summary.json :: groups/A-/vs_recent_gt/emb_nn_self/fde5
11 prev_action_identity_decomposition,A-,random_tok - recent_gt,random trained token minus GT token,delta amplification,43.5616,33.8805,52.6576,pp,,,,3.2022971308791976e-44,McNemar exact,365,,autovla_misalignment_poc/outputs/prev_action_identity_decomposition/summary.json :: groups/A-/vs_recent_gt/random_tok/amplification
11 prev_action_identity_decomposition,A-,random_tok - recent_gt,random trained token minus GT token,delta fde5,6.7055,5.1842,7.9464,m,,,,8.507859244407924e-58,Wilcoxon signed-rank,365,,autovla_misalignment_poc/outputs/prev_action_identity_decomposition/summary.json :: groups/A-/vs_recent_gt/random_tok/fde5
11 prev_action_identity_decomposition,A-,mean_emb - recent_gt,[OOD] mean action embedding minus GT token,delta amplification,44.1096,35.2937,52.6904,pp,,,,8.300367026720877e-45,McNemar exact,365,,autovla_misalignment_poc/outputs/prev_action_identity_decomposition/summary.json :: groups/A-/vs_recent_gt/mean_emb/amplification
11 prev_action_identity_decomposition,A-,mean_emb - recent_gt,[OOD] mean action embedding minus GT token,delta fde5,7.4144,5.7138,8.6308,m,,,,2.7919943337872638e-53,Wilcoxon signed-rank,365,,autovla_misalignment_poc/outputs/prev_action_identity_decomposition/summary.json :: groups/A-/vs_recent_gt/mean_emb/fde5
11 prev_action_identity_decomposition,A-,gt_history - normal,GT-history minus self token,delta amplification,-43.0137,-54.1576,-31.7945,pp,,,,4.379057701015053e-46,McNemar exact,365,,autovla_misalignment_poc/outputs/prev_action_identity_decomposition/summary.json :: groups/A-/vs_normal/gt_history/amplification
11 prev_action_identity_decomposition,A-,gt_history - normal,GT-history minus self token,delta fde5,-4.7227,-5.5266,-3.6596,m,,,,2.03757825265681e-56,Wilcoxon signed-rank,365,,autovla_misalignment_poc/outputs/prev_action_identity_decomposition/summary.json :: groups/A-/vs_normal/gt_history/fde5
11 prev_action_identity_decomposition,A-,recent_gt - normal,GT token (Recent-GT) minus self token,delta amplification,-39.1781,-50.1609,-28.1322,pp,,,,6.546866425325545e-42,McNemar exact,365,,autovla_misalignment_poc/outputs/prev_action_identity_decomposition/summary.json :: groups/A-/vs_normal/recent_gt/amplification
11 prev_action_identity_decomposition,A-,recent_gt - normal,GT token (Recent-GT) minus self token,delta fde5,-4.1643,-4.8213,-3.3522,m,,,,1.180398175534158e-53,Wilcoxon signed-rank,365,,autovla_misalignment_poc/outputs/prev_action_identity_decomposition/summary.json :: groups/A-/vs_normal/recent_gt/fde5
11 prev_action_identity_decomposition,A-,geo_nn_gt - normal,GT-motion nearest other token minus self token,delta amplification,-38.6301,-48.3304,-27.9881,pp,,,,2.582873329443503e-41,McNemar exact,365,,autovla_misalignment_poc/outputs/prev_action_identity_decomposition/summary.json :: groups/A-/vs_normal/geo_nn_gt/amplification
11 prev_action_identity_decomposition,A-,geo_nn_gt - normal,GT-motion nearest other token minus self token,delta fde5,-4.0591,-4.8026,-3.2169,m,,,,5.4054569877653e-51,Wilcoxon signed-rank,365,,autovla_misalignment_poc/outputs/prev_action_identity_decomposition/summary.json :: groups/A-/vs_normal/geo_nn_gt/fde5
11 prev_action_identity_decomposition,A-,emb_nn_gt - normal,GT-embedding nearest other token minus self token,delta amplification,-39.4521,-50.4681,-27.1599,pp,,,,6.123111545152409e-38,McNemar exact,365,,autovla_misalignment_poc/outputs/prev_action_identity_decomposition/summary.json :: groups/A-/vs_normal/emb_nn_gt/amplification
11 prev_action_identity_decomposition,A-,emb_nn_gt - normal,GT-embedding nearest other token minus self token,delta fde5,-4.0398,-4.907,-2.8652,m,,,,4.119338079072953e-43,Wilcoxon signed-rank,365,,autovla_misalignment_poc/outputs/prev_action_identity_decomposition/summary.json :: groups/A-/vs_normal/emb_nn_gt/fde5
11 prev_action_identity_decomposition,A-,geo_nn_self - normal,self-motion nearest other token minus self token,delta amplification,-3.2877,-10.832,5.4059,pp,,,,0.1818100545355934,McNemar exact,365,,autovla_misalignment_poc/outputs/prev_action_identity_decomposition/summary.json :: groups/A-/vs_normal/geo_nn_self/amplification
11 prev_action_identity_decomposition,A-,geo_nn_self - normal,self-motion nearest other token minus self token,delta fde5,-0.1204,-0.6008,0.3828,m,,,,0.3788106580995687,Wilcoxon signed-rank,365,,autovla_misalignment_poc/outputs/prev_action_identity_decomposition/summary.json :: groups/A-/vs_normal/geo_nn_self/fde5
11 prev_action_identity_decomposition,A-,emb_nn_self - normal,self-embedding nearest other token minus self token,delta amplification,3.0137,-3.8302,15.2255,pp,,,,0.272268945972048,McNemar exact,365,,autovla_misalignment_poc/outputs/prev_action_identity_decomposition/summary.json :: groups/A-/vs_normal/emb_nn_self/amplification
11 prev_action_identity_decomposition,A-,emb_nn_self - normal,self-embedding nearest other token minus self token,delta fde5,0.5362,-0.1174,1.74,m,,,,0.09754119909176436,Wilcoxon signed-rank,365,,autovla_misalignment_poc/outputs/prev_action_identity_decomposition/summary.json :: groups/A-/vs_normal/emb_nn_self/fde5
11 prev_action_identity_decomposition,A-,random_tok - normal,random trained token minus self token,delta amplification,4.3836,-4.9772,14.1716,pp,,,,0.22965784665432604,McNemar exact,365,,autovla_misalignment_poc/outputs/prev_action_identity_decomposition/summary.json :: groups/A-/vs_normal/random_tok/amplification
11 prev_action_identity_decomposition,A-,random_tok - normal,random trained token minus self token,delta fde5,2.5412,1.1309,3.9505,m,,,,2.159235785849126e-12,Wilcoxon signed-rank,365,,autovla_misalignment_poc/outputs/prev_action_identity_decomposition/summary.json :: groups/A-/vs_normal/random_tok/fde5
11 prev_action_identity_decomposition,A-,mean_emb - normal,[OOD] mean action embedding minus self token,delta amplification,4.9315,-6.9451,15.9679,pp,,,,0.15052769717161288,McNemar exact,365,,autovla_misalignment_poc/outputs/prev_action_identity_decomposition/summary.json :: groups/A-/vs_normal/mean_emb/amplification
11 prev_action_identity_decomposition,A-,mean_emb - normal,[OOD] mean action embedding minus self token,delta fde5,3.2501,1.9021,4.5848,m,,,,2.9190957465520726e-17,Wilcoxon signed-rank,365,,autovla_misalignment_poc/outputs/prev_action_identity_decomposition/summary.json :: groups/A-/vs_normal/mean_emb/fde5
11 prev_action_identity_decomposition,A+,normal,self token (Normal AR),amplification,4.2186,2.4347,5.8356,%,,,,,,1043,156,autovla_misalignment_poc/outputs/prev_action_identity_decomposition/summary.json :: groups/A+/conditions/normal/amplification
11 prev_action_identity_decomposition,A+,normal,self token (Normal AR),fde5,2.2134,1.7683,2.5584,m,,,,,,1043,156,autovla_misalignment_poc/outputs/prev_action_identity_decomposition/summary.json :: groups/A+/conditions/normal/fde5
11 prev_action_identity_decomposition,A+,normal,self token (Normal AR),recovery,94.3432,92.4528,96.54,%,,,,,,1043,156,autovla_misalignment_poc/outputs/prev_action_identity_decomposition/summary.json :: groups/A+/conditions/normal/recovery
11 prev_action_identity_decomposition,A+,normal,self token (Normal AR),ade5,0.9475,0.7512,1.1118,m,,,,,,1043,156,autovla_misalignment_poc/outputs/prev_action_identity_decomposition/summary.json :: groups/A+/conditions/normal/ade5
11 prev_action_identity_decomposition,A+,gt_history,GT-history,amplification,0.5753,0.0,1.6682,%,102.7027,89.637,116.6667,5.100190492157708e-09,vs Normal: McNemar exact,1043,156,autovla_misalignment_poc/outputs/prev_action_identity_decomposition/summary.json :: groups/A+/conditions/gt_history/amplification
11 prev_action_identity_decomposition,A+,gt_history,GT-history,fde5,1.0053,0.7836,1.1947,m,104.2444,99.0504,108.1055,2.94001499093107e-89,vs Normal: Wilcoxon,1043,156,autovla_misalignment_poc/outputs/prev_action_identity_decomposition/summary.json :: groups/A+/conditions/gt_history/fde5
11 prev_action_identity_decomposition,A+,gt_history,GT-history,recovery,98.2742,96.9035,99.1711,%,,,,9.624425087798039e-08,vs Normal: McNemar exact,1043,156,autovla_misalignment_poc/outputs/prev_action_identity_decomposition/summary.json :: groups/A+/conditions/gt_history/recovery
11 prev_action_identity_decomposition,A+,gt_history,GT-history,ade5,0.5096,0.3988,0.6111,m,,,,1.5703156459559058e-91,vs Normal: Wilcoxon,1043,156,autovla_misalignment_poc/outputs/prev_action_identity_decomposition/summary.json :: groups/A+/conditions/gt_history/ade5
11 prev_action_identity_decomposition,A+,recent_gt,GT token (Recent-GT),amplification,0.6711,0.0952,1.7227,%,,,,9.334883088740753e-09,vs Normal: McNemar exact,1043,156,autovla_misalignment_poc/outputs/prev_action_identity_decomposition/summary.json :: groups/A+/conditions/recent_gt/amplification
11 prev_action_identity_decomposition,A+,recent_gt,GT token (Recent-GT),fde5,1.0545,0.8305,1.2242,m,,,,2.324742104175091e-79,vs Normal: Wilcoxon,1043,156,autovla_misalignment_poc/outputs/prev_action_identity_decomposition/summary.json :: groups/A+/conditions/recent_gt/fde5
11 prev_action_identity_decomposition,A+,recent_gt,GT token (Recent-GT),recovery,98.3701,97.0959,99.2462,%,,,,5.713613733093065e-08,vs Normal: McNemar exact,1043,156,autovla_misalignment_poc/outputs/prev_action_identity_decomposition/summary.json :: groups/A+/conditions/recent_gt/recovery
11 prev_action_identity_decomposition,A+,recent_gt,GT token (Recent-GT),ade5,0.5274,0.4118,0.6237,m,,,,1.7342311305390993e-83,vs Normal: Wilcoxon,1043,156,autovla_misalignment_poc/outputs/prev_action_identity_decomposition/summary.json :: groups/A+/conditions/recent_gt/ade5
11 prev_action_identity_decomposition,A+,geo_nn_gt,GT-motion nearest other token,amplification,0.767,0.3275,1.2717,%,97.2973,76.1576,171.4286,2.098677427397888e-07,vs Normal: McNemar exact,1043,156,autovla_misalignment_poc/outputs/prev_action_identity_decomposition/summary.json :: groups/A+/conditions/geo_nn_gt/amplification
11 prev_action_identity_decomposition,A+,geo_nn_gt,GT-motion nearest other token,fde5,1.3104,1.0187,1.5072,m,77.9172,67.2563,88.5937,3.517346482618973e-37,vs Normal: Wilcoxon,1043,156,autovla_misalignment_poc/outputs/prev_action_identity_decomposition/summary.json :: groups/A+/conditions/geo_nn_gt/fde5
11 prev_action_identity_decomposition,A+,geo_nn_gt,GT-motion nearest other token,recovery,98.1783,97.5103,98.9808,%,,,,4.5666107004454105e-07,vs Normal: McNemar exact,1043,156,autovla_misalignment_poc/outputs/prev_action_identity_decomposition/summary.json :: groups/A+/conditions/geo_nn_gt/recovery
11 prev_action_identity_decomposition,A+,geo_nn_gt,GT-motion nearest other token,ade5,0.6256,0.4814,0.7342,m,,,,5.817385100289589e-33,vs Normal: Wilcoxon,1043,156,autovla_misalignment_poc/outputs/prev_action_identity_decomposition/summary.json :: groups/A+/conditions/geo_nn_gt/ade5
11 prev_action_identity_decomposition,A+,emb_nn_gt,GT-embedding nearest other token,amplification,3.0681,1.2881,5.7529,%,32.4324,-89.4737,76.1985,0.17528579444303533,vs Normal: McNemar exact,1043,156,autovla_misalignment_poc/outputs/prev_action_identity_decomposition/summary.json :: groups/A+/conditions/emb_nn_gt/amplification
11 prev_action_identity_decomposition,A+,emb_nn_gt,GT-embedding nearest other token,fde5,1.7161,1.4505,2.0478,m,42.9071,1.8924,64.7192,5.746481476588232e-08,vs Normal: Wilcoxon,1043,156,autovla_misalignment_poc/outputs/prev_action_identity_decomposition/summary.json :: groups/A+/conditions/emb_nn_gt/fde5
11 prev_action_identity_decomposition,A+,emb_nn_gt,GT-embedding nearest other token,recovery,93.9597,90.81,96.7546,%,,,,0.7643534344026669,vs Normal: McNemar exact,1043,156,autovla_misalignment_poc/outputs/prev_action_identity_decomposition/summary.json :: groups/A+/conditions/emb_nn_gt/recovery
11 prev_action_identity_decomposition,A+,emb_nn_gt,GT-embedding nearest other token,ade5,0.7499,0.6326,0.885,m,,,,2.0885896266011455e-10,vs Normal: Wilcoxon,1043,156,autovla_misalignment_poc/outputs/prev_action_identity_decomposition/summary.json :: groups/A+/conditions/emb_nn_gt/ade5
11 prev_action_identity_decomposition,A+,geo_nn_self,self-motion nearest other token,amplification,7.1908,4.7879,10.0466,%,-83.7838,-288.75,-14.9286,0.00044964797164381224,vs Normal: McNemar exact,1043,156,autovla_misalignment_poc/outputs/prev_action_identity_decomposition/summary.json :: groups/A+/conditions/geo_nn_self/amplification
11 prev_action_identity_decomposition,A+,geo_nn_self,self-motion nearest other token,fde5,2.7418,2.3023,3.0375,m,-45.5919,-70.2217,-26.7027,1.3574568227238165e-21,vs Normal: Wilcoxon,1043,156,autovla_misalignment_poc/outputs/prev_action_identity_decomposition/summary.json :: groups/A+/conditions/geo_nn_self/fde5
11 prev_action_identity_decomposition,A+,geo_nn_self,self-motion nearest other token,recovery,91.4669,88.8889,93.7288,%,,,,0.0018240286456271994,vs Normal: McNemar exact,1043,156,autovla_misalignment_poc/outputs/prev_action_identity_decomposition/summary.json :: groups/A+/conditions/geo_nn_self/recovery
11 prev_action_identity_decomposition,A+,geo_nn_self,self-motion nearest other token,ade5,1.0986,0.904,1.2402,m,,,,4.200653360788602e-21,vs Normal: Wilcoxon,1043,156,autovla_misalignment_poc/outputs/prev_action_identity_decomposition/summary.json :: groups/A+/conditions/geo_nn_self/ade5
11 prev_action_identity_decomposition,A+,emb_nn_self,self-embedding nearest other token,amplification,11.9847,9.3616,15.6367,%,-218.9189,-700.0,-110.1837,5.820852423965583e-14,vs Normal: McNemar exact,1043,156,autovla_misalignment_poc/outputs/prev_action_identity_decomposition/summary.json :: groups/A+/conditions/emb_nn_self/amplification
11 prev_action_identity_decomposition,A+,emb_nn_self,self-embedding nearest other token,fde5,3.381,2.9382,3.8093,m,-100.7534,-171.0358,-65.4831,4.612890856496186e-38,vs Normal: Wilcoxon,1043,156,autovla_misalignment_poc/outputs/prev_action_identity_decomposition/summary.json :: groups/A+/conditions/emb_nn_self/fde5
11 prev_action_identity_decomposition,A+,emb_nn_self,self-embedding nearest other token,recovery,85.3308,81.0897,88.8766,%,,,,5.562319435603261e-15,vs Normal: McNemar exact,1043,156,autovla_misalignment_poc/outputs/prev_action_identity_decomposition/summary.json :: groups/A+/conditions/emb_nn_self/recovery
11 prev_action_identity_decomposition,A+,emb_nn_self,self-embedding nearest other token,ade5,1.2917,1.1034,1.4671,m,,,,6.490098190189527e-34,vs Normal: Wilcoxon,1043,156,autovla_misalignment_poc/outputs/prev_action_identity_decomposition/summary.json :: groups/A+/conditions/emb_nn_self/ade5
11 prev_action_identity_decomposition,A+,random_tok,random trained token,amplification,43.2407,37.2609,51.4787,%,-1100.0,-3303.3333,-645.7598,4.723922314787753e-99,vs Normal: McNemar exact,1043,156,autovla_misalignment_poc/outputs/prev_action_identity_decomposition/summary.json :: groups/A+/conditions/random_tok/amplification
11 prev_action_identity_decomposition,A+,random_tok,random trained token,fde5,8.3831,7.3841,9.6944,m,-532.3681,-846.6028,-397.3542,1.5824082434234863e-133,vs Normal: Wilcoxon,1043,156,autovla_misalignment_poc/outputs/prev_action_identity_decomposition/summary.json :: groups/A+/conditions/random_tok/fde5
11 prev_action_identity_decomposition,A+,random_tok,random trained token,recovery,53.4036,45.0133,59.6087,%,,,,1.6931161481850027e-102,vs Normal: McNemar exact,1043,156,autovla_misalignment_poc/outputs/prev_action_identity_decomposition/summary.json :: groups/A+/conditions/random_tok/recovery
11 prev_action_identity_decomposition,A+,random_tok,random trained token,ade5,3.3046,2.922,3.7359,m,,,,4.8301944685504903e-141,vs Normal: Wilcoxon,1043,156,autovla_misalignment_poc/outputs/prev_action_identity_decomposition/summary.json :: groups/A+/conditions/random_tok/ade5
11 prev_action_identity_decomposition,A+,mean_emb,[OOD] mean action embedding,amplification,40.4602,32.9192,49.3048,%,-1021.6216,-2957.5824,-580.8052,6.785177102591445e-94,vs Normal: McNemar exact,1043,156,autovla_misalignment_poc/outputs/prev_action_identity_decomposition/summary.json :: groups/A+/conditions/mean_emb/amplification
11 prev_action_identity_decomposition,A+,mean_emb,[OOD] mean action embedding,fde5,9.0533,7.841,10.6783,m,-590.192,-939.2583,-438.865,4.423645302004976e-130,vs Normal: Wilcoxon,1043,156,autovla_misalignment_poc/outputs/prev_action_identity_decomposition/summary.json :: groups/A+/conditions/mean_emb/fde5
11 prev_action_identity_decomposition,A+,mean_emb,[OOD] mean action embedding,recovery,57.4305,47.3764,65.5034,%,,,,2.342174649451643e-94,vs Normal: McNemar exact,1043,156,autovla_misalignment_poc/outputs/prev_action_identity_decomposition/summary.json :: groups/A+/conditions/mean_emb/recovery
11 prev_action_identity_decomposition,A+,mean_emb,[OOD] mean action embedding,ade5,3.3261,2.8694,3.8476,m,,,,2.0778359209550205e-130,vs Normal: Wilcoxon,1043,156,autovla_misalignment_poc/outputs/prev_action_identity_decomposition/summary.json :: groups/A+/conditions/mean_emb/ade5
11 prev_action_identity_decomposition,A+,gt_history - recent_gt,GT-history minus GT token,delta amplification,-0.0959,-0.4144,0.2571,pp,,,,1.0,McNemar exact,1043,,autovla_misalignment_poc/outputs/prev_action_identity_decomposition/summary.json :: groups/A+/vs_recent_gt/gt_history/amplification
11 prev_action_identity_decomposition,A+,gt_history - recent_gt,GT-history minus GT token,delta fde5,-0.0492,-0.0865,0.0119,m,,,,2.584727277366554e-05,Wilcoxon signed-rank,1043,,autovla_misalignment_poc/outputs/prev_action_identity_decomposition/summary.json :: groups/A+/vs_recent_gt/gt_history/fde5
11 prev_action_identity_decomposition,A+,geo_nn_gt - recent_gt,GT-motion nearest other token minus GT token,delta amplification,0.0959,-1.1482,0.9667,pp,,,,1.0,McNemar exact,1043,,autovla_misalignment_poc/outputs/prev_action_identity_decomposition/summary.json :: groups/A+/vs_recent_gt/geo_nn_gt/amplification
11 prev_action_identity_decomposition,A+,geo_nn_gt - recent_gt,GT-motion nearest other token minus GT token,delta fde5,0.2559,0.1291,0.3441,m,,,,3.855227684622728e-18,Wilcoxon signed-rank,1043,,autovla_misalignment_poc/outputs/prev_action_identity_decomposition/summary.json :: groups/A+/vs_recent_gt/geo_nn_gt/fde5
11 prev_action_identity_decomposition,A+,emb_nn_gt - recent_gt,GT-embedding nearest other token minus GT token,delta amplification,2.3969,0.8196,4.7687,pp,,,,4.12575900554657e-05,McNemar exact,1043,,autovla_misalignment_poc/outputs/prev_action_identity_decomposition/summary.json :: groups/A+/vs_recent_gt/emb_nn_gt/amplification
11 prev_action_identity_decomposition,A+,emb_nn_gt - recent_gt,GT-embedding nearest other token minus GT token,delta fde5,0.6617,0.4377,0.9868,m,,,,2.453174272015131e-48,Wilcoxon signed-rank,1043,,autovla_misalignment_poc/outputs/prev_action_identity_decomposition/summary.json :: groups/A+/vs_recent_gt/emb_nn_gt/fde5
11 prev_action_identity_decomposition,A+,geo_nn_self - recent_gt,self-motion nearest other token minus GT token,delta amplification,6.5197,3.9434,9.5063,pp,,,,1.4966458740841218e-16,McNemar exact,1043,,autovla_misalignment_poc/outputs/prev_action_identity_decomposition/summary.json :: groups/A+/vs_recent_gt/geo_nn_self/amplification
11 prev_action_identity_decomposition,A+,geo_nn_self - recent_gt,self-motion nearest other token minus GT token,delta fde5,1.6873,1.4111,1.8827,m,,,,5.655387451349143e-121,Wilcoxon signed-rank,1043,,autovla_misalignment_poc/outputs/prev_action_identity_decomposition/summary.json :: groups/A+/vs_recent_gt/geo_nn_self/fde5
11 prev_action_identity_decomposition,A+,emb_nn_self - recent_gt,self-embedding nearest other token minus GT token,delta amplification,11.3135,8.6065,15.0246,pp,,,,2.4315399222324126e-31,McNemar exact,1043,,autovla_misalignment_poc/outputs/prev_action_identity_decomposition/summary.json :: groups/A+/vs_recent_gt/emb_nn_self/amplification
11 prev_action_identity_decomposition,A+,emb_nn_self - recent_gt,self-embedding nearest other token minus GT token,delta fde5,2.3266,1.9507,2.7495,m,,,,5.278861349368048e-132,Wilcoxon signed-rank,1043,,autovla_misalignment_poc/outputs/prev_action_identity_decomposition/summary.json :: groups/A+/vs_recent_gt/emb_nn_self/fde5
11 prev_action_identity_decomposition,A+,random_tok - recent_gt,random trained token minus GT token,delta amplification,42.5695,36.4239,50.5536,pp,,,,4.9199359919431494e-132,McNemar exact,1043,,autovla_misalignment_poc/outputs/prev_action_identity_decomposition/summary.json :: groups/A+/vs_recent_gt/random_tok/amplification
11 prev_action_identity_decomposition,A+,random_tok - recent_gt,random trained token minus GT token,delta fde5,7.3287,6.3097,8.7711,m,,,,2.1625552600270346e-168,Wilcoxon signed-rank,1043,,autovla_misalignment_poc/outputs/prev_action_identity_decomposition/summary.json :: groups/A+/vs_recent_gt/random_tok/fde5
11 prev_action_identity_decomposition,A+,mean_emb - recent_gt,[OOD] mean action embedding minus GT token,delta amplification,39.7891,32.1615,48.606,pp,,,,1.2259159404697165e-118,McNemar exact,1043,,autovla_misalignment_poc/outputs/prev_action_identity_decomposition/summary.json :: groups/A+/vs_recent_gt/mean_emb/amplification
11 prev_action_identity_decomposition,A+,mean_emb - recent_gt,[OOD] mean action embedding minus GT token,delta fde5,7.9988,6.6942,9.7846,m,,,,1.4333682009612973e-162,Wilcoxon signed-rank,1043,,autovla_misalignment_poc/outputs/prev_action_identity_decomposition/summary.json :: groups/A+/vs_recent_gt/mean_emb/fde5
11 prev_action_identity_decomposition,A+,gt_history - normal,GT-history minus self token,delta amplification,-3.6433,-5.4885,-1.3233,pp,,,,5.100190492157708e-09,McNemar exact,1043,,autovla_misalignment_poc/outputs/prev_action_identity_decomposition/summary.json :: groups/A+/vs_normal/gt_history/amplification
11 prev_action_identity_decomposition,A+,gt_history - normal,GT-history minus self token,delta fde5,-1.2081,-1.41,-0.9265,m,,,,2.94001499093107e-89,Wilcoxon signed-rank,1043,,autovla_misalignment_poc/outputs/prev_action_identity_decomposition/summary.json :: groups/A+/vs_normal/gt_history/fde5
11 prev_action_identity_decomposition,A+,recent_gt - normal,GT token (Recent-GT) minus self token,delta amplification,-3.5475,-5.4082,-1.315,pp,,,,9.334883088740753e-09,McNemar exact,1043,,autovla_misalignment_poc/outputs/prev_action_identity_decomposition/summary.json :: groups/A+/vs_normal/recent_gt/amplification
11 prev_action_identity_decomposition,A+,recent_gt - normal,GT token (Recent-GT) minus self token,delta fde5,-1.1589,-1.3817,-0.8841,m,,,,2.324742104175091e-79,Wilcoxon signed-rank,1043,,autovla_misalignment_poc/outputs/prev_action_identity_decomposition/summary.json :: groups/A+/vs_normal/recent_gt/fde5
11 prev_action_identity_decomposition,A+,geo_nn_gt - normal,GT-motion nearest other token minus self token,delta amplification,-3.4516,-4.8877,-1.7936,pp,,,,2.098677427397888e-07,McNemar exact,1043,,autovla_misalignment_poc/outputs/prev_action_identity_decomposition/summary.json :: groups/A+/vs_normal/geo_nn_gt/amplification
11 prev_action_identity_decomposition,A+,geo_nn_gt - normal,GT-motion nearest other token minus self token,delta fde5,-0.903,-1.1518,-0.6178,m,,,,3.517346482618973e-37,Wilcoxon signed-rank,1043,,autovla_misalignment_poc/outputs/prev_action_identity_decomposition/summary.json :: groups/A+/vs_normal/geo_nn_gt/fde5
11 prev_action_identity_decomposition,A+,emb_nn_gt - normal,GT-embedding nearest other token minus self token,delta amplification,-1.1505,-3.226,1.9812,pp,,,,0.17528579444303533,McNemar exact,1043,,autovla_misalignment_poc/outputs/prev_action_identity_decomposition/summary.json :: groups/A+/vs_normal/emb_nn_gt/amplification
11 prev_action_identity_decomposition,A+,emb_nn_gt - normal,GT-embedding nearest other token minus self token,delta fde5,-0.4973,-0.8402,-0.0036,m,,,,5.746481476588232e-08,Wilcoxon signed-rank,1043,,autovla_misalignment_poc/outputs/prev_action_identity_decomposition/summary.json :: groups/A+/vs_normal/emb_nn_gt/fde5
11 prev_action_identity_decomposition,A+,geo_nn_self - normal,self-motion nearest other token minus self token,delta amplification,2.9722,0.6335,5.9084,pp,,,,0.00044964797164381224,McNemar exact,1043,,autovla_misalignment_poc/outputs/prev_action_identity_decomposition/summary.json :: groups/A+/vs_normal/geo_nn_self/amplification
11 prev_action_identity_decomposition,A+,geo_nn_self - normal,self-motion nearest other token minus self token,delta fde5,0.5284,0.3486,0.6846,m,,,,1.3574568227238165e-21,Wilcoxon signed-rank,1043,,autovla_misalignment_poc/outputs/prev_action_identity_decomposition/summary.json :: groups/A+/vs_normal/geo_nn_self/fde5
11 prev_action_identity_decomposition,A+,emb_nn_self - normal,self-embedding nearest other token minus self token,delta amplification,7.7661,5.1281,11.5337,pp,,,,5.820852423965583e-14,McNemar exact,1043,,autovla_misalignment_poc/outputs/prev_action_identity_decomposition/summary.json :: groups/A+/vs_normal/emb_nn_self/amplification
11 prev_action_identity_decomposition,A+,emb_nn_self - normal,self-embedding nearest other token minus self token,delta fde5,1.1677,0.8283,1.6569,m,,,,4.612890856496186e-38,Wilcoxon signed-rank,1043,,autovla_misalignment_poc/outputs/prev_action_identity_decomposition/summary.json :: groups/A+/vs_normal/emb_nn_self/fde5
11 prev_action_identity_decomposition,A+,random_tok - normal,random trained token minus self token,delta amplification,39.0221,32.6135,48.1068,pp,,,,4.723922314787753e-99,McNemar exact,1043,,autovla_misalignment_poc/outputs/prev_action_identity_decomposition/summary.json :: groups/A+/vs_normal/random_tok/amplification
11 prev_action_identity_decomposition,A+,random_tok - normal,random trained token minus self token,delta fde5,6.1697,5.1214,7.7222,m,,,,1.5824082434234863e-133,Wilcoxon signed-rank,1043,,autovla_misalignment_poc/outputs/prev_action_identity_decomposition/summary.json :: groups/A+/vs_normal/random_tok/fde5
11 prev_action_identity_decomposition,A+,mean_emb - normal,[OOD] mean action embedding minus self token,delta amplification,36.2416,28.5714,46.2556,pp,,,,6.785177102591445e-94,McNemar exact,1043,,autovla_misalignment_poc/outputs/prev_action_identity_decomposition/summary.json :: groups/A+/vs_normal/mean_emb/amplification
11 prev_action_identity_decomposition,A+,mean_emb - normal,[OOD] mean action embedding minus self token,delta fde5,6.8399,5.5698,8.7487,m,,,,4.423645302004976e-130,Wilcoxon signed-rank,1043,,autovla_misalignment_poc/outputs/prev_action_identity_decomposition/summary.json :: groups/A+/vs_normal/mean_emb/fde5
32 motion_semantics_ablation,A-,normal,self token (Normal AR),amplification,47.9452,37.8611,58.0189,%,,,,,,365,52,autovla_misalignment_poc/outputs/motion_semantics_ablation/summary.json :: groups/A-/conditions/normal/amplification
32 motion_semantics_ablation,A-,normal,self token (Normal AR),fde5,6.4878,5.2484,7.4638,m,,,,,,365,52,autovla_misalignment_poc/outputs/motion_semantics_ablation/summary.json :: groups/A-/conditions/normal/fde5
32 motion_semantics_ablation,A-,normal,self token (Normal AR),recovery,44.1096,34.9197,53.0795,%,,,,,,365,52,autovla_misalignment_poc/outputs/motion_semantics_ablation/summary.json :: groups/A-/conditions/normal/recovery
32 motion_semantics_ablation,A-,normal,self token (Normal AR),ade5,2.4251,2.0214,2.736,m,,,,,,365,52,autovla_misalignment_poc/outputs/motion_semantics_ablation/summary.json :: groups/A-/conditions/normal/ade5
32 motion_semantics_ablation,A-,recent_gt,GT token (Recent-GT),amplification,7.6712,4.2288,11.48,%,,,,4.203895392974451e-43,vs Normal: McNemar exact,365,52,autovla_misalignment_poc/outputs/motion_semantics_ablation/summary.json :: groups/A-/conditions/recent_gt/amplification
32 motion_semantics_ablation,A-,recent_gt,GT token (Recent-GT),fde5,2.3348,1.599,3.1587,m,,,,5.304033255286755e-54,vs Normal: Wilcoxon,365,52,autovla_misalignment_poc/outputs/motion_semantics_ablation/summary.json :: groups/A-/conditions/recent_gt/fde5
32 motion_semantics_ablation,A-,recent_gt,GT token (Recent-GT),recovery,89.3151,84.4203,93.1754,%,,,,3.8396937825184483e-47,vs Normal: McNemar exact,365,52,autovla_misalignment_poc/outputs/motion_semantics_ablation/summary.json :: groups/A-/conditions/recent_gt/recovery
32 motion_semantics_ablation,A-,recent_gt,GT token (Recent-GT),ade5,1.0742,0.7996,1.3529,m,,,,2.8640924382815057e-54,vs Normal: Wilcoxon,365,52,autovla_misalignment_poc/outputs/motion_semantics_ablation/summary.json :: groups/A-/conditions/recent_gt/ade5
32 motion_semantics_ablation,A-,dir_ok_mag_wrong,direction-correct / magnitude-wrong,amplification,17.2603,10.8301,23.0019,%,76.1905,64.665,90.7706,3.4901470455051125e-26,vs Normal: McNemar exact,365,52,autovla_misalignment_poc/outputs/motion_semantics_ablation/summary.json :: groups/A-/conditions/dir_ok_mag_wrong/amplification
32 motion_semantics_ablation,A-,dir_ok_mag_wrong,direction-correct / magnitude-wrong,fde5,3.6305,2.6642,4.2736,m,68.801,61.0651,85.4316,5.240292099665944e-32,vs Normal: Wilcoxon,365,52,autovla_misalignment_poc/outputs/motion_semantics_ablation/summary.json :: groups/A-/conditions/dir_ok_mag_wrong/fde5
32 motion_semantics_ablation,A-,dir_ok_mag_wrong,direction-correct / magnitude-wrong,recovery,75.3425,68.7957,81.138,%,,,,2.215016253400603e-23,vs Normal: McNemar exact,365,52,autovla_misalignment_poc/outputs/motion_semantics_ablation/summary.json :: groups/A-/conditions/dir_ok_mag_wrong/recovery
32 motion_semantics_ablation,A-,dir_ok_mag_wrong,direction-correct / magnitude-wrong,ade5,1.4974,1.1351,1.7328,m,,,,6.859701614846423e-33,vs Normal: Wilcoxon,365,52,autovla_misalignment_poc/outputs/motion_semantics_ablation/summary.json :: groups/A-/conditions/dir_ok_mag_wrong/ade5
32 motion_semantics_ablation,A-,dir_wrong_mag_ok,magnitude-correct / direction-wrong,amplification,26.3014,21.6345,34.1708,%,53.7415,32.91,64.018,2.7383052309526836e-13,vs Normal: McNemar exact,365,52,autovla_misalignment_poc/outputs/motion_semantics_ablation/summary.json :: groups/A-/conditions/dir_wrong_mag_ok/amplification
32 motion_semantics_ablation,A-,dir_wrong_mag_ok,magnitude-correct / direction-wrong,fde5,4.8437,4.0891,5.7035,m,39.5874,25.3937,47.4366,9.887268642032324e-14,vs Normal: Wilcoxon,365,52,autovla_misalignment_poc/outputs/motion_semantics_ablation/summary.json :: groups/A-/conditions/dir_wrong_mag_ok/fde5
32 motion_semantics_ablation,A-,dir_wrong_mag_ok,magnitude-correct / direction-wrong,recovery,66.0274,57.4755,71.5949,%,,,,4.578290964993516e-13,vs Normal: McNemar exact,365,52,autovla_misalignment_poc/outputs/motion_semantics_ablation/summary.json :: groups/A-/conditions/dir_wrong_mag_ok/recovery
32 motion_semantics_ablation,A-,dir_wrong_mag_ok,magnitude-correct / direction-wrong,ade5,1.9183,1.608,2.2276,m,,,,1.7171304795464303e-12,vs Normal: Wilcoxon,365,52,autovla_misalignment_poc/outputs/motion_semantics_ablation/summary.json :: groups/A-/conditions/dir_wrong_mag_ok/ade5
32 motion_semantics_ablation,A-,mirror_same_dist,"opposite side of GT, matched distance",amplification,13.6986,9.1495,18.8499,%,85.034,76.3631,91.3057,3.98708379363283e-29,vs Normal: McNemar exact,365,52,autovla_misalignment_poc/outputs/motion_semantics_ablation/summary.json :: groups/A-/conditions/mirror_same_dist/amplification
32 motion_semantics_ablation,A-,mirror_same_dist,"opposite side of GT, matched distance",fde5,3.133,2.2659,3.7951,m,80.7805,72.7991,91.6394,1.2592421324040304e-35,vs Normal: Wilcoxon,365,52,autovla_misalignment_poc/outputs/motion_semantics_ablation/summary.json :: groups/A-/conditions/mirror_same_dist/fde5
32 motion_semantics_ablation,A-,mirror_same_dist,"opposite side of GT, matched distance",recovery,82.1918,75.466,87.0813,%,,,,1.0101982379731631e-30,vs Normal: McNemar exact,365,52,autovla_misalignment_poc/outputs/motion_semantics_ablation/summary.json :: groups/A-/conditions/mirror_same_dist/recovery
32 motion_semantics_ablation,A-,mirror_same_dist,"opposite side of GT, matched distance",ade5,1.3417,1.0192,1.5943,m,,,,3.1316136100983723e-35,vs Normal: Wilcoxon,365,52,autovla_misalignment_poc/outputs/motion_semantics_ablation/summary.json :: groups/A-/conditions/mirror_same_dist/ade5
32 motion_semantics_ablation,A-,random_mag_matched,magnitude-matched random,amplification,19.1781,14.6759,25.2945,%,71.4286,55.7868,79.2687,3.798308531670695e-19,vs Normal: McNemar exact,365,52,autovla_misalignment_poc/outputs/motion_semantics_ablation/summary.json :: groups/A-/conditions/random_mag_matched/amplification
32 motion_semantics_ablation,A-,random_mag_matched,magnitude-matched random,fde5,3.8074,2.9001,4.5027,m,64.5411,58.5284,73.028,5.795147554371789e-22,vs Normal: Wilcoxon,365,52,autovla_misalignment_poc/outputs/motion_semantics_ablation/summary.json :: groups/A-/conditions/random_mag_matched/fde5
32 motion_semantics_ablation,A-,random_mag_matched,magnitude-matched random,recovery,70.137,60.7772,77.1194,%,,,,5.490738390168504e-15,vs Normal: McNemar exact,365,52,autovla_misalignment_poc/outputs/motion_semantics_ablation/summary.json :: groups/A-/conditions/random_mag_matched/recovery
32 motion_semantics_ablation,A-,random_mag_matched,magnitude-matched random,ade5,1.5702,1.2252,1.8141,m,,,,1.0867489761144784e-20,vs Normal: Wilcoxon,365,52,autovla_misalignment_poc/outputs/motion_semantics_ablation/summary.json :: groups/A-/conditions/random_mag_matched/ade5
32 motion_semantics_ablation,A-,dir_ok_mag_wrong - recent_gt,direction-correct / magnitude-wrong minus GT token,delta amplification,9.589,3.6357,15.9426,pp,,,,3.6245783263666453e-07,McNemar exact,365,,autovla_misalignment_poc/outputs/motion_semantics_ablation/summary.json :: groups/A-/vs_recent_gt/dir_ok_mag_wrong/amplification
32 motion_semantics_ablation,A-,dir_ok_mag_wrong - recent_gt,direction-correct / magnitude-wrong minus GT token,delta fde5,1.2957,0.5263,1.7779,m,,,,2.8499079220629817e-18,Wilcoxon signed-rank,365,,autovla_misalignment_poc/outputs/motion_semantics_ablation/summary.json :: groups/A-/vs_recent_gt/dir_ok_mag_wrong/fde5
32 motion_semantics_ablation,A-,dir_wrong_mag_ok - recent_gt,magnitude-correct / direction-wrong minus GT token,delta amplification,18.6301,13.6495,26.9438,pp,,,,3.33213360770301e-14,McNemar exact,365,,autovla_misalignment_poc/outputs/motion_semantics_ablation/summary.json :: groups/A-/vs_recent_gt/dir_wrong_mag_ok/amplification
32 motion_semantics_ablation,A-,dir_wrong_mag_ok - recent_gt,magnitude-correct / direction-wrong minus GT token,delta fde5,2.509,2.047,2.977,m,,,,9.467858593539177e-38,Wilcoxon signed-rank,365,,autovla_misalignment_poc/outputs/motion_semantics_ablation/summary.json :: groups/A-/vs_recent_gt/dir_wrong_mag_ok/fde5
32 motion_semantics_ablation,A-,mirror_same_dist - recent_gt,"opposite side of GT, matched distance minus GT token",delta amplification,6.0274,3.4842,9.8776,pp,,,,0.0006795482549932785,McNemar exact,365,,autovla_misalignment_poc/outputs/motion_semantics_ablation/summary.json :: groups/A-/vs_recent_gt/mirror_same_dist/amplification
32 motion_semantics_ablation,A-,mirror_same_dist - recent_gt,"opposite side of GT, matched distance minus GT token",delta fde5,0.7982,0.3088,1.0997,m,,,,4.3680279159467627e-10,Wilcoxon signed-rank,365,,autovla_misalignment_poc/outputs/motion_semantics_ablation/summary.json :: groups/A-/vs_recent_gt/mirror_same_dist/fde5
32 motion_semantics_ablation,A-,random_mag_matched - recent_gt,magnitude-matched random minus GT token,delta amplification,11.5068,8.2503,17.3389,pp,,,,1.0058579844832594e-07,McNemar exact,365,,autovla_misalignment_poc/outputs/motion_semantics_ablation/summary.json :: groups/A-/vs_recent_gt/random_mag_matched/amplification
32 motion_semantics_ablation,A-,random_mag_matched - recent_gt,magnitude-matched random minus GT token,delta fde5,1.4726,1.0712,1.777,m,,,,4.3449426635661336e-24,Wilcoxon signed-rank,365,,autovla_misalignment_poc/outputs/motion_semantics_ablation/summary.json :: groups/A-/vs_recent_gt/random_mag_matched/fde5
32 motion_semantics_ablation,A-,recent_gt - normal,GT token (Recent-GT) minus self token,delta amplification,-40.274,-51.5896,-28.4878,pp,,,,4.203895392974451e-43,McNemar exact,365,,autovla_misalignment_poc/outputs/motion_semantics_ablation/summary.json :: groups/A-/vs_normal/recent_gt/amplification
32 motion_semantics_ablation,A-,recent_gt - normal,GT token (Recent-GT) minus self token,delta fde5,-4.1531,-4.7873,-3.3691,m,,,,5.304033255286755e-54,Wilcoxon signed-rank,365,,autovla_misalignment_poc/outputs/motion_semantics_ablation/summary.json :: groups/A-/vs_normal/recent_gt/fde5
32 motion_semantics_ablation,A-,dir_ok_mag_wrong - normal,direction-correct / magnitude-wrong minus self token,delta amplification,-30.6849,-40.2827,-21.5487,pp,,,,3.4901470455051125e-26,McNemar exact,365,,autovla_misalignment_poc/outputs/motion_semantics_ablation/summary.json :: groups/A-/vs_normal/dir_ok_mag_wrong/amplification
32 motion_semantics_ablation,A-,dir_ok_mag_wrong - normal,direction-correct / magnitude-wrong minus self token,delta fde5,-2.8574,-3.4064,-2.399,m,,,,5.240292099665944e-32,Wilcoxon signed-rank,365,,autovla_misalignment_poc/outputs/motion_semantics_ablation/summary.json :: groups/A-/vs_normal/dir_ok_mag_wrong/fde5
32 motion_semantics_ablation,A-,dir_wrong_mag_ok - normal,magnitude-correct / direction-wrong minus self token,delta amplification,-21.6438,-30.6817,-11.4601,pp,,,,2.7383052309526836e-13,McNemar exact,365,,autovla_misalignment_poc/outputs/motion_semantics_ablation/summary.json :: groups/A-/vs_normal/dir_wrong_mag_ok/amplification
32 motion_semantics_ablation,A-,dir_wrong_mag_ok - normal,magnitude-correct / direction-wrong minus self token,delta fde5,-1.6441,-2.1773,-0.9222,m,,,,9.887268642032324e-14,Wilcoxon signed-rank,365,,autovla_misalignment_poc/outputs/motion_semantics_ablation/summary.json :: groups/A-/vs_normal/dir_wrong_mag_ok/fde5
32 motion_semantics_ablation,A-,mirror_same_dist - normal,"opposite side of GT, matched distance minus self token",delta amplification,-34.2466,-43.9759,-22.7801,pp,,,,3.98708379363283e-29,McNemar exact,365,,autovla_misalignment_poc/outputs/motion_semantics_ablation/summary.json :: groups/A-/vs_normal/mirror_same_dist/amplification
32 motion_semantics_ablation,A-,mirror_same_dist - normal,"opposite side of GT, matched distance minus self token",delta fde5,-3.3549,-4.0363,-2.6264,m,,,,1.2592421324040304e-35,Wilcoxon signed-rank,365,,autovla_misalignment_poc/outputs/motion_semantics_ablation/summary.json :: groups/A-/vs_normal/mirror_same_dist/fde5
32 motion_semantics_ablation,A-,random_mag_matched - normal,magnitude-matched random minus self token,delta amplification,-28.7671,-38.4947,-16.9011,pp,,,,3.798308531670695e-19,McNemar exact,365,,autovla_misalignment_poc/outputs/motion_semantics_ablation/summary.json :: groups/A-/vs_normal/random_mag_matched/amplification
32 motion_semantics_ablation,A-,random_mag_matched - normal,magnitude-matched random minus self token,delta fde5,-2.6804,-3.2716,-2.1213,m,,,,5.795147554371789e-22,Wilcoxon signed-rank,365,,autovla_misalignment_poc/outputs/motion_semantics_ablation/summary.json :: groups/A-/vs_normal/random_mag_matched/fde5
32 motion_semantics_ablation,A+,normal,self token (Normal AR),amplification,4.3145,2.4895,6.0507,%,,,,,,1043,156,autovla_misalignment_poc/outputs/motion_semantics_ablation/summary.json :: groups/A+/conditions/normal/amplification
32 motion_semantics_ablation,A+,normal,self token (Normal AR),fde5,2.2272,1.7648,2.5833,m,,,,,,1043,156,autovla_misalignment_poc/outputs/motion_semantics_ablation/summary.json :: groups/A+/conditions/normal/fde5
32 motion_semantics_ablation,A+,normal,self token (Normal AR),recovery,94.3432,92.3577,96.6756,%,,,,,,1043,156,autovla_misalignment_poc/outputs/motion_semantics_ablation/summary.json :: groups/A+/conditions/normal/recovery
32 motion_semantics_ablation,A+,normal,self token (Normal AR),ade5,0.9517,0.7498,1.1171,m,,,,,,1043,156,autovla_misalignment_poc/outputs/motion_semantics_ablation/summary.json :: groups/A+/conditions/normal/ade5
32 motion_semantics_ablation,A+,recent_gt,GT token (Recent-GT),amplification,0.6711,0.0952,1.7227,%,,,,5.100190492157708e-09,vs Normal: McNemar exact,1043,156,autovla_misalignment_poc/outputs/motion_semantics_ablation/summary.json :: groups/A+/conditions/recent_gt/amplification
32 motion_semantics_ablation,A+,recent_gt,GT token (Recent-GT),fde5,1.0562,0.8353,1.2242,m,,,,1.7790102141122766e-79,vs Normal: Wilcoxon,1043,156,autovla_misalignment_poc/outputs/motion_semantics_ablation/summary.json :: groups/A+/conditions/recent_gt/fde5
32 motion_semantics_ablation,A+,recent_gt,GT token (Recent-GT),recovery,98.466,97.1266,99.3644,%,,,,3.382168502403561e-08,vs Normal: McNemar exact,1043,156,autovla_misalignment_poc/outputs/motion_semantics_ablation/summary.json :: groups/A+/conditions/recent_gt/recovery
32 motion_semantics_ablation,A+,recent_gt,GT token (Recent-GT),ade5,0.527,0.4131,0.6251,m,,,,1.3258704667781079e-83,vs Normal: Wilcoxon,1043,156,autovla_misalignment_poc/outputs/motion_semantics_ablation/summary.json :: groups/A+/conditions/recent_gt/ade5
32 motion_semantics_ablation,A+,dir_ok_mag_wrong,direction-correct / magnitude-wrong,amplification,3.7392,2.449,5.0542,%,15.7895,-107.1703,57.1607,0.5764306261883931,vs Normal: McNemar exact,1043,156,autovla_misalignment_poc/outputs/motion_semantics_ablation/summary.json :: groups/A+/conditions/dir_ok_mag_wrong/amplification
32 motion_semantics_ablation,A+,dir_ok_mag_wrong,direction-correct / magnitude-wrong,fde5,1.8496,1.5496,2.1608,m,32.2421,7.0553,45.8447,3.446239082717136e-07,vs Normal: Wilcoxon,1043,156,autovla_misalignment_poc/outputs/motion_semantics_ablation/summary.json :: groups/A+/conditions/dir_ok_mag_wrong/fde5
32 motion_semantics_ablation,A+,dir_ok_mag_wrong,direction-correct / magnitude-wrong,recovery,93.5762,91.748,95.3659,%,,,,0.48843446453263273,vs Normal: McNemar exact,1043,156,autovla_misalignment_poc/outputs/motion_semantics_ablation/summary.json :: groups/A+/conditions/dir_ok_mag_wrong/recovery
32 motion_semantics_ablation,A+,dir_ok_mag_wrong,direction-correct / magnitude-wrong,ade5,0.7889,0.6344,0.9403,m,,,,7.057336096490575e-09,vs Normal: Wilcoxon,1043,156,autovla_misalignment_poc/outputs/motion_semantics_ablation/summary.json :: groups/A+/conditions/dir_ok_mag_wrong/ade5
32 motion_semantics_ablation,A+,dir_wrong_mag_ok,magnitude-correct / direction-wrong,amplification,8.629,5.466,12.2711,%,-118.4211,-379.0909,-40.6804,1.0705258229134963e-05,vs Normal: McNemar exact,1043,156,autovla_misalignment_poc/outputs/motion_semantics_ablation/summary.json :: groups/A+/conditions/dir_wrong_mag_ok/amplification
32 motion_semantics_ablation,A+,dir_wrong_mag_ok,magnitude-correct / direction-wrong,fde5,2.3921,1.9192,2.8567,m,-14.0849,-49.203,13.5954,0.7557527935119757,vs Normal: Wilcoxon,1043,156,autovla_misalignment_poc/outputs/motion_semantics_ablation/summary.json :: groups/A+/conditions/dir_wrong_mag_ok/fde5
32 motion_semantics_ablation,A+,dir_wrong_mag_ok,magnitude-correct / direction-wrong,recovery,88.3988,84.1087,92.1011,%,,,,3.81094538709223e-08,vs Normal: McNemar exact,1043,156,autovla_misalignment_poc/outputs/motion_semantics_ablation/summary.json :: groups/A+/conditions/dir_wrong_mag_ok/recovery
32 motion_semantics_ablation,A+,dir_wrong_mag_ok,magnitude-correct / direction-wrong,ade5,0.9664,0.7728,1.1753,m,,,,0.16207288666140662,vs Normal: Wilcoxon,1043,156,autovla_misalignment_poc/outputs/motion_semantics_ablation/summary.json :: groups/A+/conditions/dir_wrong_mag_ok/ade5
32 motion_semantics_ablation,A+,mirror_same_dist,"opposite side of GT, matched distance",amplification,3.164,1.8892,4.1844,%,31.5789,-36.3636,65.6332,0.14800580076020603,vs Normal: McNemar exact,1043,156,autovla_misalignment_poc/outputs/motion_semantics_ablation/summary.json :: groups/A+/conditions/mirror_same_dist/amplification
32 motion_semantics_ablation,A+,mirror_same_dist,"opposite side of GT, matched distance",fde5,1.6204,1.2875,1.85,m,51.8194,37.7979,65.4505,3.47939433984167e-15,vs Normal: Wilcoxon,1043,156,autovla_misalignment_poc/outputs/motion_semantics_ablation/summary.json :: groups/A+/conditions/mirror_same_dist/fde5
32 motion_semantics_ablation,A+,mirror_same_dist,"opposite side of GT, matched distance",recovery,93.2886,90.6239,95.3017,%,,,,0.29446978456853373,vs Normal: McNemar exact,1043,156,autovla_misalignment_poc/outputs/motion_semantics_ablation/summary.json :: groups/A+/conditions/mirror_same_dist/recovery
32 motion_semantics_ablation,A+,mirror_same_dist,"opposite side of GT, matched distance",ade5,0.6957,0.5346,0.8165,m,,,,1.5868201654075813e-21,vs Normal: Wilcoxon,1043,156,autovla_misalignment_poc/outputs/motion_semantics_ablation/summary.json :: groups/A+/conditions/mirror_same_dist/ade5
32 motion_semantics_ablation,A+,random_mag_matched,magnitude-matched random,amplification,11.6012,8.1012,14.358,%,-200.0,-568.5714,-74.875,5.4871722699138016e-11,vs Normal: McNemar exact,1043,156,autovla_misalignment_poc/outputs/motion_semantics_ablation/summary.json :: groups/A+/conditions/random_mag_matched/amplification
32 motion_semantics_ablation,A+,random_mag_matched,magnitude-matched random,fde5,2.9144,2.4767,3.2588,m,-58.6831,-100.5532,-25.2006,3.3343257940586088e-15,vs Normal: Wilcoxon,1043,156,autovla_misalignment_poc/outputs/motion_semantics_ablation/summary.json :: groups/A+/conditions/random_mag_matched/fde5
32 motion_semantics_ablation,A+,random_mag_matched,magnitude-matched random,recovery,82.7421,79.1057,87.1947,%,,,,5.258683396651357e-19,vs Normal: McNemar exact,1043,156,autovla_misalignment_poc/outputs/motion_semantics_ablation/summary.json :: groups/A+/conditions/random_mag_matched/recovery
32 motion_semantics_ablation,A+,random_mag_matched,magnitude-matched random,ade5,1.1757,1.0013,1.3214,m,,,,5.610663136964457e-13,vs Normal: Wilcoxon,1043,156,autovla_misalignment_poc/outputs/motion_semantics_ablation/summary.json :: groups/A+/conditions/random_mag_matched/ade5
32 motion_semantics_ablation,A+,dir_ok_mag_wrong - recent_gt,direction-correct / magnitude-wrong minus GT token,delta amplification,3.0681,1.5567,4.4987,pp,,,,1.831543272601266e-06,McNemar exact,1043,,autovla_misalignment_poc/outputs/motion_semantics_ablation/summary.json :: groups/A+/vs_recent_gt/dir_ok_mag_wrong/amplification
32 motion_semantics_ablation,A+,dir_ok_mag_wrong - recent_gt,direction-correct / magnitude-wrong minus GT token,delta fde5,0.7934,0.6647,0.9816,m,,,,4.780050230286676e-53,Wilcoxon signed-rank,1043,,autovla_misalignment_poc/outputs/motion_semantics_ablation/summary.json :: groups/A+/vs_recent_gt/dir_ok_mag_wrong/fde5
32 motion_semantics_ablation,A+,dir_wrong_mag_ok - recent_gt,magnitude-correct / direction-wrong minus GT token,delta amplification,7.9578,4.615,11.7085,pp,,,,2.260482665715688e-21,McNemar exact,1043,,autovla_misalignment_poc/outputs/motion_semantics_ablation/summary.json :: groups/A+/vs_recent_gt/dir_wrong_mag_ok/amplification
32 motion_semantics_ablation,A+,dir_wrong_mag_ok - recent_gt,magnitude-correct / direction-wrong minus GT token,delta fde5,1.3359,0.9903,1.7053,m,,,,3.0810952497574505e-68,Wilcoxon signed-rank,1043,,autovla_misalignment_poc/outputs/motion_semantics_ablation/summary.json :: groups/A+/vs_recent_gt/dir_wrong_mag_ok/fde5
32 motion_semantics_ablation,A+,mirror_same_dist - recent_gt,"opposite side of GT, matched distance minus GT token",delta amplification,2.4928,0.8606,3.7441,pp,,,,2.4342560209333897e-05,McNemar exact,1043,,autovla_misalignment_poc/outputs/motion_semantics_ablation/summary.json :: groups/A+/vs_recent_gt/mirror_same_dist/amplification
32 motion_semantics_ablation,A+,mirror_same_dist - recent_gt,"opposite side of GT, matched distance minus GT token",delta fde5,0.5642,0.3893,0.6847,m,,,,7.425996585368703e-33,Wilcoxon signed-rank,1043,,autovla_misalignment_poc/outputs/motion_semantics_ablation/summary.json :: groups/A+/vs_recent_gt/mirror_same_dist/fde5
32 motion_semantics_ablation,A+,random_mag_matched - recent_gt,magnitude-matched random minus GT token,delta amplification,10.93,7.0397,13.891,pp,,,,2.2085107929633282e-29,McNemar exact,1043,,autovla_misalignment_poc/outputs/motion_semantics_ablation/summary.json :: groups/A+/vs_recent_gt/random_mag_matched/amplification
32 motion_semantics_ablation,A+,random_mag_matched - recent_gt,magnitude-matched random minus GT token,delta fde5,1.8581,1.4982,2.1358,m,,,,1.1553649301231265e-117,Wilcoxon signed-rank,1043,,autovla_misalignment_poc/outputs/motion_semantics_ablation/summary.json :: groups/A+/vs_recent_gt/random_mag_matched/fde5
32 motion_semantics_ablation,A+,recent_gt - normal,GT token (Recent-GT) minus self token,delta amplification,-3.6433,-5.6016,-1.3301,pp,,,,5.100190492157708e-09,McNemar exact,1043,,autovla_misalignment_poc/outputs/motion_semantics_ablation/summary.json :: groups/A+/vs_normal/recent_gt/amplification
32 motion_semantics_ablation,A+,recent_gt - normal,GT token (Recent-GT) minus self token,delta fde5,-1.171,-1.4034,-0.8729,m,,,,1.7790102141122766e-79,Wilcoxon signed-rank,1043,,autovla_misalignment_poc/outputs/motion_semantics_ablation/summary.json :: groups/A+/vs_normal/recent_gt/fde5
32 motion_semantics_ablation,A+,dir_ok_mag_wrong - normal,direction-correct / magnitude-wrong minus self token,delta amplification,-0.5753,-2.6159,1.7845,pp,,,,0.5764306261883931,McNemar exact,1043,,autovla_misalignment_poc/outputs/motion_semantics_ablation/summary.json :: groups/A+/vs_normal/dir_ok_mag_wrong/amplification
32 motion_semantics_ablation,A+,dir_ok_mag_wrong - normal,direction-correct / magnitude-wrong minus self token,delta fde5,-0.3775,-0.6021,-0.0793,m,,,,3.446239082717136e-07,Wilcoxon signed-rank,1043,,autovla_misalignment_poc/outputs/motion_semantics_ablation/summary.json :: groups/A+/vs_normal/dir_ok_mag_wrong/fde5
32 motion_semantics_ablation,A+,dir_wrong_mag_ok - normal,magnitude-correct / direction-wrong minus self token,delta amplification,4.3145,1.7693,7.5159,pp,,,,1.0705258229134963e-05,McNemar exact,1043,,autovla_misalignment_poc/outputs/motion_semantics_ablation/summary.json :: groups/A+/vs_normal/dir_wrong_mag_ok/amplification
32 motion_semantics_ablation,A+,dir_wrong_mag_ok - normal,magnitude-correct / direction-wrong minus self token,delta fde5,0.1649,-0.1482,0.4966,m,,,,0.7557527935119757,Wilcoxon signed-rank,1043,,autovla_misalignment_poc/outputs/motion_semantics_ablation/summary.json :: groups/A+/vs_normal/dir_wrong_mag_ok/fde5
32 motion_semantics_ablation,A+,mirror_same_dist - normal,"opposite side of GT, matched distance minus self token",delta amplification,-1.1505,-2.6631,0.6013,pp,,,,0.14800580076020603,McNemar exact,1043,,autovla_misalignment_poc/outputs/motion_semantics_ablation/summary.json :: groups/A+/vs_normal/mirror_same_dist/amplification
32 motion_semantics_ablation,A+,mirror_same_dist - normal,"opposite side of GT, matched distance minus self token",delta fde5,-0.6068,-0.8568,-0.3439,m,,,,3.47939433984167e-15,Wilcoxon signed-rank,1043,,autovla_misalignment_poc/outputs/motion_semantics_ablation/summary.json :: groups/A+/vs_normal/mirror_same_dist/fde5
32 motion_semantics_ablation,A+,random_mag_matched - normal,magnitude-matched random minus self token,delta amplification,7.2867,3.4721,10.338,pp,,,,5.4871722699138016e-11,McNemar exact,1043,,autovla_misalignment_poc/outputs/motion_semantics_ablation/summary.json :: groups/A+/vs_normal/random_mag_matched/amplification
32 motion_semantics_ablation,A+,random_mag_matched - normal,magnitude-matched random minus self token,delta fde5,0.6872,0.3457,0.9868,m,,,,3.3343257940586088e-15,Wilcoxon signed-rank,1043,,autovla_misalignment_poc/outputs/motion_semantics_ablation/summary.json :: groups/A+/vs_normal/random_mag_matched/fde5
32 motion_semantics_ablation,A-,dir_wrong_mag_ok-dir_ok_mag_wrong,row contrast (paired),delta amplification,9.0411,3.125,18.7027,pp,,,,0.0006102590502807983,McNemar exact,365,,autovla_misalignment_poc/outputs/motion_semantics_ablation/row_contrasts.json :: A- dir_wrong_mag_ok-dir_ok_mag_wrong amplification
32 motion_semantics_ablation,A-,dir_wrong_mag_ok-dir_ok_mag_wrong,row contrast (paired),delta fde5,1.2133,0.7391,2.0015,m,,,,9.750104909062571e-09,Wilcoxon signed-rank,365,,autovla_misalignment_poc/outputs/motion_semantics_ablation/row_contrasts.json :: A- dir_wrong_mag_ok-dir_ok_mag_wrong fde5
32 motion_semantics_ablation,A-,mirror_same_dist-normal,row contrast (paired),delta amplification,-34.2466,-43.9759,-22.7801,pp,,,,3.98708379363283e-29,McNemar exact,365,,autovla_misalignment_poc/outputs/motion_semantics_ablation/row_contrasts.json :: A- mirror_same_dist-normal amplification
32 motion_semantics_ablation,A-,mirror_same_dist-normal,row contrast (paired),delta fde5,-3.3549,-4.0363,-2.6264,m,,,,1.2592421324040304e-35,Wilcoxon signed-rank,365,,autovla_misalignment_poc/outputs/motion_semantics_ablation/row_contrasts.json :: A- mirror_same_dist-normal fde5
32 motion_semantics_ablation,A-,random_mag_matched-dir_ok_mag_wrong,row contrast (paired),delta amplification,1.9178,-2.9328,9.4957,pp,,,,0.49438227369550003,McNemar exact,365,,autovla_misalignment_poc/outputs/motion_semantics_ablation/row_contrasts.json :: A- random_mag_matched-dir_ok_mag_wrong amplification
32 motion_semantics_ablation,A-,random_mag_matched-dir_ok_mag_wrong,row contrast (paired),delta fde5,0.1769,-0.2552,0.7562,m,,,,0.009137010149871363,Wilcoxon signed-rank,365,,autovla_misalignment_poc/outputs/motion_semantics_ablation/row_contrasts.json :: A- random_mag_matched-dir_ok_mag_wrong fde5
32 motion_semantics_ablation,A-,dir_wrong_mag_ok-mirror_same_dist,row contrast (paired),delta amplification,12.6027,7.0115,21.0532,pp,,,,4.748492975346606e-07,McNemar exact,365,,autovla_misalignment_poc/outputs/motion_semantics_ablation/row_contrasts.json :: A- dir_wrong_mag_ok-mirror_same_dist amplification
32 motion_semantics_ablation,A-,dir_wrong_mag_ok-mirror_same_dist,row contrast (paired),delta fde5,1.7108,1.3298,2.2998,m,,,,3.068090363177653e-20,Wilcoxon signed-rank,365,,autovla_misalignment_poc/outputs/motion_semantics_ablation/row_contrasts.json :: A- dir_wrong_mag_ok-mirror_same_dist fde5
32 motion_semantics_ablation,A+,dir_wrong_mag_ok-dir_ok_mag_wrong,row contrast (paired),delta amplification,4.8897,2.0505,7.9782,pp,,,,3.7231423277541645e-07,McNemar exact,1043,,autovla_misalignment_poc/outputs/motion_semantics_ablation/row_contrasts.json :: A+ dir_wrong_mag_ok-dir_ok_mag_wrong amplification
32 motion_semantics_ablation,A+,dir_wrong_mag_ok-dir_ok_mag_wrong,row contrast (paired),delta fde5,0.5425,0.2728,0.7683,m,,,,0.0007406592622558394,Wilcoxon signed-rank,1043,,autovla_misalignment_poc/outputs/motion_semantics_ablation/row_contrasts.json :: A+ dir_wrong_mag_ok-dir_ok_mag_wrong fde5
32 motion_semantics_ablation,A+,mirror_same_dist-normal,row contrast (paired),delta amplification,-1.1505,-2.6631,0.6013,pp,,,,0.14800580076020603,McNemar exact,1043,,autovla_misalignment_poc/outputs/motion_semantics_ablation/row_contrasts.json :: A+ mirror_same_dist-normal amplification
32 motion_semantics_ablation,A+,mirror_same_dist-normal,row contrast (paired),delta fde5,-0.6068,-0.8568,-0.3439,m,,,,3.47939433984167e-15,Wilcoxon signed-rank,1043,,autovla_misalignment_poc/outputs/motion_semantics_ablation/row_contrasts.json :: A+ mirror_same_dist-normal fde5
32 motion_semantics_ablation,A+,random_mag_matched-dir_ok_mag_wrong,row contrast (paired),delta amplification,7.8619,4.5118,10.6045,pp,,,,1.6638844634724402e-12,McNemar exact,1043,,autovla_misalignment_poc/outputs/motion_semantics_ablation/row_contrasts.json :: A+ random_mag_matched-dir_ok_mag_wrong amplification
32 motion_semantics_ablation,A+,random_mag_matched-dir_ok_mag_wrong,row contrast (paired),delta fde5,1.0647,0.703,1.3735,m,,,,8.038050257933979e-39,Wilcoxon signed-rank,1043,,autovla_misalignment_poc/outputs/motion_semantics_ablation/row_contrasts.json :: A+ random_mag_matched-dir_ok_mag_wrong fde5
32 motion_semantics_ablation,A+,dir_wrong_mag_ok-mirror_same_dist,row contrast (paired),delta amplification,5.465,2.3951,9.1453,pp,,,,4.590760083258195e-09,McNemar exact,1043,,autovla_misalignment_poc/outputs/motion_semantics_ablation/row_contrasts.json :: A+ dir_wrong_mag_ok-mirror_same_dist amplification
32 motion_semantics_ablation,A+,dir_wrong_mag_ok-mirror_same_dist,row contrast (paired),delta fde5,0.7717,0.4815,1.1176,m,,,,3.667165955976481e-15,Wilcoxon signed-rank,1043,,autovla_misalignment_poc/outputs/motion_semantics_ablation/row_contrasts.json :: A+ dir_wrong_mag_ok-mirror_same_dist fde5
11 prev_action_identity_decomposition,A-,joint regression coef per 1 SD of dgeo,geometry (motion) vs embedding,delta fde5,1.9871,1.5178,2.7043,m per SD,,,,,log-cluster bootstrap 1000 reps,1460,,autovla_misalignment_poc/outputs/prev_action_identity_decomposition/summary.json :: geometry_vs_embedding/A-/fde5/dgeo
11 prev_action_identity_decomposition,A-,joint regression coef per 1 SD of dcos,geometry (motion) vs embedding,delta fde5,0.4965,0.0369,0.9692,m per SD,,,,,log-cluster bootstrap 1000 reps,1460,,autovla_misalignment_poc/outputs/prev_action_identity_decomposition/summary.json :: geometry_vs_embedding/A-/fde5/dcos
11 prev_action_identity_decomposition,A-,joint regression coef per 1 SD of dgeo,geometry (motion) vs embedding,delta amplification,16.0664,12.213,21.5312,pp per SD,,,,,log-cluster bootstrap 1000 reps,1460,,autovla_misalignment_poc/outputs/prev_action_identity_decomposition/summary.json :: geometry_vs_embedding/A-/amplification/dgeo
11 prev_action_identity_decomposition,A-,joint regression coef per 1 SD of dcos,geometry (motion) vs embedding,delta amplification,4.4153,-0.3997,8.2101,pp per SD,,,,,log-cluster bootstrap 1000 reps,1460,,autovla_misalignment_poc/outputs/prev_action_identity_decomposition/summary.json :: geometry_vs_embedding/A-/amplification/dcos
11 prev_action_identity_decomposition,A+,joint regression coef per 1 SD of dgeo,geometry (motion) vs embedding,delta fde5,0.6011,0.3548,0.9302,m per SD,,,,,log-cluster bootstrap 1000 reps,4172,,autovla_misalignment_poc/outputs/prev_action_identity_decomposition/summary.json :: geometry_vs_embedding/A+/fde5/dgeo
11 prev_action_identity_decomposition,A+,joint regression coef per 1 SD of dcos,geometry (motion) vs embedding,delta fde5,0.1169,-0.0054,0.2972,m per SD,,,,,log-cluster bootstrap 1000 reps,4172,,autovla_misalignment_poc/outputs/prev_action_identity_decomposition/summary.json :: geometry_vs_embedding/A+/fde5/dcos
11 prev_action_identity_decomposition,A+,joint regression coef per 1 SD of dgeo,geometry (motion) vs embedding,delta amplification,4.0931,2.7866,6.1155,pp per SD,,,,,log-cluster bootstrap 1000 reps,4172,,autovla_misalignment_poc/outputs/prev_action_identity_decomposition/summary.json :: geometry_vs_embedding/A+/amplification/dgeo
11 prev_action_identity_decomposition,A+,joint regression coef per 1 SD of dcos,geometry (motion) vs embedding,delta amplification,0.9029,-0.0479,2.325,pp per SD,,,,,log-cluster bootstrap 1000 reps,4172,,autovla_misalignment_poc/outputs/prev_action_identity_decomposition/summary.json :: geometry_vs_embedding/A+/amplification/dcos
11 prev_action_identity_decomposition,both,joint regression coef per 1 SD of dgeo,geometry (motion) vs embedding,delta fde5,0.9995,0.7298,1.3106,m per SD,,,,,log-cluster bootstrap 1000 reps,5632,,autovla_misalignment_poc/outputs/prev_action_identity_decomposition/summary.json :: geometry_vs_embedding/both/fde5/dgeo
11 prev_action_identity_decomposition,both,joint regression coef per 1 SD of dcos,geometry (motion) vs embedding,delta fde5,0.0303,-0.1321,0.1886,m per SD,,,,,log-cluster bootstrap 1000 reps,5632,,autovla_misalignment_poc/outputs/prev_action_identity_decomposition/summary.json :: geometry_vs_embedding/both/fde5/dcos
11 prev_action_identity_decomposition,both,joint regression coef per 1 SD of dgeo,geometry (motion) vs embedding,delta amplification,7.7978,5.8744,10.3244,pp per SD,,,,,log-cluster bootstrap 1000 reps,5632,,autovla_misalignment_poc/outputs/prev_action_identity_decomposition/summary.json :: geometry_vs_embedding/both/amplification/dgeo
11 prev_action_identity_decomposition,both,joint regression coef per 1 SD of dcos,geometry (motion) vs embedding,delta amplification,-0.0869,-1.5308,1.1962,pp per SD,,,,,log-cluster bootstrap 1000 reps,5632,,autovla_misalignment_poc/outputs/prev_action_identity_decomposition/summary.json :: geometry_vs_embedding/both/amplification/dcos
