method,condition_key,experiment,EPDMS,delta,ci95_low,ci95_high,N_logs,N_groups,deployable,source
"No selection (natural plan, cand. 0)",normal,exp26,0.2287,+0.0000,+0.0000,+0.0000,76,225,yes,outputs/navhard_full_validation/navhard_full_comparison.json :: pooled.rules.normal.epdms (+groups_better_worse_tied)
Rank-sum (entropy rank + log-lik rank),ranksum,exp26,0.2482,+0.0196,+0.0028,+0.0372,76,225,yes,outputs/navhard_full_validation/navhard_full_comparison.json :: pooled.rules.ranksum.epdms (+groups_better_worse_tied)
Max log-likelihood,max_loglik,exp26,0.2486,+0.0199,+0.0080,+0.0325,76,225,yes,outputs/navhard_full_validation/navhard_full_comparison.json :: pooled.rules.max_loglik.epdms (+groups_better_worse_tied)
Collision constraint only,collision_only (comp_collision),exp29,0.2407,+0.0121,+0.0054,+0.0198,76,225,yes,outputs/safety_filter_components/components.json :: full.means.collision_only.epdms ; full.contrasts['collision_only - no_filter'].epdms
Drivable-area constraint only,dac_only (comp_dac),exp29,0.3154,+0.0868,+0.0664,+0.1059,76,225,yes,outputs/safety_filter_components/components.json :: full.means.dac_only.epdms ; full.contrasts['dac_only - no_filter'].epdms
"Safety filter only (collision + DA, keep natural if safe)",filter_only (= collision_dac),exp27,0.3333,+0.1046,+0.0845,+0.1251,76,225,yes,outputs/safety_filter_ablation/ablation.json :: full.means.filter_only.epdms ; full.contrasts['filter_only - normal'].epdms
Safety filter + random (3 seeds avg.),filter_random,exp27,0.3279,+0.0992,+0.0790,+0.1188,76,225,yes,outputs/safety_filter_ablation/ablation.json :: full.means.filter_random.epdms ; full.contrasts['filter_random - normal'].epdms
"Safety filter + rank-sum (F1, prereg. primary)",F1 (= filter_ranksum),exp26,0.3470,+0.1183,+0.0956,+0.1400,76,225,yes,outputs/navhard_full_validation/navhard_full_comparison.json :: pooled.rules.F1.epdms (+groups_better_worse_tied)
Safety filter + max log-lik,F1_maxll (= filter_maxll),exp26,0.3503,+0.1216,+0.1007,+0.1423,76,225,yes,outputs/navhard_full_validation/navhard_full_comparison.json :: pooled.rules.F1_maxll.epdms (+groups_better_worse_tied)
Oracle among 16 samples (analysis upper bound),oracle16,exp30,0.4034,+0.1747,+0.1474,+0.1999,76,225,no (uses scored future),outputs/candidate_oracle/oracle_comparison.json :: full.means.oracle16.epdms ; full.contrasts['oracle16 - no_selection'].epdms
Oracle among 17 candidates (analysis upper bound),oracle17,exp30,0.4053,+0.1767,+0.1515,+0.2012,76,225,no (uses scored future),outputs/candidate_oracle/oracle_comparison.json :: full.means.oracle17.epdms ; full.contrasts['oracle17 - no_selection'].epdms
