population,decode_gpu,N_candidates_incl_natural,subset_scheme_openloop,n_scenes,n_logs,a_minus,d_a_minus,d_a_minus_ci95_lo,d_a_minus_ci95_hi,ade5_m,d_ade5_m,fde5_m,d_fde5_m,d_fde5_ci95_lo,d_fde5_ci95_hi,pdms_prefix,d_pdms,d_pdms_ci95_lo,d_pdms_ci95_hi,d_pdms_wilcoxon_p,saturation_frac_pdms(derived=dPDMS_N/dPDMS_17),saturation_frac_a_minus(derived=dA-_N/dA-_17),rel_inference_cost_3080Ti,rel_inference_cost_5090,source
dev 56 logs (exp 23),mixed (5090 39 logs + 3080 Ti 17 logs),1,"natural + (N-1) random samples, 5 subsets/scene averaged (N=17: all candidates)",4563,56,0.0215,0.0000,0.0000,0.0000,0.3132,0.0000,0.7581,0.0000,0.0000,0.0000,0.8952,0.0000,0.0000,0.0000,1,0,0,1.00,,autovla_misalignment_poc/outputs/candidate_count_curve/dev/summary.json: curve.1; autovla_misalignment_poc/outputs/pdm_score_best_of_n/dev_ncurve/summary.json: subsets.all.ranksum_N1 (PDMS uses prefix subset natural+samples 1..N-1)
dev 56 logs (exp 23),mixed (5090 39 logs + 3080 Ti 17 logs),2,"natural + (N-1) random samples, 5 subsets/scene averaged (N=17: all candidates)",4563,56,0.0204,-0.0011,-0.0032,0.0012,0.2988,-0.0143,0.7147,-0.0434,-0.0606,-0.0246,0.8980,0.0028,0.0005,0.0051,0.119,0.173,0.156,not measured,,autovla_misalignment_poc/outputs/candidate_count_curve/dev/summary.json: curve.2; autovla_misalignment_poc/outputs/pdm_score_best_of_n/dev_ncurve/summary.json: subsets.all.ranksum_N2 (PDMS uses prefix subset natural+samples 1..N-1)
dev 56 logs (exp 23),mixed (5090 39 logs + 3080 Ti 17 logs),4,"natural + (N-1) random samples, 5 subsets/scene averaged (N=17: all candidates)",4563,56,0.0188,-0.0026,-0.0050,-0.0002,0.2716,-0.0416,0.6389,-0.1191,-0.1471,-0.0910,0.9029,0.0077,0.0034,0.0117,0.00251,0.475,0.375,1.03,,autovla_misalignment_poc/outputs/candidate_count_curve/dev/summary.json: curve.4; autovla_misalignment_poc/outputs/pdm_score_best_of_n/dev_ncurve/summary.json: subsets.all.ranksum_N4 (PDMS uses prefix subset natural+samples 1..N-1)
dev 56 logs (exp 23),mixed (5090 39 logs + 3080 Ti 17 logs),8,"natural + (N-1) random samples, 5 subsets/scene averaged (N=17: all candidates)",4563,56,0.0163,-0.0051,-0.0079,-0.0025,0.2377,-0.0754,0.5488,-0.2093,-0.2433,-0.1764,0.9080,0.0128,0.0077,0.0179,2.91e-07,0.791,0.731,1.16,,autovla_misalignment_poc/outputs/candidate_count_curve/dev/summary.json: curve.8; autovla_misalignment_poc/outputs/pdm_score_best_of_n/dev_ncurve/summary.json: subsets.all.ranksum_N8 (PDMS uses prefix subset natural+samples 1..N-1)
dev 56 logs (exp 23),mixed (5090 39 logs + 3080 Ti 17 logs),12,"natural + (N-1) random samples, 5 subsets/scene averaged (N=17: all candidates)",4563,56,0.0153,-0.0061,-0.0095,-0.0029,0.2244,-0.0887,0.5162,-0.2419,-0.2832,-0.2044,0.9099,0.0146,0.0101,0.0194,1.76e-07,0.908,0.875,not measured,,autovla_misalignment_poc/outputs/candidate_count_curve/dev/summary.json: curve.12; autovla_misalignment_poc/outputs/pdm_score_best_of_n/dev_ncurve/summary.json: subsets.all.ranksum_N12 (PDMS uses prefix subset natural+samples 1..N-1)
dev 56 logs (exp 23),mixed (5090 39 logs + 3080 Ti 17 logs),16,"natural + (N-1) random samples, 5 subsets/scene averaged (N=17: all candidates)",4563,56,0.0143,-0.0072,-0.0108,-0.0036,0.2134,-0.0998,0.4854,-0.2727,-0.3131,-0.2371,0.9117,0.0165,0.0119,0.0209,7.43e-07,1.021,1.025,1.31,,autovla_misalignment_poc/outputs/candidate_count_curve/dev/summary.json: curve.16; autovla_misalignment_poc/outputs/pdm_score_best_of_n/dev_ncurve/summary.json: subsets.all.ranksum_N16 (PDMS uses prefix subset natural+samples 1..N-1)
dev 56 logs (exp 23),mixed (5090 39 logs + 3080 Ti 17 logs),17,"natural + (N-1) random samples, 5 subsets/scene averaged (N=17: all candidates)",4563,56,0.0145,-0.0070,-0.0107,-0.0033,0.2128,-0.1004,0.4842,-0.2739,-0.3138,-0.2374,0.9114,0.0161,0.0114,0.0206,1.65e-06,1.000,1.000,not measured,,autovla_misalignment_poc/outputs/candidate_count_curve/dev/summary.json: curve.17; autovla_misalignment_poc/outputs/pdm_score_best_of_n/dev_ncurve/summary.json: subsets.all.ranksum_N17 (PDMS uses prefix subset natural+samples 1..N-1)
held-out 52 logs (exp 23),mixed (5090 30 logs + 3080 Ti 22 logs),1,"natural + (N-1) random samples, 5 subsets/scene averaged (N=17: all candidates)",4814,52,0.0150,0.0000,0.0000,0.0000,0.2616,0.0000,0.6243,0.0000,0.0000,0.0000,0.8893,0.0000,0.0000,0.0000,1,0,0,1.00,,autovla_misalignment_poc/outputs/candidate_count_curve/heldout/summary.json: curve.1; autovla_misalignment_poc/outputs/pdm_score_best_of_n/heldout_ncurve/summary.json: subsets.all.ranksum_N1 (PDMS uses prefix subset natural+samples 1..N-1)
held-out 52 logs (exp 23),mixed (5090 30 logs + 3080 Ti 22 logs),2,"natural + (N-1) random samples, 5 subsets/scene averaged (N=17: all candidates)",4814,52,0.0137,-0.0013,-0.0034,0.0008,0.2508,-0.0108,0.5858,-0.0384,-0.0545,-0.0238,0.8917,0.0024,-0.0002,0.0051,0.707,0.253,0.163,not measured,,autovla_misalignment_poc/outputs/candidate_count_curve/heldout/summary.json: curve.2; autovla_misalignment_poc/outputs/pdm_score_best_of_n/heldout_ncurve/summary.json: subsets.all.ranksum_N2 (PDMS uses prefix subset natural+samples 1..N-1)
held-out 52 logs (exp 23),mixed (5090 30 logs + 3080 Ti 22 logs),4,"natural + (N-1) random samples, 5 subsets/scene averaged (N=17: all candidates)",4814,52,0.0108,-0.0042,-0.0067,-0.0018,0.2194,-0.0422,0.5034,-0.1209,-0.1466,-0.0999,0.8953,0.0060,0.0021,0.0103,0.0301,0.632,0.532,1.03,,autovla_misalignment_poc/outputs/candidate_count_curve/heldout/summary.json: curve.4; autovla_misalignment_poc/outputs/pdm_score_best_of_n/heldout_ncurve/summary.json: subsets.all.ranksum_N4 (PDMS uses prefix subset natural+samples 1..N-1)
held-out 52 logs (exp 23),mixed (5090 30 logs + 3080 Ti 22 logs),8,"natural + (N-1) random samples, 5 subsets/scene averaged (N=17: all candidates)",4814,52,0.0092,-0.0057,-0.0082,-0.0032,0.2012,-0.0604,0.4518,-0.1725,-0.2047,-0.1444,0.8975,0.0081,0.0040,0.0125,0.00437,0.857,0.726,1.16,,autovla_misalignment_poc/outputs/candidate_count_curve/heldout/summary.json: curve.8; autovla_misalignment_poc/outputs/pdm_score_best_of_n/heldout_ncurve/summary.json: subsets.all.ranksum_N8 (PDMS uses prefix subset natural+samples 1..N-1)
held-out 52 logs (exp 23),mixed (5090 30 logs + 3080 Ti 22 logs),12,"natural + (N-1) random samples, 5 subsets/scene averaged (N=17: all candidates)",4814,52,0.0070,-0.0079,-0.0102,-0.0056,0.1879,-0.0737,0.4156,-0.2086,-0.2484,-0.1739,0.8977,0.0084,0.0041,0.0130,0.00624,0.885,1.005,not measured,,autovla_misalignment_poc/outputs/candidate_count_curve/heldout/summary.json: curve.12; autovla_misalignment_poc/outputs/pdm_score_best_of_n/heldout_ncurve/summary.json: subsets.all.ranksum_N12 (PDMS uses prefix subset natural+samples 1..N-1)
held-out 52 logs (exp 23),mixed (5090 30 logs + 3080 Ti 22 logs),16,"natural + (N-1) random samples, 5 subsets/scene averaged (N=17: all candidates)",4814,52,0.0069,-0.0081,-0.0102,-0.0058,0.1816,-0.0800,0.3968,-0.2274,-0.2699,-0.1933,0.8985,0.0092,0.0047,0.0140,0.00608,0.966,1.021,1.31,,autovla_misalignment_poc/outputs/candidate_count_curve/heldout/summary.json: curve.16; autovla_misalignment_poc/outputs/pdm_score_best_of_n/heldout_ncurve/summary.json: subsets.all.ranksum_N16 (PDMS uses prefix subset natural+samples 1..N-1)
held-out 52 logs (exp 23),mixed (5090 30 logs + 3080 Ti 22 logs),17,"natural + (N-1) random samples, 5 subsets/scene averaged (N=17: all candidates)",4814,52,0.0071,-0.0079,-0.0101,-0.0055,0.1810,-0.0806,0.3944,-0.2299,-0.2738,-0.1949,0.8988,0.0095,0.0046,0.0148,0.00337,1.000,1.000,not measured,,autovla_misalignment_poc/outputs/candidate_count_curve/heldout/summary.json: curve.17; autovla_misalignment_poc/outputs/pdm_score_best_of_n/heldout_ncurve/summary.json: subsets.all.ranksum_N17 (PDMS uses prefix subset natural+samples 1..N-1)
"dev 56 logs (exp 23, 5090 rerun)",5090 only,1,"natural + (N-1) random samples, 5 subsets/scene averaged (N=17: all candidates)",4563,56,0.0215,0.0000,0.0000,0.0000,0.3118,0.0000,0.7543,0.0000,0.0000,0.0000,0.8961,0.0000,0.0000,0.0000,1,0,0,,1.00,autovla_misalignment_poc/outputs/candidate_count_curve/dev_5090/summary.json: curve.1; autovla_misalignment_poc/outputs/pdm_score_best_of_n/dev_5090_ncurve/summary.json: subsets.all.ranksum_N1 (PDMS uses prefix subset natural+samples 1..N-1)
"dev 56 logs (exp 23, 5090 rerun)",5090 only,2,"natural + (N-1) random samples, 5 subsets/scene averaged (N=17: all candidates)",4563,56,0.0198,-0.0017,-0.0038,0.0004,0.2978,-0.0140,0.7127,-0.0416,-0.0587,-0.0260,0.8983,0.0022,-0.0002,0.0045,0.459,0.150,0.236,,not measured,autovla_misalignment_poc/outputs/candidate_count_curve/dev_5090/summary.json: curve.2; autovla_misalignment_poc/outputs/pdm_score_best_of_n/dev_5090_ncurve/summary.json: subsets.all.ranksum_N2 (PDMS uses prefix subset natural+samples 1..N-1)
"dev 56 logs (exp 23, 5090 rerun)",5090 only,4,"natural + (N-1) random samples, 5 subsets/scene averaged (N=17: all candidates)",4563,56,0.0184,-0.0031,-0.0055,-0.0007,0.2712,-0.0407,0.6373,-0.1170,-0.1455,-0.0876,0.9026,0.0065,0.0028,0.0102,0.0237,0.437,0.424,,1.28 (elapsed 2.3/1.8 min; 1.24 by s/scene),autovla_misalignment_poc/outputs/candidate_count_curve/dev_5090/summary.json: curve.4; autovla_misalignment_poc/outputs/pdm_score_best_of_n/dev_5090_ncurve/summary.json: subsets.all.ranksum_N4 (PDMS uses prefix subset natural+samples 1..N-1)
"dev 56 logs (exp 23, 5090 rerun)",5090 only,8,"natural + (N-1) random samples, 5 subsets/scene averaged (N=17: all candidates)",4563,56,0.0160,-0.0054,-0.0083,-0.0028,0.2373,-0.0745,0.5494,-0.2049,-0.2383,-0.1700,0.9080,0.0119,0.0072,0.0162,2.98e-06,0.794,0.752,,1.28 (elapsed 2.3/1.8 min; 1.24 by s/scene),autovla_misalignment_poc/outputs/candidate_count_curve/dev_5090/summary.json: curve.8; autovla_misalignment_poc/outputs/pdm_score_best_of_n/dev_5090_ncurve/summary.json: subsets.all.ranksum_N8 (PDMS uses prefix subset natural+samples 1..N-1)
"dev 56 logs (exp 23, 5090 rerun)",5090 only,12,"natural + (N-1) random samples, 5 subsets/scene averaged (N=17: all candidates)",4563,56,0.0153,-0.0062,-0.0096,-0.0029,0.2239,-0.0879,0.5176,-0.2367,-0.2761,-0.1994,0.9096,0.0135,0.0094,0.0174,1.81e-06,0.901,0.855,,not measured,autovla_misalignment_poc/outputs/candidate_count_curve/dev_5090/summary.json: curve.12; autovla_misalignment_poc/outputs/pdm_score_best_of_n/dev_5090_ncurve/summary.json: subsets.all.ranksum_N12 (PDMS uses prefix subset natural+samples 1..N-1)
"dev 56 logs (exp 23, 5090 rerun)",5090 only,16,"natural + (N-1) random samples, 5 subsets/scene averaged (N=17: all candidates)",4563,56,0.0142,-0.0073,-0.0110,-0.0038,0.2121,-0.0997,0.4863,-0.2680,-0.3092,-0.2305,0.9114,0.0153,0.0110,0.0192,4.9e-06,1.024,1.006,,1.28 (elapsed 2.3/1.8 min; 1.24 by s/scene),autovla_misalignment_poc/outputs/candidate_count_curve/dev_5090/summary.json: curve.16; autovla_misalignment_poc/outputs/pdm_score_best_of_n/dev_5090_ncurve/summary.json: subsets.all.ranksum_N16 (PDMS uses prefix subset natural+samples 1..N-1)
"dev 56 logs (exp 23, 5090 rerun)",5090 only,17,"natural + (N-1) random samples, 5 subsets/scene averaged (N=17: all candidates)",4563,56,0.0142,-0.0072,-0.0109,-0.0036,0.2115,-0.1004,0.4844,-0.2699,-0.3124,-0.2317,0.9110,0.0149,0.0105,0.0190,1.5e-05,1.000,1.000,,not measured,autovla_misalignment_poc/outputs/candidate_count_curve/dev_5090/summary.json: curve.17; autovla_misalignment_poc/outputs/pdm_score_best_of_n/dev_5090_ncurve/summary.json: subsets.all.ranksum_N17 (PDMS uses prefix subset natural+samples 1..N-1)
"held-out 52 logs (exp 23, 5090 rerun)",5090 only,1,"natural + (N-1) random samples, 5 subsets/scene averaged (N=17: all candidates)",4814,52,0.0152,0.0000,0.0000,0.0000,0.2610,0.0000,0.6224,0.0000,0.0000,0.0000,0.8893,0.0000,0.0000,0.0000,1,0,0,,1.00,autovla_misalignment_poc/outputs/candidate_count_curve/heldout_5090/summary.json: curve.1; autovla_misalignment_poc/outputs/pdm_score_best_of_n/heldout_5090_ncurve/summary.json: subsets.all.ranksum_N1 (PDMS uses prefix subset natural+samples 1..N-1)
"held-out 52 logs (exp 23, 5090 rerun)",5090 only,2,"natural + (N-1) random samples, 5 subsets/scene averaged (N=17: all candidates)",4814,52,0.0138,-0.0014,-0.0033,0.0006,0.2504,-0.0106,0.5855,-0.0368,-0.0513,-0.0237,0.8911,0.0018,-0.0008,0.0044,0.861,0.180,0.169,,not measured,autovla_misalignment_poc/outputs/candidate_count_curve/heldout_5090/summary.json: curve.2; autovla_misalignment_poc/outputs/pdm_score_best_of_n/heldout_5090_ncurve/summary.json: subsets.all.ranksum_N2 (PDMS uses prefix subset natural+samples 1..N-1)
"held-out 52 logs (exp 23, 5090 rerun)",5090 only,4,"natural + (N-1) random samples, 5 subsets/scene averaged (N=17: all candidates)",4814,52,0.0108,-0.0044,-0.0067,-0.0020,0.2198,-0.0412,0.5044,-0.1179,-0.1430,-0.0980,0.8954,0.0061,0.0022,0.0105,0.106,0.616,0.538,,1.28 (elapsed 2.3/1.8 min; 1.24 by s/scene),autovla_misalignment_poc/outputs/candidate_count_curve/heldout_5090/summary.json: curve.4; autovla_misalignment_poc/outputs/pdm_score_best_of_n/heldout_5090_ncurve/summary.json: subsets.all.ranksum_N4 (PDMS uses prefix subset natural+samples 1..N-1)
"held-out 52 logs (exp 23, 5090 rerun)",5090 only,8,"natural + (N-1) random samples, 5 subsets/scene averaged (N=17: all candidates)",4814,52,0.0092,-0.0059,-0.0081,-0.0037,0.2010,-0.0600,0.4519,-0.1704,-0.2020,-0.1427,0.8979,0.0086,0.0045,0.0131,0.0131,0.866,0.733,,1.28 (elapsed 2.3/1.8 min; 1.24 by s/scene),autovla_misalignment_poc/outputs/candidate_count_curve/heldout_5090/summary.json: curve.8; autovla_misalignment_poc/outputs/pdm_score_best_of_n/heldout_5090_ncurve/summary.json: subsets.all.ranksum_N8 (PDMS uses prefix subset natural+samples 1..N-1)
"held-out 52 logs (exp 23, 5090 rerun)",5090 only,12,"natural + (N-1) random samples, 5 subsets/scene averaged (N=17: all candidates)",4814,52,0.0073,-0.0079,-0.0100,-0.0056,0.1875,-0.0735,0.4144,-0.2080,-0.2468,-0.1736,0.8986,0.0094,0.0051,0.0140,0.00248,0.942,0.969,,not measured,autovla_misalignment_poc/outputs/candidate_count_curve/heldout_5090/summary.json: curve.12; autovla_misalignment_poc/outputs/pdm_score_best_of_n/heldout_5090_ncurve/summary.json: subsets.all.ranksum_N12 (PDMS uses prefix subset natural+samples 1..N-1)
"held-out 52 logs (exp 23, 5090 rerun)",5090 only,16,"natural + (N-1) random samples, 5 subsets/scene averaged (N=17: all candidates)",4814,52,0.0071,-0.0081,-0.0102,-0.0059,0.1805,-0.0805,0.3938,-0.2286,-0.2700,-0.1928,0.8989,0.0096,0.0050,0.0147,0.0149,0.965,1.000,,1.28 (elapsed 2.3/1.8 min; 1.24 by s/scene),autovla_misalignment_poc/outputs/candidate_count_curve/heldout_5090/summary.json: curve.16; autovla_misalignment_poc/outputs/pdm_score_best_of_n/heldout_5090_ncurve/summary.json: subsets.all.ranksum_N16 (PDMS uses prefix subset natural+samples 1..N-1)
"held-out 52 logs (exp 23, 5090 rerun)",5090 only,17,"natural + (N-1) random samples, 5 subsets/scene averaged (N=17: all candidates)",4814,52,0.0071,-0.0081,-0.0102,-0.0059,0.1799,-0.0811,0.3912,-0.2312,-0.2740,-0.1939,0.8992,0.0099,0.0050,0.0154,0.00365,1.000,1.000,,not measured,autovla_misalignment_poc/outputs/candidate_count_curve/heldout_5090/summary.json: curve.17; autovla_misalignment_poc/outputs/pdm_score_best_of_n/heldout_5090_ncurve/summary.json: subsets.all.ranksum_N17 (PDMS uses prefix subset natural+samples 1..N-1)
"PoC 28 logs, exp 18/19 (T=0.7; population-weighted 52 fail/2695 normal; seed 0)",3080 Ti,9,all candidates (natural + N-1 samples),349,28,0.0109,-0.0011,not reported,not reported,,,,,,,not run,not run,,,,,,,,"autovla_misalignment_poc/outputs/best_of_n_selection/summary.json: population_a_minus_rate.{normal,ranksum}; see analysis_console.txt"
"PoC 28 logs, exp 18/19 (T=1.0; population-weighted 52 fail/2695 normal; seed 0)",3080 Ti,5,all candidates (natural + N-1 samples),349,28,0.0128,-0.0003,not reported,not reported,,,,,,,not run,not run,,,,,,,,"autovla_misalignment_poc/outputs/best_of_n_selection_n4_T1.0/summary.json: population_a_minus_rate.{normal,ranksum}; see analysis_console.txt"
"PoC 28 logs, exp 18/19 (T=1.0; population-weighted 52 fail/2695 normal; seed 0)",3080 Ti,9,all candidates (natural + N-1 samples),349,28,0.0142,0.0022,not reported,not reported,,,,,,,not run,not run,,,,,,,,"autovla_misalignment_poc/outputs/best_of_n_selection_n8_T1.0/summary.json: population_a_minus_rate.{normal,ranksum}; see analysis_console.txt"
"PoC 28 logs, exp 18/19 (T=1.0; population-weighted 52 fail/2695 normal; seed 0)",3080 Ti,17,all candidates (natural + N-1 samples),349,28,0.0087,-0.0069,not reported,not reported,,,,,,,not run,not run,,,,,,,,"autovla_misalignment_poc/outputs/best_of_n_selection_n16_T1/summary.json: population_a_minus_rate.{normal,ranksum}; see analysis_console.txt"
"PoC 28 logs, exp 18/19 (T=1.0; population-weighted 52 fail/2695 normal; seed 0)",5090,33,all candidates (natural + N-1 samples),349,28,0.0076,-0.0055,not reported,not reported,,,,,,,not run,not run,,,,,,,,"autovla_misalignment_poc/outputs/best_of_n_selection_n32_T1.0/summary.json: population_a_minus_rate.{normal,ranksum}; see analysis_console.txt"
"PoC 28 logs, exp 18/19 (T=1.0; population-weighted 52 fail/2695 normal; seed 0)",5090,5,all candidates (natural + N-1 samples),349,28,0.0128,-0.0003,not reported,not reported,,,,,,,not run,not run,,,,,,,,"autovla_misalignment_poc/outputs/best_of_n_selection_n4_T1.0_seed0_5090/summary.json: population_a_minus_rate.{normal,ranksum}; see analysis_console.txt"
"PoC 28 logs, exp 18/19 (T=1.0; population-weighted 52 fail/2695 normal; seed 0)",5090,9,all candidates (natural + N-1 samples),349,28,0.0131,0.0000,not reported,not reported,,,,,,,not run,not run,,,,,,,,"autovla_misalignment_poc/outputs/best_of_n_selection_n8_T1.0_seed0_5090/summary.json: population_a_minus_rate.{normal,ranksum}; see analysis_console.txt"
"PoC 28 logs, exp 18/19 (T=1.0; population-weighted 52 fail/2695 normal; seed 0)",5090,17,all candidates (natural + N-1 samples),349,28,0.0084,-0.0051,not reported,not reported,,,,,,,not run,not run,,,,,,,,"autovla_misalignment_poc/outputs/best_of_n_selection_n16_T1.0_seed0_5090/summary.json: population_a_minus_rate.{normal,ranksum}; see analysis_console.txt"
