model,experiment,level,metric,condition,value,ci95_lo,ci95_hi,N,unit,cluster_unit,test,p,source,json_key,note
AutoVLA,7,token/trajectory (open-loop),amplification rate (A- & FDE5>3m),normal,47.4,38,57,365 units / 52 scenes,%,log,-,,"outputs/action_history_causal/ACTION_HISTORY_CAUSAL.md (all perturbations, A- table)",-,
AutoVLA,7,token/trajectory (open-loop),amplification rate,recent_gt,7.1,4,10,365 units / 52 scenes,%,log,-,,"outputs/action_history_causal/ACTION_HISTORY_CAUSAL.md (all perturbations, A- table)",-,
AutoVLA,7,token/trajectory (open-loop),amplification rate,gt_history,4.1,1,8,365 units / 52 scenes,%,log,-,,"outputs/action_history_causal/ACTION_HISTORY_CAUSAL.md (all perturbations, A- table)",-,
AutoVLA,7,token/trajectory (open-loop),delta amplification recent_gt - normal,contrast,-40.3,-50.3,-30.0,365 units,pp,log,McNemar,8e-42,"outputs/action_history_causal/ACTION_HISTORY_CAUSAL.md (all perturbations, A- table)",-,
AutoVLA,8,token/trajectory (open-loop),amplification rate,reverse@emb (GT-history + own prev-token embedding),33.4,26.3,43.2,365 units,%,log,-,,"outputs/prev_action_state_patching/PREV_ACTION_STATE_PATCHING.md (line 10, table line 333)",-,"baseline gt_history 4.4% [1.6, 8.0] in this harness"
AutoVLA,8,token/trajectory (open-loop),delta amplification reverse - gt_history,contrast,29.0,21.1,38.0,365 units,pp,log,McNemar,6.7e-31,"outputs/prev_action_state_patching/PREV_ACTION_STATE_PATCHING.md (line 10, table line 333)",-,
AutoVLA,9,token/trajectory (open-loop),window fraction of full correction effect (amplification),win1,47,,,365 units,%,log,-,,"outputs/temporal_feedback_window/TEMPORAL_FEEDBACK_WINDOW.md §1 (Normal 46.6, win1-4 26.6/14.2/8.5/5.8, Full 4.1)",-,"derived (N-w)/(N-F); 3-step 90% [79, 99] reported"
AutoVLA,9,token/trajectory (open-loop),window fraction of full correction effect (amplification),win2,76,,,365 units,%,log,-,,"outputs/temporal_feedback_window/TEMPORAL_FEEDBACK_WINDOW.md §1 (Normal 46.6, win1-4 26.6/14.2/8.5/5.8, Full 4.1)",-,"derived (N-w)/(N-F); 3-step 90% [79, 99] reported"
AutoVLA,9,token/trajectory (open-loop),window fraction of full correction effect (amplification),win3,90,,,365 units,%,log,-,,"outputs/temporal_feedback_window/TEMPORAL_FEEDBACK_WINDOW.md §1 (Normal 46.6, win1-4 26.6/14.2/8.5/5.8, Full 4.1)",-,"derived (N-w)/(N-F); 3-step 90% [79, 99] reported"
AutoVLA,9,token/trajectory (open-loop),window fraction of full correction effect (amplification),win4,96,,,365 units,%,log,-,,"outputs/temporal_feedback_window/TEMPORAL_FEEDBACK_WINDOW.md §1 (Normal 46.6, win1-4 26.6/14.2/8.5/5.8, Full 4.1)",-,"derived (N-w)/(N-F); 3-step 90% [79, 99] reported"
AutoVLA,32,token/trajectory (open-loop),dir_wrong_mag_ok - dir_ok_mag_wrong amplification,contrast,9.0,3.1,18.7,A- 365 units,pp,log,McNemar,6e-4,outputs/motion_semantics_ablation/RESULTS.md line 26,-,
AutoVLA,6,token/trajectory (open-loop),amplification under distance-matched alt token,A- scenes,45.0,37,55,313 units,%,log,-,,"outputs/equal_distance_perturbation/EQUAL_DISTANCE.md lines 12, 26",-,
AutoVLA,6,token/trajectory (open-loop),amplification under distance-matched alt token,A+ scenes,4.8,3,7,887 units,%,log,-,,"outputs/equal_distance_perturbation/EQUAL_DISTANCE.md lines 12, 26",-,
Impromptu VLA 3B,33,open-loop trajectory,natural a_minus,natural,33.358,26.197,38.037,2728,%,log (28),-,,outputs/cross_vla_temporal_replication/analysis.json,AB.natural.a_minus,
Impromptu VLA 3B,33,open-loop trajectory,natural amp,natural,31.488,24.358,36.159,2728,%,log (28),-,,outputs/cross_vla_temporal_replication/analysis.json,AB.natural.amp,
Impromptu VLA 3B,33,open-loop trajectory,natural fde,natural,5.748,5.174,6.273,2728,m,log (28),-,,outputs/cross_vla_temporal_replication/analysis.json,AB.natural.fde,
Impromptu VLA 3B,33,open-loop trajectory,rerun A- disagreement,natural vs natural_rep,5.9,5.2,6.85,2728,%,log,-,,outputs/cross_vla_temporal_replication/analysis.json,AB.rerun_variability.natural_vs_rep_amin_discordant,
Impromptu VLA 3B,33,open-loop trajectory,A+ -> A- by rerun only,natural_rep,4.57,3.74,5.52,1818,%,log,-,,outputs/cross_vla_temporal_replication/analysis.json,AB.A.baseline_flip_natural_ok_to_rep_a_minus,
Impromptu VLA 3B,33,open-loop trajectory,A+ -> A- after perturbation,|delta|=0.2 m,49.49,46.91,52.5,14424,%,log,-,,outputs/cross_vla_temporal_replication/analysis.json,AB.A.m0.2.flip_to_a_minus_given_m0_ok,
Impromptu VLA 3B,33,open-loop trajectory,r>=3 (trajectory amplification),|delta|=0.2 m,97.39,96.91,97.89,21824,%,log,-,,outputs/cross_vla_temporal_replication/analysis.json,AB.A.m0.2.r_ge_3,
Impromptu VLA 3B,33,open-loop trajectory,r<=1 (absorption),|delta|=0.2 m,0.45,0.34,0.6,21824,%,log,-,,outputs/cross_vla_temporal_replication/analysis.json,AB.A.m0.2.r_le_1,
Impromptu VLA 3B,33,open-loop trajectory,perturbed A- minus pert_m0 A- (paired),|delta|=0.2 m,24.78,19.44,32.16,21824,pp,log,McNemar,0.0,outputs/cross_vla_temporal_replication/analysis.json,AB.A.m0.2.vs_m0_a_minus,
Impromptu VLA 3B,33,open-loop trajectory,prereg stable/unstable coexistence (same scene),|delta|=0.2 m,2.24,1.54,3.21,2728,%,log,-,,outputs/cross_vla_temporal_replication/analysis.json,AB.B.m0.2.coexist_share,criterion 3: must exceed rerun 5.9% -> FAIL
Impromptu VLA 3B,33,open-loop trajectory,A+ -> A- after perturbation,|delta|=0.5 m,58.58,55.91,61.44,14424,%,log,-,,outputs/cross_vla_temporal_replication/analysis.json,AB.A.m0.5.flip_to_a_minus_given_m0_ok,
Impromptu VLA 3B,33,open-loop trajectory,r>=3 (trajectory amplification),|delta|=0.5 m,96.76,96.4,97.11,21824,%,log,-,,outputs/cross_vla_temporal_replication/analysis.json,AB.A.m0.5.r_ge_3,
Impromptu VLA 3B,33,open-loop trajectory,r<=1 (absorption),|delta|=0.5 m,0.6,0.52,0.7,21824,%,log,-,,outputs/cross_vla_temporal_replication/analysis.json,AB.A.m0.5.r_le_1,
Impromptu VLA 3B,33,open-loop trajectory,perturbed A- minus pert_m0 A- (paired),|delta|=0.5 m,31.06,25.43,39.07,21824,pp,log,McNemar,0.0,outputs/cross_vla_temporal_replication/analysis.json,AB.A.m0.5.vs_m0_a_minus,
Impromptu VLA 3B,33,open-loop trajectory,prereg stable/unstable coexistence (same scene),|delta|=0.5 m,3.15,2.36,3.88,2728,%,log,-,,outputs/cross_vla_temporal_replication/analysis.json,AB.B.m0.5.coexist_share,criterion 3: must exceed rerun 5.9% -> FAIL
Impromptu VLA 3B,33,open-loop trajectory (context-only),amplification rate,normal,63.43,60.59,66.67,2398,%,log,-,,outputs/cross_vla_temporal_replication/analysis.json,CDE.all_units.means.normal.amp,
Impromptu VLA 3B,33,open-loop trajectory (context-only),amplification rate,win1,48.04,42.76,52.18,2398,%,log,-,,outputs/cross_vla_temporal_replication/analysis.json,CDE.all_units.means.win1.amp,
Impromptu VLA 3B,33,open-loop trajectory (context-only),amplification rate,win2,38.87,33.74,43.21,2398,%,log,-,,outputs/cross_vla_temporal_replication/analysis.json,CDE.all_units.means.win2.amp,
Impromptu VLA 3B,33,open-loop trajectory (context-only),amplification rate,win3,6.01,3.01,8.24,2398,%,log,-,,outputs/cross_vla_temporal_replication/analysis.json,CDE.all_units.means.win3.amp,
Impromptu VLA 3B,33,open-loop trajectory (context-only),amplification rate,win4,3.21,0.91,5.24,2398,%,log,-,,outputs/cross_vla_temporal_replication/analysis.json,CDE.all_units.means.win4.amp,
Impromptu VLA 3B,33,open-loop trajectory (context-only),amplification rate,gt_history,0.0,0.0,0.0,2398,%,log,-,,outputs/cross_vla_temporal_replication/analysis.json,CDE.all_units.means.gt_history.amp,
Impromptu VLA 3B,33,open-loop trajectory (context-only),amplification rate,recent_gt,1.25,0.81,1.77,2398,%,log,-,,outputs/cross_vla_temporal_replication/analysis.json,CDE.all_units.means.recent_gt.amp,
Impromptu VLA 3B,33,open-loop trajectory (context-only),amplification rate,reverse,81.9,80.37,84.19,2398,%,log,-,,outputs/cross_vla_temporal_replication/analysis.json,CDE.all_units.means.reverse.amp,
Impromptu VLA 3B,33,open-loop trajectory (context-only),amplification rate,near_gt,1.17,0.7,1.63,2398,%,log,-,,outputs/cross_vla_temporal_replication/analysis.json,CDE.all_units.means.near_gt.amp,
Impromptu VLA 3B,33,open-loop trajectory (context-only),amplification rate,dir_ok_mag_wrong,64.22,59.9,67.9,2398,%,log,-,,outputs/cross_vla_temporal_replication/analysis.json,CDE.all_units.means.dir_ok_mag_wrong.amp,
Impromptu VLA 3B,33,open-loop trajectory (context-only),amplification rate,dir_wrong_mag_ok,79.86,76.03,85.62,2398,%,log,-,,outputs/cross_vla_temporal_replication/analysis.json,CDE.all_units.means.dir_wrong_mag_ok.amp,
Impromptu VLA 3B,33,open-loop trajectory (context-only),amplification rate,random_mag_matched,81.53,78.74,85.4,2398,%,log,-,,outputs/cross_vla_temporal_replication/analysis.json,CDE.all_units.means.random_mag_matched.amp,
Impromptu VLA 3B,33,open-loop trajectory (context-only),delta amplification win1 - normal,contrast,-15.39,-22.01,-9.5,2398,pp,log,McNemar,7.128179166773046e-24,outputs/cross_vla_temporal_replication/analysis.json,CDE.all_units.vs_normal.win1.amp,
Impromptu VLA 3B,33,open-loop trajectory (context-only),delta amplification win2 - normal,contrast,-24.56,-31.36,-18.22,2398,pp,log,McNemar,1.940120301018162e-69,outputs/cross_vla_temporal_replication/analysis.json,CDE.all_units.vs_normal.win2.amp,
Impromptu VLA 3B,33,open-loop trajectory (context-only),delta amplification win3 - normal,contrast,-57.42,-62.36,-53.95,2398,pp,log,McNemar,0.0,outputs/cross_vla_temporal_replication/analysis.json,CDE.all_units.vs_normal.win3.amp,
Impromptu VLA 3B,33,open-loop trajectory (context-only),delta amplification win4 - normal,contrast,-60.22,-64.42,-57.36,2398,pp,log,McNemar,0.0,outputs/cross_vla_temporal_replication/analysis.json,CDE.all_units.vs_normal.win4.amp,
Impromptu VLA 3B,33,open-loop trajectory (context-only),delta amplification gt_history - normal,contrast,-63.43,-66.67,-60.59,2398,pp,log,McNemar,0.0,outputs/cross_vla_temporal_replication/analysis.json,CDE.all_units.vs_normal.gt_history.amp,
Impromptu VLA 3B,33,open-loop trajectory (context-only),delta amplification recent_gt - normal,contrast,-62.18,-65.57,-59.13,2398,pp,log,McNemar,0.0,outputs/cross_vla_temporal_replication/analysis.json,CDE.all_units.vs_normal.recent_gt.amp,
Impromptu VLA 3B,33,open-loop trajectory (context-only),delta amplification reverse - normal,contrast,18.47,15.62,21.7,2398,pp,log,McNemar,2.0337753528848283e-78,outputs/cross_vla_temporal_replication/analysis.json,CDE.all_units.vs_normal.reverse.amp,
Impromptu VLA 3B,33,open-loop trajectory (context-only),reverse - gt_history amp,contrast,81.902,80.372,84.193,2398,pp,log,McNemar,0.0,outputs/cross_vla_temporal_replication/analysis.json,CDE.all_units.reverse_vs_gt_history.amp,
Impromptu VLA 3B,33,open-loop trajectory (context-only),reverse - gt_history d10,contrast,40.523,37.316,43.857,2398,m,log,Wilcoxon,0.0,outputs/cross_vla_temporal_replication/analysis.json,CDE.all_units.reverse_vs_gt_history.d10,
Impromptu VLA 3B,33,open-loop trajectory (context-only),fraction of full correction effect (amplification),win1,24.26,15.64,33.84,2398,%,log,-,,outputs/cross_vla_temporal_replication/analysis.json,CDE.all_units.window_frac_of_full.win1.amp,
Impromptu VLA 3B,33,open-loop trajectory (context-only),fraction of full correction effect (amplification),win2,38.72,29.71,47.84,2398,%,log,-,,outputs/cross_vla_temporal_replication/analysis.json,CDE.all_units.window_frac_of_full.win2.amp,
Impromptu VLA 3B,33,open-loop trajectory (context-only),fraction of full correction effect (amplification),win3,90.53,87.04,95.36,2398,%,log,-,,outputs/cross_vla_temporal_replication/analysis.json,CDE.all_units.window_frac_of_full.win3.amp,
Impromptu VLA 3B,33,open-loop trajectory (context-only),fraction of full correction effect (amplification),win4,94.94,91.78,98.57,2398,%,log,-,,outputs/cross_vla_temporal_replication/analysis.json,CDE.all_units.window_frac_of_full.win4.amp,
Impromptu VLA 3B,33,open-loop trajectory (context-only),fraction of full correction effect (amplification),recent_gt,98.03,97.19,98.77,2398,%,log,-,,outputs/cross_vla_temporal_replication/analysis.json,CDE.all_units.window_frac_of_full.recent_gt.amp,
Impromptu VLA 3B,33,open-loop trajectory (context-only),dir_wrong_mag_ok - dir_ok_mag_wrong amp,contrast,15.638,8.99,24.246,2398,pp,log,McNemar,1.9673219833272718e-31,outputs/cross_vla_temporal_replication/analysis.json,CDE.all_units.motion.dir_wrong_mag_ok - dir_ok_mag_wrong.amp,
Impromptu VLA 3B,33,open-loop trajectory (context-only),dir_wrong_mag_ok - dir_ok_mag_wrong d10,contrast,18.437,15.898,20.085,2398,m,log,Wilcoxon,1.8286135229867736e-268,outputs/cross_vla_temporal_replication/analysis.json,CDE.all_units.motion.dir_wrong_mag_ok - dir_ok_mag_wrong.d10,
Impromptu VLA 3B,33,open-loop trajectory (context-only),near_gt - recent_gt amp,contrast,-0.083,-0.6,0.299,2398,pp,log,McNemar,0.8746293123804207,outputs/cross_vla_temporal_replication/analysis.json,CDE.all_units.motion.near_gt - recent_gt.amp,
Impromptu VLA 3B,33,open-loop trajectory (context-only),near_gt - recent_gt d10,contrast,0.051,-0.025,0.111,2398,m,log,Wilcoxon,0.0019642281587506265,outputs/cross_vla_temporal_replication/analysis.json,CDE.all_units.motion.near_gt - recent_gt.d10,
Impromptu VLA 3B,33,open-loop trajectory (exploratory),matched-e first substitution: next-waypoint error dir_wrong - dir_ok,contrast,0.294,0.253,0.326,2398,m,log,Wilcoxon,2.022806477279898e-99,outputs/cross_vla_temporal_replication/exploratory_matched_first_substitution.json,dir_wrong_minus_dir_ok,EXPLORATORY (not preregistered)
OpenVLA-7B,28,closed-loop task,natural success,natural,87.0,,,100,%,task (10),-,,outputs/cross_vla_replication/analysis.json,natural_success.rate,87/100; per-condition CI not computed by script
OpenVLA-7B,28,closed-loop task,rerun success - natural,natural_rep,-6.0,-14.0,2.0,100,pp,task (10),McNemar exact / task sign-flip perm,0.263 / 0.305,outputs/cross_vla_replication/analysis.json,natural_rep_vs_natural,outcome disagreement 20/100
OpenVLA-7B,28,closed-loop task,success - natural,corrected_d24,-8.0,-17.0,1.0,100,pp,task (10),McNemar exact / task sign-flip perm,0.152 / 0.211,outputs/cross_vla_replication/analysis.json,vs_natural.corrected_d24,
OpenVLA-7B,28,closed-loop task,success - natural,corrected_d8,-8.0,-15.0,0.0,100,pp,task (10),McNemar exact / task sign-flip perm,0.115 / 0.141,outputs/cross_vla_replication/analysis.json,vs_natural.corrected_d8,
OpenVLA-7B,28,closed-loop task,success - natural,feedback_d24,-3.0,-14.0,8.02,100,pp,task (10),McNemar exact / task sign-flip perm,0.648 / 0.742,outputs/cross_vla_replication/analysis.json,vs_natural.feedback_d24,
OpenVLA-7B,28,closed-loop task,success - natural,feedback_d8,-5.0,-13.0,2.02,100,pp,task (10),McNemar exact / task sign-flip perm,0.332 / 0.391,outputs/cross_vla_replication/analysis.json,vs_natural.feedback_d8,
OpenVLA-7B,28,closed-loop task,success - natural,reverse_d24,-8.0,-15.0,0.0,100,pp,task (10),McNemar exact / task sign-flip perm,0.134 / 0.141,outputs/cross_vla_replication/analysis.json,vs_natural.reverse_d24,
OpenVLA-7B,28,closed-loop task,success - natural,reverse_d8,-3.0,-9.0,3.0,100,pp,task (10),McNemar exact / task sign-flip perm,0.581 / 0.562,outputs/cross_vla_replication/analysis.json,vs_natural.reverse_d8,
OpenVLA-7B,28,closed-loop task,feedback_vs_corrected_d8,contrast,3.0,-4.0,9.0,100,pp,task (10),McNemar exact / task sign-flip perm,0.648 / 0.594,outputs/cross_vla_replication/analysis.json,feedback_vs_corrected_d8,
OpenVLA-7B,28,closed-loop task,feedback_vs_corrected_d24,contrast,5.0,-4.0,14.0,100,pp,task (10),McNemar exact / task sign-flip perm,0.359 / 0.426,outputs/cross_vla_replication/analysis.json,feedback_vs_corrected_d24,
OpenVLA-7B,28,closed-loop task,reverse_vs_natural_d8,contrast,-3.0,-9.0,3.0,100,pp,task (10),McNemar exact / task sign-flip perm,0.581 / 0.562,outputs/cross_vla_replication/analysis.json,reverse_vs_natural_d8,
OpenVLA-7B,28,closed-loop task,reverse_vs_natural_d24,contrast,-8.0,-15.0,0.0,100,pp,task (10),McNemar exact / task sign-flip perm,0.134 / 0.141,outputs/cross_vla_replication/analysis.json,reverse_vs_natural_d24,
OpenVLA-7B,28,within-step token (offline),downstream amplification (max|dbin|>=|delta|),d0_|8|_feedback,92.58,89.81,94.35,4741,%,"task (10), 1000 reps",-,,outputs/cross_vla_replication/analysis.json,phaseC.d0_|8|_feedback,"D=87.73 bins, recovered=1.5%"
OpenVLA-7B,28,within-step token (offline),downstream amplification (max|dbin|>=|delta|),d0_|24|_feedback,81.16,77.16,83.95,4741,%,"task (10), 1000 reps",-,,outputs/cross_vla_replication/analysis.json,phaseC.d0_|24|_feedback,"D=106.51 bins, recovered=0.21%"
OpenVLA-7B,28,within-step token (offline),downstream amplification (max|dbin|>=|delta|),d1_|8|_feedback,87.37,85.36,89.15,4869,%,"task (10), 1000 reps",-,,outputs/cross_vla_replication/analysis.json,phaseC.d1_|8|_feedback,"D=64.16 bins, recovered=4.15%"
OpenVLA-7B,28,within-step token (offline),downstream amplification (max|dbin|>=|delta|),d1_|24|_feedback,75.33,72.38,77.82,4869,%,"task (10), 1000 reps",-,,outputs/cross_vla_replication/analysis.json,phaseC.d1_|24|_feedback,"D=83.90 bins, recovered=1.25%"
OpenVLA-7B,28,within-step token (offline),downstream amplification (max|dbin|>=|delta|),d0_|8|_corrected,0.0,0.0,0.0,4741,%,"task (10), 1000 reps",-,,outputs/cross_vla_replication/analysis.json,phaseC.d0_|8|_corrected,"D=0.00 bins, recovered=100.0%"
OpenVLA-7B,28,within-step token (offline),downstream amplification (max|dbin|>=|delta|),d0_|8|_reverse,92.58,89.81,94.35,4741,%,"task (10), 1000 reps",-,,outputs/cross_vla_replication/analysis.json,phaseC.d0_|8|_reverse,"D=87.73 bins, recovered=1.5%"
OpenVLA-7B,28,within-step token (offline),downstream amplification (max|dbin|>=|delta|),d0_|8|_window_1,84.5,81.45,86.42,4741,%,"task (10), 1000 reps",-,,outputs/cross_vla_replication/analysis.json,phaseC.d0_|8|_window_1,"D=62.03 bins, recovered=5.55%"
OpenVLA-7B,28,within-step token (offline),downstream amplification (max|dbin|>=|delta|),d0_|8|_window_2,66.88,63.27,69.64,4741,%,"task (10), 1000 reps",-,,outputs/cross_vla_replication/analysis.json,phaseC.d0_|8|_window_2,"D=36.66 bins, recovered=19.53%"
OpenVLA-7B,28,within-step token (offline),downstream amplification (max|dbin|>=|delta|),d0_|8|_window_3,53.43,49.91,56.5,4741,%,"task (10), 1000 reps",-,,outputs/cross_vla_replication/analysis.json,phaseC.d0_|8|_window_3,"D=23.63 bins, recovered=30.73%"
OpenVLA-7B,28,within-step token (offline),downstream amplification (max|dbin|>=|delta|),d0_|8|_window_4,26.81,22.22,31.68,4741,%,"task (10), 1000 reps",-,,outputs/cross_vla_replication/analysis.json,phaseC.d0_|8|_window_4,"D=8.54 bins, recovered=60.07%"
SpatialVLA-4B,34,closed-loop task,success rate,corrected_opposite,63.75,53.75,73.75,80,%,episode,-,,outputs/cross_domain_temporal_replication/analysis.json,closed_loop.success.corrected_opposite,
SpatialVLA-4B,34,closed-loop task,success rate,corrected_perp_left,91.25,85.0,96.25,80,%,episode,-,,outputs/cross_domain_temporal_replication/analysis.json,closed_loop.success.corrected_perp_left,
SpatialVLA-4B,34,closed-loop task,success rate,feedback_opposite,65.0,55.0,75.0,80,%,episode,-,,outputs/cross_domain_temporal_replication/analysis.json,closed_loop.success.feedback_opposite,
SpatialVLA-4B,34,closed-loop task,success rate,feedback_perp_left,86.25,77.5,93.75,80,%,episode,-,,outputs/cross_domain_temporal_replication/analysis.json,closed_loop.success.feedback_perp_left,
SpatialVLA-4B,34,closed-loop task,success rate,natural,85.0,77.5,92.5,80,%,episode,-,,outputs/cross_domain_temporal_replication/analysis.json,closed_loop.success.natural,
SpatialVLA-4B,34,closed-loop task,success rate,natural_gen,93.75,87.5,98.75,80,%,episode,-,,outputs/cross_domain_temporal_replication/analysis.json,closed_loop.success.natural_gen,
SpatialVLA-4B,34,closed-loop task,success rate,natural_mix,85.0,77.5,92.5,80,%,episode,-,,outputs/cross_domain_temporal_replication/analysis.json,closed_loop.success.natural_mix,
SpatialVLA-4B,34,closed-loop task,success rate,reverse_opposite,83.75,75.0,91.25,80,%,episode,-,,outputs/cross_domain_temporal_replication/analysis.json,closed_loop.success.reverse_opposite,
SpatialVLA-4B,34,closed-loop task,success rate,reverse_perp_left,90.0,83.75,96.25,80,%,episode,-,,outputs/cross_domain_temporal_replication/analysis.json,closed_loop.success.reverse_perp_left,
SpatialVLA-4B,34,closed-loop task,success - natural,corrected_opposite,-21.25,-33.75,-7.5,80,pp,episode,McNemar exact,0.005988120567053557,outputs/cross_domain_temporal_replication/analysis.json,closed_loop.vs_natural.corrected_opposite,
SpatialVLA-4B,34,closed-loop task,success - natural,corrected_perp_left,6.25,-1.25,13.75,80,pp,episode,McNemar exact,0.2265625,outputs/cross_domain_temporal_replication/analysis.json,closed_loop.vs_natural.corrected_perp_left,
SpatialVLA-4B,34,closed-loop task,success - natural,feedback_opposite,-20.0,-31.25,-8.75,80,pp,episode,McNemar exact,0.002493917942047119,outputs/cross_domain_temporal_replication/analysis.json,closed_loop.vs_natural.feedback_opposite,
SpatialVLA-4B,34,closed-loop task,success - natural,feedback_perp_left,1.25,-8.75,11.25,80,pp,episode,McNemar exact,1.0,outputs/cross_domain_temporal_replication/analysis.json,closed_loop.vs_natural.feedback_perp_left,
SpatialVLA-4B,34,closed-loop task,success - natural,natural_gen,8.75,1.25,16.25,80,pp,episode,McNemar exact,0.0654296875,outputs/cross_domain_temporal_replication/analysis.json,closed_loop.vs_natural.natural_gen,
SpatialVLA-4B,34,closed-loop task,success - natural,natural_mix,0.0,0.0,0.0,80,pp,episode,McNemar exact,1.0,outputs/cross_domain_temporal_replication/analysis.json,closed_loop.vs_natural.natural_mix,
SpatialVLA-4B,34,closed-loop task,success - natural,reverse_opposite,-1.25,-11.25,8.75,80,pp,episode,McNemar exact,1.0,outputs/cross_domain_temporal_replication/analysis.json,closed_loop.vs_natural.reverse_opposite,
SpatialVLA-4B,34,closed-loop task,success - natural,reverse_perp_left,5.0,-3.75,13.75,80,pp,episode,McNemar exact,0.3876953125,outputs/cross_domain_temporal_replication/analysis.json,closed_loop.vs_natural.reverse_perp_left,
SpatialVLA-4B,34,closed-loop trajectory,endpoint divergence vs natural,corrected_opposite,0.4232,0.3699,0.4821,80,m,episode,-,,outputs/cross_domain_temporal_replication/analysis.json,closed_loop.final_traj_divergence_vs_natural_m.corrected_opposite,
SpatialVLA-4B,34,closed-loop trajectory,endpoint divergence vs natural,corrected_perp_left,0.4159,0.3702,0.4635,80,m,episode,-,,outputs/cross_domain_temporal_replication/analysis.json,closed_loop.final_traj_divergence_vs_natural_m.corrected_perp_left,
SpatialVLA-4B,34,closed-loop trajectory,endpoint divergence vs natural,feedback_opposite,0.4367,0.3781,0.4996,80,m,episode,-,,outputs/cross_domain_temporal_replication/analysis.json,closed_loop.final_traj_divergence_vs_natural_m.feedback_opposite,
SpatialVLA-4B,34,closed-loop trajectory,endpoint divergence vs natural,feedback_perp_left,0.4217,0.3798,0.4706,80,m,episode,-,,outputs/cross_domain_temporal_replication/analysis.json,closed_loop.final_traj_divergence_vs_natural_m.feedback_perp_left,
SpatialVLA-4B,34,closed-loop trajectory,endpoint divergence vs natural,natural_gen,0.1396,0.1002,0.1855,80,m,episode,-,,outputs/cross_domain_temporal_replication/analysis.json,closed_loop.final_traj_divergence_vs_natural_m.natural_gen,
SpatialVLA-4B,34,closed-loop trajectory,endpoint divergence vs natural,natural_mix,0.0027,0.0,0.0072,80,m,episode,-,,outputs/cross_domain_temporal_replication/analysis.json,closed_loop.final_traj_divergence_vs_natural_m.natural_mix,
SpatialVLA-4B,34,closed-loop trajectory,endpoint divergence vs natural,reverse_opposite,0.2322,0.1839,0.2849,80,m,episode,-,,outputs/cross_domain_temporal_replication/analysis.json,closed_loop.final_traj_divergence_vs_natural_m.reverse_opposite,
SpatialVLA-4B,34,closed-loop trajectory,endpoint divergence vs natural,reverse_perp_left,0.2092,0.1705,0.2523,80,m,episode,-,,outputs/cross_domain_temporal_replication/analysis.json,closed_loop.final_traj_divergence_vs_natural_m.reverse_perp_left,
SpatialVLA-4B,34,closed-loop task,context_feedback_effect: feedback - corrected (opposite),contrast,1.2500,-12.5000,13.7500,80,pp,episode,McNemar exact,1,paper_quantitative_package/spatialvla_closed_loop_paired.csv,feedback - corrected (opposite),recomputed: _parts/scripts/svla_closed_loop_paired.py
SpatialVLA-4B,34,closed-loop task,context_feedback_effect: reverse - natural (opposite),contrast,-1.2500,-11.2500,8.7500,80,pp,episode,McNemar exact,1,paper_quantitative_package/spatialvla_closed_loop_paired.csv,reverse - natural (opposite),recomputed: _parts/scripts/svla_closed_loop_paired.py
SpatialVLA-4B,34,closed-loop task,context_feedback_effect: feedback - corrected (perp_left),contrast,-5.0000,-12.5000,1.2500,80,pp,episode,McNemar exact,0.2891,paper_quantitative_package/spatialvla_closed_loop_paired.csv,feedback - corrected (perp_left),recomputed: _parts/scripts/svla_closed_loop_paired.py
SpatialVLA-4B,34,closed-loop task,context_feedback_effect: reverse - natural (perp_left),contrast,5.0000,-3.7500,13.7500,80,pp,episode,McNemar exact,0.3877,paper_quantitative_package/spatialvla_closed_loop_paired.csv,reverse - natural (perp_left),recomputed: _parts/scripts/svla_closed_loop_paired.py
SpatialVLA-4B,34,closed-loop task,executed_action_effect: corrected - natural (opposite),contrast,-21.2500,-33.7500,-7.5000,80,pp,episode,McNemar exact,0.005988,paper_quantitative_package/spatialvla_closed_loop_paired.csv,corrected - natural (opposite),recomputed: _parts/scripts/svla_closed_loop_paired.py
SpatialVLA-4B,34,closed-loop task,executed_action_effect: feedback - reverse (opposite),contrast,-18.7500,-31.2500,-7.5000,80,pp,episode,McNemar exact,0.004077,paper_quantitative_package/spatialvla_closed_loop_paired.csv,feedback - reverse (opposite),recomputed: _parts/scripts/svla_closed_loop_paired.py
SpatialVLA-4B,34,closed-loop task,executed_action_effect: corrected - natural (perp_left),contrast,6.2500,-1.2500,13.7500,80,pp,episode,McNemar exact,0.2266,paper_quantitative_package/spatialvla_closed_loop_paired.csv,corrected - natural (perp_left),recomputed: _parts/scripts/svla_closed_loop_paired.py
SpatialVLA-4B,34,closed-loop task,executed_action_effect: feedback - reverse (perp_left),contrast,-3.7500,-12.5000,5.0000,80,pp,episode,McNemar exact,0.5811,paper_quantitative_package/spatialvla_closed_loop_paired.csv,feedback - reverse (perp_left),recomputed: _parts/scripts/svla_closed_loop_paired.py
SpatialVLA-4B,34,token (offline),amplification A>=1,normal,22.0553,19.4701,24.6957,18975,%,"episode (task,seed)",-,,outputs/cross_domain_temporal_replication/analysis.json,token_level.all.means.normal.amp,
SpatialVLA-4B,34,token (offline),step-4 deviation (normalized),normal,0.0561,0.0499,0.0626,18975,norm. units,"episode (task,seed)",-,,outputs/cross_domain_temporal_replication/analysis.json,token_level.all.means.normal.dev4,
SpatialVLA-4B,34,token (offline),amplification A>=1,recent_ref,13.7497,11.8272,15.7767,18975,%,"episode (task,seed)",-,,outputs/cross_domain_temporal_replication/analysis.json,token_level.all.means.recent_ref.amp,
SpatialVLA-4B,34,token (offline),step-4 deviation (normalized),recent_ref,0.0162,0.0138,0.0191,18975,norm. units,"episode (task,seed)",-,,outputs/cross_domain_temporal_replication/analysis.json,token_level.all.means.recent_ref.dev4,
SpatialVLA-4B,34,token (offline),amplification A>=1,full_ref,13.5072,11.6815,15.4142,18975,%,"episode (task,seed)",-,,outputs/cross_domain_temporal_replication/analysis.json,token_level.all.means.full_ref.amp,
SpatialVLA-4B,34,token (offline),step-4 deviation (normalized),full_ref,0.0098,0.0078,0.0122,18975,norm. units,"episode (task,seed)",-,,outputs/cross_domain_temporal_replication/analysis.json,token_level.all.means.full_ref.dev4,
SpatialVLA-4B,34,token (offline),amplification A>=1,win1,15.3887,13.3646,17.5872,18975,%,"episode (task,seed)",-,,outputs/cross_domain_temporal_replication/analysis.json,token_level.all.means.win1.amp,
SpatialVLA-4B,34,token (offline),step-4 deviation (normalized),win1,0.0271,0.0234,0.0315,18975,norm. units,"episode (task,seed)",-,,outputs/cross_domain_temporal_replication/analysis.json,token_level.all.means.win1.dev4,
SpatialVLA-4B,34,token (offline),amplification A>=1,reverse,18.6034,16.3392,20.9003,18975,%,"episode (task,seed)",-,,outputs/cross_domain_temporal_replication/analysis.json,token_level.all.means.reverse.amp,
SpatialVLA-4B,34,token (offline),step-4 deviation (normalized),reverse,0.0566,0.0504,0.0632,18975,norm. units,"episode (task,seed)",-,,outputs/cross_domain_temporal_replication/analysis.json,token_level.all.means.reverse.dev4,
SpatialVLA-4B,34,token (offline),recent_ref - normal amp,contrast,-8.3057,-9.3066,-7.3842,18975,pp,episode,McNemar,6.709529915857102e-261,outputs/cross_domain_temporal_replication/analysis.json,token_level.all.vs_normal.recent_ref.amp,
SpatialVLA-4B,34,token (offline),recent_ref - normal dev4,contrast,-0.0399,-0.0446,-0.0354,18975,norm. units,episode,Wilcoxon,0.0,outputs/cross_domain_temporal_replication/analysis.json,token_level.all.vs_normal.recent_ref.dev4,
SpatialVLA-4B,34,token (offline),full_ref - normal amp,contrast,-8.5481,-9.6177,-7.5375,18975,pp,episode,McNemar,2.0426281662504175e-273,outputs/cross_domain_temporal_replication/analysis.json,token_level.all.vs_normal.full_ref.amp,
SpatialVLA-4B,34,token (offline),full_ref - normal dev4,contrast,-0.0462,-0.0514,-0.0413,18975,norm. units,episode,Wilcoxon,0.0,outputs/cross_domain_temporal_replication/analysis.json,token_level.all.vs_normal.full_ref.dev4,
SpatialVLA-4B,34,token (offline),win1 - normal amp,contrast,-6.6667,-7.4872,-5.8603,18975,pp,episode,McNemar,2.028501303730382e-172,outputs/cross_domain_temporal_replication/analysis.json,token_level.all.vs_normal.win1.amp,
SpatialVLA-4B,34,token (offline),win1 - normal dev4,contrast,-0.0289,-0.0326,-0.0252,18975,norm. units,episode,Wilcoxon,9.114830069107573e-275,outputs/cross_domain_temporal_replication/analysis.json,token_level.all.vs_normal.win1.dev4,
SpatialVLA-4B,34,token (offline),reverse - full_ref amp,contrast,5.0962,4.3874,5.8433,18975,pp,episode,McNemar,1.9202854546416404e-162,outputs/cross_domain_temporal_replication/analysis.json,token_level.all.reverse_vs_full_ref.amp,
SpatialVLA-4B,34,token (offline),reverse - full_ref dev4,contrast,0.0468,0.0418,0.0519,18975,norm. units,episode,Wilcoxon,0.0,outputs/cross_domain_temporal_replication/analysis.json,token_level.all.reverse_vs_full_ref.dev4,
SpatialVLA-4B,34,token (offline),dir_wrong_mag_ok - dir_ok_mag_wrong amp,contrast,1.61,0.4,2.84,10542,pp,episode,McNemar,7.300295872926922e-05,outputs/cross_domain_temporal_replication/analysis.json,token_level.motion.dir_wrong_mag_ok - dir_ok_mag_wrong.amp,
SpatialVLA-4B,34,token (offline),near_ref - ref_trans amp,contrast,4.31,3.17,5.62,10542,pp,episode,McNemar,4.227477707512312e-31,outputs/cross_domain_temporal_replication/analysis.json,token_level.motion.near_ref - ref_trans.amp,
SpatialVLA-4B,34,token (offline),same-frame coexistence recovered & amplified,d0.15,25.12,21.81,28.69,1600,%,episode,-,,outputs/cross_domain_temporal_replication/analysis.json,token_level.B.d0.15.coexist_recovered_and_amplified,
SpatialVLA-4B,34,token (offline),same-frame coexistence recovered & amplified,d0.3,15.25,12.75,17.88,1600,%,episode,-,,outputs/cross_domain_temporal_replication/analysis.json,token_level.B.d0.3.coexist_recovered_and_amplified,
SpatialVLA-4B,34,token (offline),fraction of full_ref step-4 deviation reduction,recent_ref,86.3,,,18975,%,episode,-,,outputs/cross_domain_temporal_replication/analysis.json,"derived from token_level.all.means.{normal,full_ref,recent_ref}.dev4",derived ratio; CI not reported
SpatialVLA-4B,34,token (offline),fraction of full_ref step-4 deviation reduction,win1,62.6,,,18975,%,episode,-,,outputs/cross_domain_temporal_replication/analysis.json,"derived from token_level.all.means.{normal,full_ref,win1}.dev4",derived ratio; CI not reported
