detector_key,detector,pre_auroc,pre_auroc_ci95_lo,pre_auroc_ci95_hi,pre_within_scene_auroc,post_auroc,post_auroc_ci95_lo,post_auroc_ci95_hi,post_within_scene_auroc,post_auprc,post_auprc_ci95_lo,post_auprc_ci95_hi,pre_auprc,prevalence_heldout,n_amplifying_heldout,dev_N,heldout_N,heldout_n_mixed_scenes,dev_pre_auroc,dev_post_auroc,dev_value_type,probe_layer,probe_hparam,note,source_json_keys
entropy,Entropy,0.6335,0.6067,0.6582,0.5164,0.8232,0.8088,0.8417,0.7858,0.2148,0.1937,0.2433,0.1123,0.0584,2538,42095,43469,1091,0.6077,0.7789,"dev pooled AUROC (fixed sign, no training)",,,"fixed sign, no tuning",autovla_misalignment_poc/outputs/instability_detection_baselines/detection.json: heldout.entropy_pre / heldout.entropy_post; dev.entropy_pre/post
loglik,Log-likelihood,0.5695,0.5488,0.5873,0.5957,0.8318,0.8196,0.8462,0.8111,0.2456,0.2246,0.2702,0.1016,0.0584,2538,42095,43469,1091,0.5362,0.7885,"dev pooled AUROC (fixed sign, no training)",,,"fixed sign, no tuning",autovla_misalignment_poc/outputs/instability_detection_baselines/detection.json: heldout.loglik_pre / heldout.loglik_post; dev.loglik_pre/post
margin,Probability margin,0.5893,0.5607,0.6147,0.5039,0.7690,0.7554,0.7862,0.7160,0.1321,0.1194,0.1475,0.0877,0.0584,2538,42095,43469,1091,0.5656,0.7337,"dev pooled AUROC (fixed sign, no training)",,,"fixed sign, no tuning",autovla_misalignment_poc/outputs/instability_detection_baselines/detection.json: heldout.margin_pre / heldout.margin_post; dev.margin_pre/post
cand_variance,Candidate variance (scene-level),0.5816,0.5656,0.5983,0.4318,0.7973,0.7862,0.8104,0.4308,0.1571,0.1395,0.1808,0.0723,0.0584,2538,42095,43469,1091,0.5584,0.7770,"dev pooled AUROC (fixed sign, no training)",,,"fixed sign, no tuning; scene-level score (nearly constant within scene) so within-scene AUROC is not meaningful (report shows it in parentheses)",autovla_misalignment_poc/outputs/instability_detection_baselines/detection.json: heldout.cand_variance_pre / heldout.cand_variance_post; dev.cand_variance_pre/post
disagreement,Pairwise disagreement,0.6203,0.6040,0.6365,0.5386,0.9005,0.8904,0.9125,0.8978,0.3810,0.3495,0.4194,0.1006,0.0584,2538,42095,43469,1091,0.5841,0.8608,"dev pooled AUROC (fixed sign, no training)",,,"fixed sign, no tuning",autovla_misalignment_poc/outputs/instability_detection_baselines/detection.json: heldout.disagreement_pre / heldout.disagreement_post; dev.disagreement_pre/post
medoid_dist,Medoid distance,0.6297,0.6102,0.6523,0.6490,0.8831,0.8657,0.9006,0.9036,0.4035,0.3678,0.4398,0.1290,0.0584,2538,42095,43469,1091,0.5827,0.8255,"dev pooled AUROC (fixed sign, no training)",,,"fixed sign, no tuning",autovla_misalignment_poc/outputs/instability_detection_baselines/detection.json: heldout.medoid_dist_pre / heldout.medoid_dist_post; dev.medoid_dist_pre/post
probe_logreg,Hidden logistic probe,0.6309,0.6110,0.6508,0.5486,0.7648,0.7469,0.7861,0.7543,0.1984,0.1749,0.2307,0.0839,0.0584,2538,42095,43469,1091,0.6321,0.7046,dev log-grouped 3-fold CV AUROC (probe selection),pre L18 / post L18,pre C=0.001 / post C=0.001,trained on dev only; layer+hparam chosen by dev 3-fold CV; applied once to held-out,autovla_misalignment_poc/outputs/instability_detection_baselines/detection.json: heldout.probe_logreg_pre / heldout.probe_logreg_post; dev.probe_logreg_pre/post (dev_cv_auroc)
probe_ridge,Hidden ridge probe,0.6108,0.5909,0.6298,0.5393,0.7450,0.7264,0.7683,0.7451,0.1819,0.1611,0.2117,0.0780,0.0584,2538,42095,43469,1091,0.6133,0.6872,dev log-grouped 3-fold CV AUROC (probe selection),pre L18 / post L18,pre alpha=10000.0 / post alpha=10000.0,trained on dev only; layer+hparam chosen by dev 3-fold CV; applied once to held-out,autovla_misalignment_poc/outputs/instability_detection_baselines/detection.json: heldout.probe_ridge_pre / heldout.probe_ridge_post; dev.probe_ridge_pre/post (dev_cv_auroc)
probe_mlp,Hidden MLP probe,0.6224,0.6009,0.6426,0.5487,0.7488,0.7262,0.7719,0.7363,0.1750,0.1495,0.2065,0.0867,0.0584,2538,42095,43469,1091,0.6152,0.7202,dev log-grouped 3-fold CV AUROC (probe selection),pre L18 / post L18,pre alpha=0.01 / post alpha=0.01,trained on dev only; layer+hparam chosen by dev 3-fold CV; applied once to held-out,autovla_misalignment_poc/outputs/instability_detection_baselines/detection.json: heldout.probe_mlp_pre / heldout.probe_mlp_post; dev.probe_mlp_pre/post (dev_cv_auroc)
