claim,source_doc,code_file_line,commit,raw_file,verified_from,status,note
"navhard EPDMS scored with official NAVSIM v2 run_pdm_score_from_submission.py",PAPER_EVIDENCE.md:932; SOURCE_MAP.md:305,autovla_misalignment_poc/scripts/navhard_group_scores.py:14-15; navsim_v2/navsim/planning/script/run_pdm_score_from_submission.py,96a595c/1b91b0f; navsim_v2 0a380a9,/root/VLA/navhard/exp/*/*/log.txt (75 runs),raw,confirmed,"all 75 logs reference navsim_v2 script; tracked files of navsim_v2 unmodified"
"navhard evaluator includes 2025-09-29 human-filter fix (Issue #151)",(not stated in package),navsim_v2/navsim/evaluate/pdm_score.py:171-218,navsim_v2 359c7f7 ancestor of 0a380a9,/root/VLA/navhard/exp/*/*/code/hydra/config.yaml (human_penalty_filter: true x75),code_only,confirmed (inferred import path),"clone 2026-09-29 21:48 UTC precedes all scoring runs (2026-09-30..10-03); upstream main still 0a380a9 (ls-remote 2026-10-08); package never records navsim_v2 commit"
"held-out PDMS (exp 21-24) = navsim default PDMS (NAVSIM v1, non-reactive)",SOURCE_MAP.md:278; PAPER_EVIDENCE.md:845,916,autovla_misalignment_poc/scripts/pdm_score_candidates.py:36-37;53;73,513fdba,O/pdm_score_best_of_n/heldout/pdm_scores.jsonl,code_only,confirmed,"vendored autovla/navsim v1.1.0 (AutoVLA ba34eed); no human filter -> 2025-09-29 fix not applicable; upstream base commit unverified"
"safety filter F1 flags use human_penalty_filter off",PAPER_EVIDENCE.md:942; NAVHARD_CLOSED_LOOP.md:14,autovla_misalignment_poc/scripts/navhard_safety_flags.py:78,96a595c/1b91b0f,O/navhard_eval/safety_flags,code_only,confirmed,"feature computation, not the evaluator"
"Impromptu waypoints parsed as 10 '[x, y]' pairs",cross_vla_temporal_replication/PROTOCOL.md,autovla_misalignment_poc/scripts/cross_vla_temporal/impromptu_core.py:34;50-51,038a6d3,exp_ab/records.jsonl; exp_cde/records.jsonl,raw,confirmed,"natural <10 -> scene error (0 occurrences)"
"A/B analysed on 2,728 of 2,748 scenes",RESULTS.md:39,analyze_temporal.py:76; exp_ab.py:61-62,698148a,exp_ab/records.jsonl,raw,confirmed,"20 scenes dropped for any non-10-waypoint perturbation row (m0.2_d135 5, m0.5_d135 6, m0.2_d45 4, m0.5_d90 2, others 1 each)"
"C/D/E = 300 scenes x 8 dirs = 2,398 units",RESULTS.md:41,exp_cde.py:201-204; analyze_temporal.py:142,038a6d3/698148a,exp_cde/records.jsonl,raw,confirmed,"2 parse-fail events (normal 1, dir_wrong_mag_ok 1) -> 2 units excluded across all rows; failing value imputed by previous waypoint before exclusion"
"GT = logged 5 s future, ego frame x fwd y left, 0.5 s",PROTOCOL.md; impromptu_core.py docstring,impromptu_core.py:61-68;98-100,038a6d3,exp_ab/records.jsonl gt,raw,confirmed,"equals AutoVLA full_extract trajectory_gt within 0.0005 m for 2,748 scenes; all scenes i>=3 and i+10 in range; dt 0.499-0.501 s"
"waypoint text quantised to 2 decimals as training answers",impromptu_core.py:39,impromptu_core.py:38-47,038a6d3,exp_cde ctx_k10 (3-dec rounded),code_only,confirmed,"records store 3-decimal values; model sees 2-decimal text"
"C/D/E context-only: executed trajectory is row's own output",RESULTS.md:41,exp_cde.py:116-155;208,038a6d3,exp_cde/records.jsonl rows + ctx_k10,raw,confirmed,"prompt KV shared; suffix re-fed each step on fresh cache copy (impromptu_core.py:195-204) -> no stale KV"
"recent_gt = only the most recent waypoint GT",PROTOCOL.md:54; RESULTS.md:92,exp_cde.py:129-130,038a6d3,exp_cde ctx_k10,raw,confirmed,"applied at every step k=3..10 (8 applications, width 1, sliding); not a single one-time correction"
"win_w = waypoints 2..1+w GT (3-step window ~91%)",PROTOCOL.md:52; RESULTS.md:87-94;130,exp_cde.py:125-126,038a6d3,exp_cde ctx_k10,raw,confirmed,"fixed absolute span re-applied at every later step; 'window' = number of corrected positions, each held for the rest of the decode"
"reverse = GT context + row's own erroneous last waypoint",PROTOCOL.md:55; RESULTS.md:97-107,exp_cde.py:131-132;193;200-202,038a6d3,exp_cde ctx_k10,raw,confirmed,"source branch = reverse row itself (own['reverse']), not Normal branch; at k=3 identical to normal context"
"Impromptu metrics identical to AutoVLA (P/R/A, amp FDE5>3 m)",RESULTS.md; analyze_temporal.py docstring,analyze_temporal.py:24;31-34 -> analyze_action_history.py:45;51-54,698148a,-,code_only,confirmed,"d10 = final-waypoint distance to delta=0 reference unit of same row"
"normal row and natural decode use different numeric paths",PROTOCOL.md:86-87,impromptu_core.py:133-143 vs 146-226,038a6d3,-,code_only,confirmed (acknowledged),"HF generate vs custom KV decoder; 0.01-0.05 m differences per PROTOCOL"
