family,group,condition,metric,scene_mean,ci95_lo,ci95_hi,unit_mean,n_units,n_scenes,n_logs,ood_mean_d_entropy1
G,A-,C1,dev9_ref,1.4664416816791448,0.9119637841367413,2.020919579221548,1.4664416816791448,2,2,2,1.48675
G,A-,C1,suffix_loc,0.1725684325474223,0.14577782446595364,0.19935904062889095,0.1725684325474223,2,2,2,1.48675
G,A-,C1,suffix_yaw,0.03621946816332163,0.03083562824246348,0.04160330808417978,0.03621946816332163,2,2,2,1.48675
G,A-,C1,follow,0.4923857234367758,0.03351079941387114,0.9512606474596804,0.4923857234367758,2,2,2,1.48675
G,A-,C1,severe_ref3,0.0,0.0,0.0,0.0,2,2,2,1.48675
G,A-,C1,ref_amp3,0.0,0.0,0.0,0.0,2,2,2,1.48675
G,A-,C1,amplification,1.0,1.0,1.0,1.0,2,2,2,1.48675
G,A-,C1,fde5,7.186948611369551,3.352453945823265,11.021443276915836,7.186948611369551,2,2,2,1.48675
G,A-,C1,log2_growth,3.8322616345758824,3.336154772372796,4.328368496778969,3.8322616345758824,2,2,2,1.48675
G,A-,CM,dev9_ref,3.7863053863032494,3.638428002133068,3.9341827704734307,3.7863053863032494,2,2,2,
G,A-,CM,suffix_loc,0.42283450441467385,0.28964626079493744,0.5560227480344103,0.42283450441467385,2,2,2,
G,A-,CM,suffix_yaw,0.06921041219589222,0.050123486878114853,0.08829733751366958,0.06921041219589222,2,2,2,
G,A-,CM,follow,-2.018726237807128,-4.749233339347464,0.7117808637332084,-2.018726237807128,2,2,2,
G,A-,CM,severe_ref3,1.0,1.0,1.0,1.0,2,2,2,
G,A-,CM,ref_amp3,0.0,0.0,0.0,0.0,2,2,2,
G,A-,CM,amplification,0.5,0.0,1.0,0.5,2,2,2,
G,A-,CM,fde5,6.926755877366762,5.917495244192737,7.936016510540787,6.926755877366762,2,2,2,
G,A-,CM,log2_growth,5.310921081951943,5.289420567252867,5.332421596651019,5.310921081951943,2,2,2,
G,A-,Geo,dev9_ref,0.23402404451559777,0.1067594518766341,0.36128863715456144,0.23402404451559777,2,2,2,
G,A-,Geo,suffix_loc,0.0,0.0,0.0,0.0,2,2,2,
G,A-,Geo,suffix_yaw,0.0,0.0,0.0,0.0,2,2,2,
G,A-,Geo,follow,0.0,0.0,0.0,0.0,2,2,2,
G,A-,Geo,severe_ref3,0.0,0.0,0.0,0.0,2,2,2,
G,A-,Geo,ref_amp3,0.0,0.0,0.0,0.0,2,2,2,
G,A-,Geo,amplification,0.5,0.0,1.0,0.5,2,2,2,
G,A-,Geo,fde5,7.164753350731016,2.830328025339899,11.499178676122133,7.164753350731016,2,2,2,
G,A-,Geo,log2_growth,1.04306120696759,0.24154204262371512,1.844580371311465,1.04306120696759,2,2,2,
G,A-,O1,dev9_ref,0.23402404451559777,0.1067594518766341,0.36128863715456144,0.23402404451559777,2,2,2,0.0
G,A-,O1,suffix_loc,0.0,0.0,0.0,0.0,2,2,2,0.0
G,A-,O1,suffix_yaw,0.0,0.0,0.0,0.0,2,2,2,0.0
G,A-,O1,follow,0.0,0.0,0.0,0.0,2,2,2,0.0
G,A-,O1,severe_ref3,0.0,0.0,0.0,0.0,2,2,2,0.0
G,A-,O1,ref_amp3,0.0,0.0,0.0,0.0,2,2,2,0.0
G,A-,O1,amplification,0.5,0.0,1.0,0.5,2,2,2,0.0
G,A-,O1,fde5,7.164753350731016,2.830328025339899,11.499178676122133,7.164753350731016,2,2,2,0.0
G,A-,O1,log2_growth,1.04306120696759,0.24154204262371512,1.844580371311465,1.04306120696759,2,2,2,0.0
G,A-,OC,dev9_ref,1.3826223148278318,0.9452122532733096,1.8200323763823543,1.3826223148278318,2,2,2,1.48675
G,A-,OC,suffix_loc,0.1725684325474223,0.14577782446595364,0.19935904062889095,0.1725684325474223,2,2,2,1.48675
G,A-,OC,suffix_yaw,0.03621946816332163,0.03083562824246348,0.04160330808417978,0.03621946816332163,2,2,2,1.48675
G,A-,OC,follow,0.4923857234367758,0.03351079941387114,0.9512606474596804,0.4923857234367758,2,2,2,1.48675
G,A-,OC,severe_ref3,0.0,0.0,0.0,0.0,2,2,2,1.48675
G,A-,OC,ref_amp3,0.0,0.0,0.0,0.0,2,2,2,1.48675
G,A-,OC,amplification,1.0,1.0,1.0,1.0,2,2,2,1.48675
G,A-,OC,fde5,7.2587914766748405,3.4145292594787824,11.103053693870898,7.2587914766748405,2,2,2,1.48675
G,A-,OC,log2_growth,3.7825686351375314,3.3878165709153074,4.177320699359756,3.7825686351375314,2,2,2,1.48675
G,A-,OC_gtH,dev9_ref,5.239727541581488,1.5116408878622578,8.967814195300718,5.239727541581488,2,2,2,1.48675
G,A-,OC_gtH,suffix_loc,0.919021819688836,0.2900464757290203,1.5479971636486518,0.919021819688836,2,2,2,1.48675
G,A-,OC_gtH,suffix_yaw,0.040357751616287435,0.03787334364245298,0.04284215959012189,0.040357751616287435,2,2,2,1.48675
G,A-,OC_gtH,follow,-7.808592526990795,-14.714799851374488,-0.9023852026071021,-7.808592526990795,2,2,2,1.48675
G,A-,OC_gtH,severe_ref3,0.5,0.0,1.0,0.5,2,2,2,1.48675
G,A-,OC_gtH,ref_amp3,0.5,0.0,1.0,0.5,2,2,2,1.48675
G,A-,OC_gtH,amplification,0.0,0.0,0.0,0.0,2,2,2,1.48675
G,A-,OC_gtH,fde5,2.0945247010715007,1.4344215661091229,2.7546278360338787,2.0945247010715007,2,2,2,1.48675
G,A-,OC_gtH,log2_growth,5.271667376543153,3.909472031950714,6.633862721135591,5.271667376543153,2,2,2,1.48675
G,A-,OC_gtR,dev9_ref,4.999360629674587,1.6449593166157643,8.35376194273341,4.999360629674587,2,2,2,1.48675
G,A-,OC_gtR,suffix_loc,0.8766542069939638,0.2984546030868712,1.4548538109010565,0.8766542069939638,2,2,2,1.48675
G,A-,OC_gtR,suffix_yaw,0.036054175452515214,0.03339655445722567,0.03871179644780476,0.036054175452515214,2,2,2,1.48675
G,A-,OC_gtR,follow,-7.4670709396730786,-13.913367669019856,-1.020774210326302,-7.4670709396730786,2,2,2,1.48675
G,A-,OC_gtR,severe_ref3,0.5,0.0,1.0,0.5,2,2,2,1.48675
G,A-,OC_gtR,ref_amp3,0.5,0.0,1.0,0.5,2,2,2,1.48675
G,A-,OC_gtR,amplification,0.0,0.0,0.0,0.0,2,2,2,1.48675
G,A-,OC_gtR,fde5,2.3858696083183206,1.2496283891886952,3.522110827447946,2.3858696083183206,2,2,2,1.48675
G,A-,OC_gtR,log2_growth,5.2814704268743125,4.031408488191398,6.531532365557226,5.2814704268743125,2,2,2,1.48675
G,A-,OC_ref1,dev9_ref,4.634834768573764,0.32592802469257476,8.943741512454954,4.634834768573764,2,2,2,1.48675
G,A-,OC_ref1,suffix_loc,0.6083290632426908,0.09680889009311094,1.1198492363922705,0.6083290632426908,2,2,2,1.48675
G,A-,OC_ref1,suffix_yaw,0.02586781858930895,0.016236979298554166,0.03549865788006373,0.02586781858930895,2,2,2,1.48675
G,A-,OC_ref1,follow,-3.5689823742801337,-6.674629055481839,-0.4633356930784282,-3.5689823742801337,2,2,2,1.48675
G,A-,OC_ref1,severe_ref3,0.5,0.0,1.0,0.5,2,2,2,1.48675
G,A-,OC_ref1,ref_amp3,0.5,0.0,1.0,0.5,2,2,2,1.48675
G,A-,OC_ref1,amplification,1.0,1.0,1.0,1.0,2,2,2,1.48675
G,A-,OC_ref1,fde5,8.903468606926605,6.674097866127556,11.132839347725655,8.903468606926605,2,2,2,1.48675
G,A-,OC_ref1,log2_growth,4.162983361545189,1.851731645614394,6.474235077475983,4.162983361545189,2,2,2,1.48675
G,A-,OC_refH,dev9_ref,0.9872661490915862,0.29220682888152755,1.6823254693016447,0.9872661490915862,2,2,2,1.48675
G,A-,OC_refH,suffix_loc,0.11633382220792671,0.08863973406955598,0.14402791034629744,0.11633382220792671,2,2,2,1.48675
G,A-,OC_refH,suffix_yaw,0.020562778170428814,0.01630242313241359,0.024823133208444037,0.020562778170428814,2,2,2,1.48675
G,A-,OC_refH,follow,-0.18127394244566464,-0.4616808407045988,0.09913295581326953,-0.18127394244566464,2,2,2,1.48675
G,A-,OC_refH,severe_ref3,0.0,0.0,0.0,0.0,2,2,2,1.48675
G,A-,OC_refH,ref_amp3,0.0,0.0,0.0,0.0,2,2,2,1.48675
G,A-,OC_refH,amplification,0.5,0.0,1.0,0.5,2,2,2,1.48675
G,A-,OC_refH,fde5,6.520721716868322,1.4094831278894062,11.631960305847239,6.520721716868322,2,2,2,1.48675
G,A-,OC_refH,log2_growth,2.8789907801179875,1.6941681334410654,4.063813426794909,2.8789907801179875,2,2,2,1.48675
G,A-,OC_refR,dev9_ref,1.8092808494308705,0.9178387656446007,2.7007229332171403,1.8092808494308705,2,2,2,1.48675
G,A-,OC_refR,suffix_loc,0.17149676261927707,0.11404738096116672,0.2289461442773874,0.17149676261927707,2,2,2,1.48675
G,A-,OC_refR,suffix_yaw,0.031994227100928245,0.022969635584510744,0.04101881861734574,0.031994227100928245,2,2,2,1.48675
G,A-,OC_refR,follow,-0.6073012392132492,-1.1213016299737089,-0.09330084845278962,-0.6073012392132492,2,2,2,1.48675
G,A-,OC_refR,severe_ref3,0.0,0.0,0.0,0.0,2,2,2,1.48675
G,A-,OC_refR,ref_amp3,0.0,0.0,0.0,0.0,2,2,2,1.48675
G,A-,OC_refR,amplification,0.5,0.0,1.0,0.5,2,2,2,1.48675
G,A-,OC_refR,fde5,6.095518204007885,1.0547844942925162,11.136251913723253,6.095518204007885,2,2,2,1.48675
G,A-,OC_refR,log2_growth,4.0460606033927995,3.3454189804839816,4.746702226301618,4.0460606033927995,2,2,2,1.48675
G,A-,O_refH,dev9_ref,0.23402404451559777,0.1067594518766341,0.36128863715456144,0.23402404451559777,2,2,2,0.0
G,A-,O_refH,suffix_loc,0.0,0.0,0.0,0.0,2,2,2,0.0
G,A-,O_refH,suffix_yaw,0.0,0.0,0.0,0.0,2,2,2,0.0
G,A-,O_refH,follow,0.0,0.0,0.0,0.0,2,2,2,0.0
G,A-,O_refH,severe_ref3,0.0,0.0,0.0,0.0,2,2,2,0.0
G,A-,O_refH,ref_amp3,0.0,0.0,0.0,0.0,2,2,2,0.0
G,A-,O_refH,amplification,0.5,0.0,1.0,0.5,2,2,2,0.0
G,A-,O_refH,fde5,7.164753350731016,2.830328025339899,11.499178676122133,7.164753350731016,2,2,2,0.0
G,A-,O_refH,log2_growth,1.04306120696759,0.24154204262371512,1.844580371311465,1.04306120696759,2,2,2,0.0
G,A-,U,dev9_ref,0.0,0.0,0.0,0.0,2,2,2,0.0
G,A-,U,suffix_loc,0.0,0.0,0.0,0.0,2,2,2,0.0
G,A-,U,suffix_yaw,0.0,0.0,0.0,0.0,2,2,2,0.0
G,A-,U,follow,0.0,0.0,0.0,0.0,2,2,2,0.0
G,A-,U,severe_ref3,0.0,0.0,0.0,0.0,2,2,2,0.0
G,A-,U,ref_amp3,0.0,0.0,0.0,0.0,2,2,2,0.0
G,A-,U,amplification,0.5,0.0,1.0,0.5,2,2,2,0.0
G,A-,U,fde5,6.983932951576133,2.5467886665103694,11.421077236641896,6.983932951576133,2,2,2,0.0
