family,group,condition,pose_offset_from_tp,scene_mean_dev_ref,n_scenes,n_units
G,A-,C1,0,0.0,2,2
G,A-,C1,1,0.1972039186212336,2,2
G,A-,C1,2,0.3241184964605953,2,2
G,A-,C1,3,0.4848326992214693,2,2
G,A-,C1,4,0.7192215162159332,2,2
G,A-,C1,5,0.9119578971895181,2,2
G,A-,C1,6,1.2974020712293233,2,2
G,A-,C1,7,1.8636122413605782,1,1
G,A-,C1,8,2.020919579221548,1,1
G,A-,CM,0,0.09544880200700837,2,2
G,A-,CM,1,0.1622453292206913,2,2
G,A-,CM,2,0.3453368570172056,2,2
G,A-,CM,3,0.7017030926552911,2,2
G,A-,CM,4,1.2037826369241604,2,2
G,A-,CM,5,1.8939726113218418,2,2
G,A-,CM,6,2.8563386737685432,2,2
G,A-,CM,7,2.960872969428443,1,1
G,A-,CM,8,3.9341827704734307,1,1
G,A-,Geo,0,0.09544880200700837,2,2
G,A-,Geo,1,0.11444091496014547,2,2
G,A-,Geo,2,0.13313761941167768,2,2
G,A-,Geo,3,0.15136524147986066,2,2
G,A-,Geo,4,0.16993838227735286,2,2
G,A-,Geo,5,0.18782616568376842,2,2
G,A-,Geo,6,0.20571477174606917,2,2
G,A-,Geo,7,0.33358995519199924,1,1
G,A-,Geo,8,0.36128863715456144,1,1
G,A-,O1,0,0.09544880200700837,2,2
G,A-,O1,1,0.11444091496014547,2,2
G,A-,O1,2,0.13313761941167768,2,2
G,A-,O1,3,0.15136524147986066,2,2
G,A-,O1,4,0.16993838227735286,2,2
G,A-,O1,5,0.18782616568376842,2,2
G,A-,O1,6,0.20571477174606917,2,2
G,A-,O1,7,0.33358995519199924,1,1
G,A-,O1,8,0.36128863715456144,1,1
G,A-,OC,0,0.09544880200700837,2,2
G,A-,OC,1,0.16924850978336572,2,2
G,A-,OC,2,0.27217726358242067,2,2
G,A-,OC,3,0.40570617635910355,2,2
G,A-,OC,4,0.6366156370922416,2,2
G,A-,OC,5,0.8425985460663905,2,2
G,A-,OC,6,1.2408864722426713,2,2
G,A-,OC,7,1.6968647565112547,1,1
G,A-,OC,8,1.8200323763823543,1,1
G,A-,OC_gtH,0,0.09544880200700837,2,2
G,A-,OC_gtH,1,0.16924850978336572,2,2
G,A-,OC_gtH,2,0.2427379733801533,2,2
G,A-,OC_gtH,3,0.8339863341884631,2,2
G,A-,OC_gtH,4,1.92834353314306,2,2
G,A-,OC_gtH,5,3.164506026293688,2,2
G,A-,OC_gtH,6,4.771354976249681,2,2
G,A-,OC_gtH,7,0.9133042269704,1,1
G,A-,OC_gtH,8,1.5116408878622578,1,1
G,A-,OC_gtR,0,0.09544880200700837,2,2
G,A-,OC_gtR,1,0.16924850978336572,2,2
G,A-,OC_gtR,2,0.2427379733801533,2,2
G,A-,OC_gtR,3,0.9561525556468633,2,2
G,A-,OC_gtR,4,1.7111657002069232,2,2
G,A-,OC_gtR,5,2.9310495163246877,2,2
G,A-,OC_gtR,6,4.490628038379689,2,2
G,A-,OC_gtR,7,1.0356954348866272,1,1
G,A-,OC_gtR,8,1.6449593166157643,1,1
G,A-,OC_ref1,0,0.09544880200700837,2,2
G,A-,OC_ref1,1,0.16924850978336572,2,2
G,A-,OC_ref1,2,0.31632760383114594,2,2
G,A-,OC_ref1,3,0.7909486202665028,2,2
G,A-,OC_ref1,4,1.3728764891534642,2,2
G,A-,OC_ref1,5,2.143303526080569,2,2
G,A-,OC_ref1,6,2.9816368179313915,2,2
G,A-,OC_ref1,7,7.283466656807114,1,1
G,A-,OC_ref1,8,8.943741512454954,1,1
G,A-,OC_refH,0,0.09544880200700837,2,2
G,A-,OC_refH,1,0.16924850978336572,2,2
G,A-,OC_refH,2,0.31632760383114594,2,2
G,A-,OC_refH,3,0.44658577382825676,2,2
G,A-,OC_refH,4,0.561910582407506,2,2
G,A-,OC_refH,5,0.7109568791859623,2,2
G,A-,OC_refH,6,0.847906779113519,2,2
G,A-,OC_refH,7,1.5330119066246677,1,1
G,A-,OC_refH,8,1.6823254693016447,1,1
G,A-,OC_refR,0,0.09544880200700837,2,2
G,A-,OC_refR,1,0.16924850978336572,2,2
G,A-,OC_refR,2,0.31632760383114594,2,2
G,A-,OC_refR,3,0.5304091384629449,2,2
G,A-,OC_refR,4,0.8079685739717731,2,2
G,A-,OC_refR,5,1.1782503946575111,2,2
G,A-,OC_refR,6,1.536949550245388,2,2
G,A-,OC_refR,7,2.4121892716884807,1,1
G,A-,OC_refR,8,2.7007229332171403,1,1
G,A-,O_refH,0,0.09544880200700837,2,2
G,A-,O_refH,1,0.11444091496014547,2,2
G,A-,O_refH,2,0.13313761941167768,2,2
G,A-,O_refH,3,0.15136524147986066,2,2
G,A-,O_refH,4,0.16993838227735286,2,2
G,A-,O_refH,5,0.18782616568376842,2,2
G,A-,O_refH,6,0.20571477174606917,2,2
G,A-,O_refH,7,0.33358995519199924,1,1
G,A-,O_refH,8,0.36128863715456144,1,1
G,A-,U,0,0.0,2,2
G,A-,U,1,0.0,2,2
G,A-,U,2,0.0,2,2
G,A-,U,3,0.0,2,2
G,A-,U,4,0.0,2,2
G,A-,U,5,0.0,2,2
G,A-,U,6,0.0,2,2
G,A-,U,7,0.0,1,1
G,A-,U,8,0.0,1,1
