family,contrast,group,metric,label,n_clusters,n_scenes,n_units,n_informative_logs,dropped_nan,missing_pairs,scene_est,scene_ci95_lo,scene_ci95_hi,scene_ci90_lo,scene_ci90_hi,scene_p_signflip,scene_p_cluster_t,unit_est,unit_ci95_lo,unit_ci95_hi,unit_ci90_lo,unit_ci90_hi,unit_p_signflip,unit_p_cluster_t,log_est,log_ci95_lo,log_ci95_hi,log_ci90_lo,log_ci90_hi,log_p_signflip,log_p_cluster_t,sf_method,holm_p,holm_m
R8_primary,reverse@emb - gt_history,A-,amplification,,16,52,365,15,0,0,0.28628663003662996,0.20395171957671956,0.37019700099012964,0.21717813436563435,0.3553637566137565,6.103515625e-05,4.022620139365531e-06,0.29041095890410956,0.2117639555822329,0.3761916548797737,0.2238779029042513,0.3601908474749019,6.103515625e-05,2.726910852105549e-06,0.30878527336860667,0.20529252094356257,0.4237679122574955,0.220665233686067,0.4035034997795414,6.103515625e-05,7.032352023927646e-05,exact 2^16,6.103515625e-05,1.0
R8_secondary_A-,recent_gt - normal,A-,amplification,,16,52,365,15,0,0,-0.39194139194139194,-0.4916052084220689,-0.28024570105820107,-0.4761386684303351,-0.2974706890331892,6.103515625e-05,4.049133557679333e-06,-0.39452054794520547,-0.49654351612090103,-0.2878202887292031,-0.480093968098617,-0.30391779788838613,6.103515625e-05,2.855116103313792e-06,-0.4232569995590829,-0.5543917755180776,-0.2943135127314815,-0.5326338596781305,-0.313567294973545,6.103515625e-05,1.9401297641405418e-05,exact 2^16,,
R8_secondary_A-,recent_gt - normal,A-,fde5,,16,52,365,16,0,0,-3.956523379464782,-4.625105035283536,-3.0916488889203477,-4.525601050985474,-3.2314186901348703,3.0517578125e-05,4.594521870663252e-08,-4.071846193914697,-4.72727028088709,-3.2367326702695203,-4.625191015283176,-3.3673347748594087,3.0517578125e-05,1.7367430450099693e-08,-3.8710361151304506,-4.954462873990091,-2.8422673243443106,-4.791352159500094,-2.996298288590065,3.0517578125e-05,5.645748622639136e-06,exact 2^16,,
R8_secondary_A-,gt_history - normal,A-,amplification,,16,52,365,15,0,0,-0.4188797313797314,-0.5266541353383458,-0.297294526441529,-0.5099600138158243,-0.31416574064995484,6.103515625e-05,5.092337139096314e-06,-0.4246575342465753,-0.5320004926108375,-0.3088210619818398,-0.5150075757575757,-0.32456140350877194,6.103515625e-05,2.9904093352909286e-06,-0.4414393187830688,-0.5817239169973545,-0.30469711061507937,-0.5593625992063491,-0.32359230324074084,6.103515625e-05,2.4913810921025154e-05,exact 2^16,,
R8_secondary_A-,gt_history - normal,A-,fde5,,16,52,365,16,0,0,-4.477362064080534,-5.323222876210364,-3.4178021733435897,-5.193218071517371,-3.569770080218966,3.0517578125e-05,2.6655196481814986e-07,-4.599722662119174,-5.431680674117429,-3.5380087136533884,-5.30349462034119,-3.7095902515660786,3.0517578125e-05,1.2930348202444598e-07,-4.28971359522114,-5.423713161842598,-3.217702915621807,-5.234760116370163,-3.3770242516509876,3.0517578125e-05,2.166984819046354e-06,exact 2^16,,
R8_secondary_A-,reverse@emb - gt_history,A-,fde5,,16,52,365,16,0,0,3.590966451460246,2.6750898445371685,4.253972997132427,2.8243754788228803,4.15723944699234,3.0517578125e-05,2.2254462884259858e-07,3.67032991612383,2.7568313473097077,4.3158630261546405,2.911116373245176,4.21891774798981,3.0517578125e-05,1.2190683701585863e-07,3.42321332334155,2.485467259725398,4.454792577974166,2.619205800872294,4.2726125741346666,3.0517578125e-05,7.422535032157846e-06,exact 2^16,,
R8_secondary_A-,reverse@L0 - gt_history,A-,amplification,,16,52,365,15,0,0,0.3395909645909646,0.2541232085661993,0.42772360796170317,0.267775765245686,0.41278126437773177,6.103515625e-05,8.152434689152232e-07,0.3424657534246575,0.26180021045413165,0.43147366093055584,0.2752802947927993,0.41545893719806765,6.103515625e-05,4.875428928131146e-07,0.36581652336860665,0.24547457148368607,0.4872468171296295,0.2660560653659612,0.46917713844797176,6.103515625e-05,3.267458328166931e-05,exact 2^16,,
R8_secondary_A-,reverse@L0 - gt_history,A-,fde5,,16,52,365,16,0,0,3.7724104146462563,2.883989125360258,4.453884607612072,3.0299612729233143,4.3491971409835894,3.0517578125e-05,1.1761973039024717e-07,3.8539332037332383,2.974594230514108,4.509367994627997,3.1188509031836045,4.412519221535888,3.0517578125e-05,5.826967054477758e-08,3.61466840383204,2.6798067086043678,4.644966235694228,2.825327529402847,4.46947893326285,3.0517578125e-05,4.90030365792728e-06,exact 2^16,,
R8_secondary_A-,reverse@L4 - gt_history,A-,amplification,,16,52,365,15,0,0,0.3405067155067155,0.2518252992453812,0.433150352733686,0.2647405441155441,0.41696091958196413,6.103515625e-05,1.664760127425678e-06,0.3424657534246575,0.25813911510368565,0.43667105263157885,0.2709473851385438,0.4196078431372549,6.103515625e-05,1.2004197714560076e-06,0.38036678791887124,0.2632892416225749,0.5008783895502645,0.282632137345679,0.48061804177689593,6.103515625e-05,2.3198851385999435e-05,exact 2^16,,
R8_secondary_A-,reverse@L4 - gt_history,A-,fde5,,16,52,365,16,0,0,3.7112394942144795,2.811919116165331,4.3726507941014345,2.955914887409046,4.27203093798143,3.0517578125e-05,1.4083874790531285e-07,3.789130019182274,2.894417256470544,4.42801598300117,3.051906595041664,4.329605482890763,3.0517578125e-05,6.440496083206402e-08,3.5678856767455955,2.609148328161378,4.555628007819057,2.7592965363617954,4.392537645684254,3.0517578125e-05,4.0508999380553706e-06,exact 2^16,,
R8_secondary_A-,reverse@L8 - gt_history,A-,amplification,,16,52,365,15,0,0,0.34932081807081805,0.259918430335097,0.44541281686804074,0.27319288501353717,0.42821052142197263,6.103515625e-05,1.7459294210526873e-06,0.3506849315068493,0.26492386042759175,0.44779621426953214,0.2779153380524923,0.4307414975915924,6.103515625e-05,1.2069180910748338e-06,0.3813340498236331,0.26141262263007053,0.5035715319113756,0.2801784336419753,0.4843364197530864,6.103515625e-05,2.6796995766194668e-05,exact 2^16,,
R8_secondary_A-,reverse@L8 - gt_history,A-,fde5,,16,52,365,16,0,0,3.661262807481198,2.8034409660141253,4.309616254629238,2.941645966034617,4.203938016284705,3.0517578125e-05,9.952921636830714e-08,3.7384630277986677,2.9036838456038896,4.363188393773689,3.0390029821470255,4.264096858943024,3.0517578125e-05,4.305677514886272e-08,3.5129579699715157,2.5767287556715566,4.485905952698735,2.736239377309835,4.324627038197551,3.0517578125e-05,4.744918870086227e-06,exact 2^16,,
R8_secondary_A-,reverse@L12 - gt_history,A-,amplification,,16,52,365,15,0,0,0.3366147741147741,0.23565132783882783,0.43701593137254896,0.25284196284196286,0.41879964589912905,6.103515625e-05,5.799644654055966e-06,0.336986301369863,0.24193548387096775,0.4386009667024704,0.2566305885449222,0.4197590218423551,6.103515625e-05,4.0298353567127535e-06,0.369503692680776,0.24560343639770724,0.49881014384920613,0.2651563188932981,0.4785410466269841,6.103515625e-05,6.0872345252296644e-05,exact 2^16,,
R8_secondary_A-,reverse@L12 - gt_history,A-,fde5,,16,52,365,16,0,0,3.6590993845034445,2.8176923674026235,4.297356465276584,2.9454972660046836,4.207661897684464,3.0517578125e-05,8.972091880618341e-08,3.731637588392079,2.912966842833057,4.3545901357335,3.0440351306281754,4.2517829867871235,3.0517578125e-05,3.632733714940026e-08,3.5090107009785925,2.5750404157402644,4.493880886151968,2.7299932100008166,4.321758681358051,3.0517578125e-05,4.946823693139426e-06,exact 2^16,,
R8_secondary_A-,reverse@L16 - gt_history,A-,amplification,,16,52,365,15,0,0,0.3514957264957265,0.24779348544973545,0.4553278318903319,0.26440540890269154,0.4391541427445683,6.103515625e-05,6.505125014688102e-06,0.35342465753424657,0.2549633716024445,0.45627376425855515,0.2709439013035382,0.44086021505376344,6.103515625e-05,3.8688697011069816e-06,0.3800305886243386,0.25670448908730154,0.5099221850198412,0.274148685515873,0.48991546792328033,6.103515625e-05,4.2583866270645856e-05,exact 2^16,,
R8_secondary_A-,reverse@L16 - gt_history,A-,fde5,,16,52,365,16,0,0,3.702642037542762,2.7855988371418716,4.3708736944552005,2.915205290169683,4.271978951654036,3.0517578125e-05,2.522578662277388e-07,3.7667808523499544,2.871342276597117,4.399598710735552,3.005092781142944,4.310480345501101,3.0517578125e-05,1.0853942687894288e-07,3.4571071325290728,2.5330104651732013,4.414336688239913,2.6787359684619294,4.261230574812482,3.0517578125e-05,4.672703116620942e-06,exact 2^16,,
R8_secondary_A-,reverse@L20 - gt_history,A-,amplification,,16,52,365,14,0,0,0.3590506715506715,0.2523439570633448,0.46300630608780013,0.26876174181427803,0.4454954074653117,0.0001220703125,6.532219182840101e-06,0.36164383561643837,0.26038321838430667,0.46565023286576457,0.2766938649039455,0.44828270388615205,0.0001220703125,3.907550246518059e-06,0.3823509149029982,0.25403790509259255,0.515427448467813,0.27377838403880067,0.4949579061948852,0.0001220703125,5.222254405166562e-05,exact 2^16,,
R8_secondary_A-,reverse@L20 - gt_history,A-,fde5,,16,52,365,16,0,0,3.816399506581209,2.870860373735215,4.5180004068165776,3.015093975061121,4.415571116385908,3.0517578125e-05,2.7513214634952074e-07,3.887724131172719,2.966546941071314,4.561957026223053,3.111736096985937,4.461373290538451,3.0517578125e-05,1.1658553971797651e-07,3.5861620955311513,2.623378843214045,4.610717308006559,2.7746822241281133,4.438395388347677,3.0517578125e-05,6.185876748161946e-06,exact 2^16,,
R8_secondary_A-,reverse@L24 - gt_history,A-,amplification,,16,52,365,15,0,0,0.3626755189255189,0.2502924317875298,0.469867435515873,0.26510138281503076,0.45278120713305897,6.103515625e-05,1.4788388072611638e-05,0.3643835616438356,0.2563130170471872,0.47132727125276236,0.27102625383462936,0.4535721820373719,6.103515625e-05,9.819005059209874e-06,0.38908867945326275,0.2638694609788359,0.5213925746803351,0.282703304122575,0.49867835097001756,6.103515625e-05,3.92090433499759e-05,exact 2^16,,
R8_secondary_A-,reverse@L24 - gt_history,A-,fde5,,16,52,365,16,0,0,3.896596880559119,2.8897469544600756,4.620238410681273,3.02675111273216,4.521375729401068,3.0517578125e-05,4.362096325299751e-07,3.9900133960088406,2.990591091835512,4.686036973937172,3.140842935339511,4.589285483442267,3.0517578125e-05,1.9944524967372003e-07,3.606866349860402,2.624084246417062,4.620642004932142,2.780212841524469,4.460435336131535,3.0517578125e-05,5.209378784022937e-06,exact 2^16,,
R8_secondary_A-,reverse@L28 - gt_history,A-,amplification,,16,52,365,15,0,0,0.36694902319902317,0.25765500030761657,0.46712788441000164,0.2719217995169082,0.4516116326837871,6.103515625e-05,6.976433331864566e-06,0.3698630136986301,0.2662473548696459,0.46847059323474416,0.27984784626092335,0.45288890100453877,6.103515625e-05,3.840150629139731e-06,0.37620287698412697,0.2535206886574074,0.5089431423611109,0.2713866154100529,0.4863622271825395,6.103515625e-05,4.8095582437950726e-05,exact 2^16,,
R8_secondary_A-,reverse@L28 - gt_history,A-,fde5,,16,52,365,16,0,0,4.048553009522563,3.0203529209449913,4.799586388162796,3.1549670469938076,4.697417474841105,3.0517578125e-05,3.987664417901441e-07,4.150653841676625,3.1397301768626744,4.879971148348691,3.2763516800165573,4.780057652132259,3.0517578125e-05,1.8416767241173643e-07,3.7185087774279073,2.7609182438577684,4.73224132064243,2.904633773318493,4.576072744020901,3.0517578125e-05,3.6177329275392184e-06,exact 2^16,,
R8_secondary_A-,reverse@L35 - gt_history,A-,amplification,,16,52,365,15,0,0,0.4188797313797314,0.2999404557636369,0.5283930933484505,0.3149128556249458,0.5105411708460877,6.103515625e-05,5.092337139096314e-06,0.4246575342465753,0.3107134188626907,0.5335051546391752,0.32535596933187294,0.5168783498688562,6.103515625e-05,2.9904093352909286e-06,0.4414393187830688,0.30434699487433864,0.5837230282738093,0.3244870205026455,0.5598342427248678,6.103515625e-05,2.4913810921025154e-05,exact 2^16,,
R8_secondary_A-,reverse@L35 - gt_history,A-,fde5,,16,52,365,16,0,0,4.477362064080534,3.4275349276739715,5.308271891505229,3.5609674203205146,5.193839432994835,3.0517578125e-05,2.6655196481814986e-07,4.599722662119174,3.5628870854018895,5.414013126002537,3.7006795324838215,5.301249908721717,3.0517578125e-05,1.2930348202444598e-07,4.28971359522114,3.226389289165963,5.430203302714815,3.388699862831264,5.233513365651362,3.0517578125e-05,2.166984819046354e-06,exact 2^16,,
R9_A-,win1 - normal,A-,amplification,,16,52,365,15,0,0,-0.19490231990231985,-0.2666448176492819,-0.11313822751322752,-0.2551457766617842,-0.12731150793650797,0.00091552734375,0.00013640227925561731,-0.2,-0.2741445583358456,-0.12077199589181788,-0.2613240418118467,-0.13382768731347192,0.0008544921875,0.00010694076202671307,-0.23267609126984126,-0.3467013888888889,-0.11734716021825398,-0.32893167162698417,-0.13423425099206357,0.00177001953125,0.0016450666848620884,exact 2^16,,
R9_A-,win1 - normal,A-,fde5,,16,52,365,16,0,0,-2.593180983142479,-3.151347762368098,-1.8981013341525739,-3.055369738630013,-2.0125009786707833,6.103515625e-05,4.1565479866485504e-07,-2.708991706362875,-3.2567832966712125,-2.0069872686155823,-3.163947134212895,-2.127213082097725,6.103515625e-05,2.430177300664851e-07,-2.76118026822275,-3.785639686187633,-1.856952388540066,-3.6130476954574395,-1.9872986543713471,6.103515625e-05,6.739693398009884e-05,exact 2^16,,
R9_A-,win2 - normal,A-,amplification,,16,52,365,14,0,0,-0.319520757020757,-0.41532126108018963,-0.2048056027966742,-0.4020327108595644,-0.22076714832274374,0.000244140625,4.7983062386350966e-05,-0.3232876712328767,-0.4214478588475049,-0.20891911521347406,-0.4086456172790696,-0.22507992781304678,0.000244140625,4.9477473869593834e-05,-0.34718777557319225,-0.4789591600529101,-0.21849368248456802,-0.4571084104938271,-0.23702752976190478,0.000244140625,0.00015067327627733062,exact 2^16,,
R9_A-,win2 - normal,A-,fde5,,16,52,365,16,0,0,-3.7058934006475264,-4.4722439171505215,-2.7700352499031036,-4.365822782926474,-2.8763947357548845,3.0517578125e-05,1.354187912609324e-06,-3.8209197861502866,-4.5649459584610055,-2.9133380584682036,-4.464679040016764,-3.0163969196483653,3.0517578125e-05,6.213409623742703e-07,-3.610829168341034,-4.581325750542551,-2.657615489564141,-4.43636347613336,-2.8113649130131244,3.0517578125e-05,4.215212087431451e-06,exact 2^16,,
R9_A-,win3 - normal,A-,amplification,,16,52,365,14,0,0,-0.3754578754578755,-0.4972352467982499,-0.24988188919635654,-0.4792979843748386,-0.267386767925561,0.0001220703125,3.299964842097286e-05,-0.38082191780821917,-0.5069127615303114,-0.2546792856406557,-0.48804394657475225,-0.2724422064545663,0.0001220703125,3.398924486571151e-05,-0.42271136463844794,-0.5678471877755732,-0.28272242201278663,-0.5436163470017638,-0.303965980489418,0.0001220703125,4.5316867422843736e-05,exact 2^16,,
R9_A-,win3 - normal,A-,fde5,,16,52,365,16,0,0,-4.172547097623523,-5.034774620218285,-3.150999305191927,-4.910689861384944,-3.2637136183275977,3.0517578125e-05,8.127002418375006e-07,-4.297585941398198,-5.159580457022511,-3.2831277308011706,-5.035172993007648,-3.3999651305640364,3.0517578125e-05,4.7386811434028366e-07,-4.100789673004732,-5.171947546723241,-3.05190140215979,-5.0033832344227545,-3.215930978577314,3.0517578125e-05,2.8215669294802664e-06,exact 2^16,,
R9_A-,win4 - normal,A-,amplification,,16,52,365,14,0,0,-0.39930555555555547,-0.5082716473341473,-0.2832598800389722,-0.49101609763402215,-0.3002681923833364,0.0001220703125,4.663427952400556e-06,-0.40821917808219177,-0.5192880941225467,-0.2938110795998928,-0.5018535739792882,-0.31207208517100443,0.0001220703125,3.5770491304205145e-06,-0.4375950727513227,-0.5868055555555555,-0.2980309606481482,-0.5643222966269842,-0.3172515707671958,0.0001220703125,4.134183149214788e-05,exact 2^16,,
R9_A-,win4 - normal,A-,fde5,,16,52,365,16,0,0,-4.355572136090777,-5.148817555109649,-3.3098424727178153,-5.033974792410814,-3.449697850688299,3.0517578125e-05,2.4397508092262586e-07,-4.506169821583232,-5.284786820184387,-3.4672992756190166,-5.174968695963838,-3.6163493501465003,3.0517578125e-05,1.149213061068982e-07,-4.215591766007215,-5.328707496625716,-3.1469157449972216,-5.139051888107569,-3.2999176642868195,3.0517578125e-05,2.3904817188061896e-06,exact 2^16,,
R9_A-,gt_history - normal,A-,amplification,,16,52,365,14,0,0,-0.4169337606837607,-0.5256398074661964,-0.2967920524691358,-0.5094437233957911,-0.31244286963036966,0.0001220703125,5.854441524031433e-06,-0.4246575342465753,-0.5344843260188087,-0.3076923076923077,-0.5161290322580645,-0.324311811811812,0.0001220703125,3.4639609910495055e-06,-0.44210896164021163,-0.5878658234126984,-0.30144004216269843,-0.5645667989417988,-0.32318535052910047,0.0001220703125,3.644354244908489e-05,exact 2^16,,
R9_A-,gt_history - normal,A-,fde5,,16,52,365,16,0,0,-4.5124912151166345,-5.34344316011399,-3.4530074900883494,-5.218951109854398,-3.5884149020408964,3.0517578125e-05,2.608782993895085e-07,-4.647950761959082,-5.46922790952409,-3.597367836944617,-5.342005162212638,-3.735504081195102,3.0517578125e-05,1.2662784800259617e-07,-4.287780365598583,-5.398732032671738,-3.225698957783166,-5.219949943683707,-3.4029580310825076,3.0517578125e-05,1.8188297885557348e-06,exact 2^16,,
R9_A-,win1 - gt_history,A-,amplification,,16,52,365,12,0,0,0.2220314407814408,0.1390015308448961,0.30491265712731436,0.1537676846100759,0.28920541982224984,0.00048828125,4.521878511805309e-05,0.22465753424657534,0.1440320987654321,0.31295110253260805,0.15810140852722654,0.29381565446816826,0.00048828125,3.848807746660339e-05,0.20943287037037034,0.11222470238095238,0.3272193287037037,0.12503306878306877,0.3068295304232804,0.00048828125,0.0022481197637671973,exact 2^16,,
R9_A-,win1 - gt_history,A-,fde5,,16,52,365,16,0,0,1.9193102319741553,1.205467199581698,2.432077625553495,1.3172919880381138,2.351907013266736,0.0001220703125,1.7448224868805535e-05,1.938959055596207,1.238381044209059,2.463620078042112,1.353217182141024,2.372218073872539,0.0001220703125,1.1153208704617016e-05,1.5266000973758334,0.8467708901210271,2.298528368964326,0.941938071147688,2.171860201750388,0.0001220703125,0.0013572742265516161,exact 2^16,,
R9_A-,win2 - gt_history,A-,amplification,,16,52,365,10,0,0,0.09741300366300366,0.04875259826152683,0.15044469105909777,0.05796652625696744,0.13805871800412356,0.001953125,0.0006492764253013191,0.10136986301369863,0.05166051660516605,0.15601387832845628,0.06028155173887038,0.14367816091954022,0.001953125,0.0006460902317296578,0.0949211860670194,0.04053667879188713,0.1665438988095238,0.04744447200176367,0.15404817019400352,0.001953125,0.013930974777936037,exact 2^16,,
R9_A-,win2 - gt_history,A-,fde5,,16,52,365,16,0,0,0.8065978144691078,0.4933747429544782,1.082645952263509,0.5590521487261826,1.030350180273089,9.1552734375e-05,1.882217680527866e-05,0.8270309758087958,0.4872525879119317,1.127274424325521,0.5590296834843264,1.0711134572194072,9.1552734375e-05,3.688603332603153e-05,0.6769511972575493,0.33481165041241756,1.110913748245799,0.37788072048659094,1.034484275256911,0.0001220703125,0.004998171362838195,exact 2^16,,
R9_A-,win3 - gt_history,A-,amplification,,16,52,365,4,0,0,0.041475885225885224,0.004273504273504273,0.06490960967720422,0.007936507936507936,0.061197916666666664,0.125,0.013300270929128527,0.043835616438356165,0.0047169811320754715,0.07081606932002177,0.008695652173913044,0.06654272667971288,0.125,0.017063975264472148,0.019397597001763668,0.0035714285714285713,0.03994398974867721,0.005357142857142857,0.036111662257495576,0.125,0.06554893879900835,exact 2^16,,
R9_A-,win3 - gt_history,A-,fde5,,16,52,365,16,0,0,0.3399441174931097,0.09160584349422064,0.49408365950161004,0.1418967948880137,0.4694350781846951,0.011932373046875,0.0023842987119861276,0.35036482056088397,0.09133822065158106,0.530234184895894,0.1373944191877843,0.4989964569182197,0.01385498046875,0.004262252723178834,0.18699069259385076,0.06538141704012036,0.3294094868225029,0.08198080490490527,0.3035073409409948,0.01092529296875,0.016752828603052657,exact 2^16,,
R9_A-,win4 - gt_history,A-,amplification,,16,52,365,2,0,0,0.017628205128205128,0.0,0.030303030303030304,0.0,0.02857142857142857,0.5,0.06166424341235912,0.01643835616438356,0.0,0.027079303675048357,0.0,0.02564102564102564,0.5,0.04461850550637352,0.0045138888888888885,0.0,0.011458333333333334,0.0,0.010069444444444443,0.5,0.17570340382630167,exact 2^16,,
R9_A-,win4 - gt_history,A-,fde5,,16,52,365,12,0,0,0.15691907902585622,0.008199368314799008,0.2675757152981428,0.02625772691420292,0.25046452068846997,0.0908203125,0.02543280201947592,0.14178094037585015,0.003954399467576928,0.24971910293894548,0.02080028689244033,0.23255440246086295,0.11328125,0.032292503851370793,0.07218859959136784,-0.00012961686755162517,0.16692413619297036,0.008821688726744237,0.14934852363747103,0.10888671875,0.12416681389231944,exact 2^16,,
R9_A-,delay2_len1 - normal,A-,amplification,,16,52,365,15,0,0,-0.26881105006105005,-0.3547578434526964,-0.1710557169438748,-0.3410746575098427,-0.1855413832199547,0.0003662109375,4.137212679257466e-05,-0.273972602739726,-0.36384514239160387,-0.17875464940633784,-0.3501262786548985,-0.19280848885739038,0.0003662109375,3.8744966012071625e-05,-0.28460234788359784,-0.4015630166997355,-0.17279172867063494,-0.3818466848544974,-0.19082072585978843,0.00042724609375,0.00026021042182473067,exact 2^16,,
R9_A-,delay2_len1 - normal,A-,fde5,,16,52,365,16,0,0,-2.667357368130415,-3.1609664453908746,-2.0831151456440553,-3.0860593513574424,-2.1757030829159785,3.0517578125e-05,7.842059569969626e-08,-2.7470152387001283,-3.2592685378663893,-2.1783559288963694,-3.176009145476069,-2.2626936226700245,3.0517578125e-05,5.3542011522973796e-08,-2.714297113957826,-3.4822314423620093,-1.9736703584519224,-3.3519743452114543,-2.093608725871302,3.0517578125e-05,5.016470202760215e-06,exact 2^16,,
R9_A-,delay3_len1 - normal,A-,amplification,,16,52,365,13,0,0,-0.29815323565323565,-0.40991216216216214,-0.16810107559475365,-0.3944461172787786,-0.18391868235452544,0.000244140625,0.00045227913478787594,-0.29863013698630136,-0.41254290901869556,-0.16793566349471928,-0.39716559171670746,-0.18456176094598917,0.000244140625,0.0005103671659149514,-0.31279624118165783,-0.442985973324515,-0.1889534763558201,-0.42113611937830686,-0.2095572227733686,0.000244140625,0.000297361671190547,exact 2^16,,
R9_A-,delay3_len1 - normal,A-,fde5,,16,52,365,16,0,0,-2.929280408948744,-3.491972320769032,-2.2715865367792816,-3.399429575163624,-2.367808872616962,3.0517578125e-05,1.3293356445974034e-07,-3.0193606955032073,-3.577205853871005,-2.373147304924635,-3.4859475816598757,-2.470045055687017,3.0517578125e-05,6.579137487119828e-08,-2.9434065515289074,-3.7397955253824953,-2.177235628294206,-3.6111813563439705,-2.290059215734727,3.0517578125e-05,3.1026692535405486e-06,exact 2^16,,
R9_A-,delay4_len1 - normal,A-,amplification,,16,52,365,13,0,0,-0.30074786324786323,-0.40913566716104605,-0.16975976280663793,-0.39238202711640213,-0.187233221777083,0.00048828125,0.00027490618646273187,-0.3013698630136986,-0.410101941069683,-0.17391304347826086,-0.39411979390296265,-0.19037331152003015,0.00048828125,0.0002642639924561914,-0.28111359126984126,-0.4106773933531746,-0.15733940972222224,-0.38877666170634917,-0.1749125744047619,0.000732421875,0.0007419327428046216,exact 2^16,,
R9_A-,delay4_len1 - normal,A-,fde5,,16,52,365,16,0,0,-2.371940909928436,-2.7556069692499223,-1.7977475371471598,-2.6995319710794194,-1.897082990271387,0.0001220703125,4.110820927563549e-08,-2.4409261480018505,-2.82566337100107,-1.8637803776029171,-2.7714770080110256,-1.9701367859566015,0.0001220703125,2.3642690255665678e-08,-2.118562177308754,-2.7624583645321743,-1.4702715635956827,-2.670995773214688,-1.5773043892764083,0.0001220703125,1.6522251351721072e-05,exact 2^16,,
R9_A-,delay2_len2 - normal,A-,amplification,,16,52,365,14,0,0,-0.3451999389499389,-0.45747399956359347,-0.21561696654935125,-0.4435451453308596,-0.23421132711358775,0.0001220703125,0.00010393223753971173,-0.34794520547945207,-0.46511627906976744,-0.21587038134755981,-0.45057194557698477,-0.23444976076555024,0.0001220703125,0.0001333548759748615,-0.3864445546737213,-0.5175843253968253,-0.2616510967813051,-0.49575947971781303,-0.27925154320987655,0.0001220703125,5.126878170779828e-05,exact 2^16,,
R9_A-,delay2_len2 - normal,A-,fde5,,16,52,365,16,0,0,-3.585342364260044,-4.337869286270054,-2.662550577314582,-4.231012986737667,-2.781789960896294,3.0517578125e-05,1.1857344920292255e-06,-3.6929321282902623,-4.438820147353576,-2.788180390955401,-4.336318008634815,-2.903685130288394,3.0517578125e-05,6.28818968735399e-07,-3.5400841168979196,-4.509489976971083,-2.595697465583191,-4.373816547819506,-2.729436686324735,3.0517578125e-05,4.725874989707688e-06,exact 2^16,,
R9_A-,delay3_len2 - normal,A-,amplification,,16,52,365,14,0,0,-0.35683760683760685,-0.47915186110695146,-0.21538800705467373,-0.4627050900488401,-0.234870572457378,0.0001220703125,0.00019305711469863815,-0.3589041095890411,-0.4836369578134284,-0.22056888544891667,-0.46618999897214514,-0.23853079194347784,0.0001220703125,0.00019110393591375552,-0.3673983134920635,-0.4976072668650794,-0.24032645089285715,-0.477257564484127,-0.2598164682539683,0.0001220703125,8.787310683878069e-05,exact 2^16,,
R9_A-,delay3_len2 - normal,A-,fde5,,16,52,365,16,0,0,-3.2638888061300877,-3.864343555660959,-2.537694257283912,-3.7721629878177336,-2.630449357975842,3.0517578125e-05,1.600440445893507e-07,-3.3462978816489475,-3.9421363437719443,-2.6299530558955184,-3.8525867584061015,-2.7248067333110306,3.0517578125e-05,8.900408534445686e-08,-3.1076618614226295,-3.9140877123021447,-2.3322833567159424,-3.7911169481671996,-2.453093631598951,3.0517578125e-05,1.9332029226464875e-06,exact 2^16,,
R8_secondary_A+,recent_gt - normal,A+,amplification,,26,156,1043,10,0,0,-0.036782661782661784,-0.05876675475651495,-0.011666059950150867,-0.055198464309379795,-0.016036122475136486,0.017414912925435372,0.0037722592865745883,-0.038350910834132314,-0.05934751974851971,-0.013718990143668567,-0.05585869118475332,-0.01805869074492099,0.017414912925435372,0.0018827228840344707,-0.022316406813955834,-0.03946245521000422,-0.0070305885563238515,-0.03668970655796636,-0.009208962333962333,0.009704951475242625,0.014330387575122606,MC 200000,,
R8_secondary_A+,recent_gt - normal,A+,fde5,,26,156,1043,26,0,0,-1.1486948902773562,-1.376872029899011,-0.8630203329433089,-1.3417445857676769,-0.9148355030774905,4.9999750001249995e-06,2.660189663084189e-09,-1.1807533926438627,-1.4091820077081167,-0.8823680672469056,-1.376668984405761,-0.9379946061255825,4.9999750001249995e-06,2.5962617169126754e-09,-1.0344273428569006,-1.468542240037316,-0.6834222093332546,-1.3895761503530055,-0.7285037236264221,4.9999750001249995e-06,4.345564169586677e-05,MC 200000,,
R8_secondary_A+,gt_history - normal,A+,amplification,,26,156,1043,9,0,0,-0.035002035002035,-0.057851181012945715,-0.008503401360544218,-0.05409749034749034,-0.013222924191299949,0.03956480217598912,0.007112667922828981,-0.037392138063279005,-0.059166001870993294,-0.011503621042657248,-0.05546784896382389,-0.016252821844706673,0.03559482202588987,0.003142801133259555,-0.02008176781461095,-0.037772413395881534,-0.004247947212101638,-0.03465306253296449,-0.006708231401858854,0.027454862725686372,0.02842449298433831,MC 200000,,
R8_secondary_A+,gt_history - normal,A+,fde5,,26,156,1043,26,0,0,-1.1878718049452894,-1.4009217558432683,-0.8883959239683877,-1.3680297902295788,-0.9469415138846392,4.9999750001249995e-06,1.3178409190841126e-09,-1.2225940954814452,-1.4401159822482974,-0.9079893596333192,-1.407030450935595,-0.9687440131450261,4.9999750001249995e-06,1.4972527438048259e-09,-1.0500991255458547,-1.5001703114770844,-0.7016383215989106,-1.4171339333578599,-0.7471457444219438,4.9999750001249995e-06,3.181341729708843e-05,MC 200000,,
R8_secondary_A+,reverse@emb - gt_history,A+,amplification,,26,156,1043,9,0,0,0.02896062271062271,0.010484637313905606,0.04753022256442654,0.013401089828707125,0.04420048937186033,0.01959490202548987,0.004007295952646883,0.030680728667305847,0.012060771129177004,0.04858319267556647,0.014972262481883153,0.04519834826342643,0.01959490202548987,0.00201790736660308,0.017664296034394074,0.00528171486964379,0.03220224758674513,0.006934632179730218,0.029484618504226335,0.015859920700396497,0.019403511141726587,MC 200000,,
R8_secondary_A+,reverse@emb - gt_history,A+,fde5,,26,156,1043,26,0,0,0.9877160999574252,0.7489115616551555,1.195341051379674,0.7879216771061973,1.1614245386785316,4.9999750001249995e-06,2.6852141586179214e-09,1.0043856373231395,0.7533232556712405,1.207969624835208,0.7953519188213685,1.1787431858031017,4.9999750001249995e-06,3.3094655509457995e-09,0.9327599011817489,0.6232759727006838,1.3271244208036084,0.6590327182669384,1.2579479734292596,4.9999750001249995e-06,4.242130872670789e-05,MC 200000,,
R8_secondary_A+,reverse@L0 - gt_history,A+,amplification,,26,156,1043,9,0,0,0.03089387464387464,0.01187417906167906,0.05048373694207027,0.015005681736711546,0.04682588075880758,0.016119919400403,0.0030843002579721453,0.032598274209012464,0.013549219951658979,0.0507399577167019,0.016805312729118494,0.047518692950865,0.016119919400403,0.0012953711247805672,0.018763197133295172,0.005882975446394564,0.0340404252383419,0.00764359097692431,0.03155020984371473,0.015904920475397624,0.017869735967347436,MC 200000,,
R8_secondary_A+,reverse@L0 - gt_history,A+,fde5,,26,156,1043,26,0,0,1.0068141734401415,0.75581754752198,1.2275609781744572,0.7985890614695094,1.1912263012128106,4.9999750001249995e-06,5.5736499400237254e-09,1.024774098767315,0.7614568376678963,1.2428067115036479,0.8079658209273989,1.20960593102869,4.9999750001249995e-06,6.5961820659092285e-09,0.9639698860561126,0.6447147251687373,1.3821221354448023,0.6853209038548586,1.3021298637680576,4.9999750001249995e-06,4.257977974828564e-05,MC 200000,,
R8_secondary_A+,reverse@L4 - gt_history,A+,amplification,,26,156,1043,9,0,0,0.03109737484737484,0.011365339823220256,0.050834939206826274,0.014521503467986316,0.04701142683350711,0.015064924675376623,0.0031599223435509016,0.032598274209012464,0.013173258745666562,0.05086264113518461,0.01639344262295082,0.04749351761977023,0.015064924675376623,0.0012953711247805672,0.018898863935628642,0.005770703459122577,0.034256065115440104,0.007656443161957867,0.03177154408772056,0.014829925850370749,0.018016055141528018,MC 200000,,
R8_secondary_A+,reverse@L4 - gt_history,A+,fde5,,26,156,1043,26,0,0,0.9927523313441665,0.7390143266608818,1.2117231882002135,0.7827900780651891,1.1788008401358183,4.9999750001249995e-06,1.0085339366761527e-08,1.0161539150215968,0.7465044830896315,1.2376580194873898,0.7941900671293703,1.2059548606438688,4.9999750001249995e-06,1.5040855797198438e-08,0.9488002164808577,0.6341556781001766,1.3557489288735654,0.6737142193598729,1.2818684328645569,4.9999750001249995e-06,4.7005380084615116e-05,MC 200000,,
R8_secondary_A+,reverse@L8 - gt_history,A+,amplification,,26,156,1043,9,0,0,0.024776149776149777,0.008278383192357401,0.04094426072898295,0.011052441810057356,0.038003421407533565,0.019569902150489246,0.004592420048445418,0.026845637583892617,0.010101010101010102,0.04184400967948132,0.013071566985253063,0.03901747217355727,0.019569902150489246,0.0017210307860103036,0.015532064612946966,0.004284598503348502,0.029067904623970787,0.005907625190713425,0.026734680080268313,0.019309903450482748,0.023667453449075716,MC 200000,,
R8_secondary_A+,reverse@L8 - gt_history,A+,fde5,,26,156,1043,26,0,0,0.9525418708311452,0.7088411941206227,1.1685548888079618,0.7470222198643118,1.1328984478716297,4.9999750001249995e-06,1.2346763853228163e-08,0.9765347835154342,0.7186386959686426,1.1948563451065755,0.7609506356587437,1.1609771816341246,4.9999750001249995e-06,1.757521031561806e-08,0.927129824144192,0.6185856175727213,1.3439851497897268,0.6561836590064442,1.2637558840016117,4.9999750001249995e-06,5.4318108897338186e-05,MC 200000,,
R8_secondary_A+,reverse@L12 - gt_history,A+,amplification,,26,156,1043,9,0,0,0.026556776556776553,0.008613906690725068,0.042233738359075276,0.011778279832912558,0.03960912030356475,0.019559902200488997,0.0037079595905033427,0.028763183125599234,0.010380510638679825,0.04347906245992047,0.01360390309970142,0.04100430108365471,0.019559902200488997,0.001631036015086866,0.0157547177767766,0.004529748063755417,0.0289817654431625,0.006036543113748996,0.026797960005680573,0.015679921600392,0.02271729541684782,MC 200000,,
R8_secondary_A+,reverse@L12 - gt_history,A+,fde5,,26,156,1043,26,0,0,0.9556852979009588,0.7132496613936145,1.1632284826631745,0.7556375971733813,1.1309660906497985,4.9999750001249995e-06,6.136327676671977e-09,0.9820441340825576,0.7270196450063253,1.1907226108775009,0.7697899161479823,1.1598544274729863,4.9999750001249995e-06,8.509055241240523e-09,0.9355285882423702,0.6231164962808654,1.3422177901458667,0.6591778991530822,1.265749969584267,4.9999750001249995e-06,5.0999986092707046e-05,MC 200000,,
R8_secondary_A+,reverse@L16 - gt_history,A+,amplification,,26,156,1043,9,0,0,0.023555148555148554,0.0073133623490653004,0.03881165923576636,0.009987320924820924,0.036244474998312966,0.02300488497557512,0.005369067003669162,0.024928092042186004,0.008741067884080985,0.039003346319049045,0.011638621343017618,0.0364963503649635,0.02300488497557512,0.0023311896966088127,0.014471959141076787,0.003730574980574981,0.027535541460173812,0.005097287312360843,0.025011397915809672,0.019464902675486624,0.028689928076012557,MC 200000,,
R8_secondary_A+,reverse@L16 - gt_history,A+,fde5,,26,156,1043,26,0,0,0.9530655585653772,0.723900516288418,1.1551004954060844,0.7623435091878686,1.1243076939294636,4.9999750001249995e-06,3.706459242650924e-09,0.9769148057542398,0.7338997916928386,1.18090405959942,0.7741542099268938,1.1501156970474262,4.9999750001249995e-06,4.93793181922627e-09,0.9442957308446301,0.6225318311285086,1.3672040734952051,0.6631203937576808,1.293655231012073,4.9999750001249995e-06,6.271088642127816e-05,MC 200000,,
R8_secondary_A+,reverse@L20 - gt_history,A+,amplification,,26,156,1043,10,0,0,0.027052808302808293,0.007729505172644481,0.04247675862531882,0.01114958310350065,0.039963014297809595,0.023424882875585622,0.004525329478163232,0.028763183125599234,0.009614398084815323,0.04344454542659275,0.012948709997519226,0.0411105454755021,0.023424882875585622,0.0020634360773911613,0.01817209887062828,0.005738439630902865,0.03224551660213424,0.007443366138219078,0.029747379526791278,0.013499932500337498,0.01495564717095832,MC 200000,,
R8_secondary_A+,reverse@L20 - gt_history,A+,fde5,,26,156,1043,26,0,0,0.9837806058546753,0.7313133895011099,1.1918232702996492,0.7757826250397858,1.1590950346920808,4.9999750001249995e-06,8.433653469755516e-09,1.0065048978391442,0.7395606412607914,1.218148631432905,0.7866802309918054,1.1871311233403063,4.9999750001249995e-06,1.1989133870354264e-08,0.9515712244039783,0.6253389815723757,1.3622989434312711,0.6659739650354699,1.2940668680567882,4.9999750001249995e-06,5.6209403275015774e-05,MC 200000,,
R8_secondary_A+,reverse@L24 - gt_history,A+,amplification,,26,156,1043,10,0,0,0.025780932030932034,0.005977307561686412,0.043069151419432995,0.009436531708675481,0.039885212517546696,0.04136479317603412,0.009377588617227423,0.027804410354745925,0.0074962518740629685,0.044530902639918025,0.011019283746556474,0.04160131635918561,0.04136479317603412,0.005384669053911835,0.013449098559392674,0.0005349020192770185,0.027933325865311154,0.002488557874587286,0.025284900284900273,0.0726596367018165,0.07318062091140991,MC 200000,,
R8_secondary_A+,reverse@L24 - gt_history,A+,fde5,,26,156,1043,26,0,0,0.998978482758551,0.7635064165510541,1.190910849392425,0.801185354668863,1.1617158245331263,4.9999750001249995e-06,1.5287272403066338e-09,1.021522408720562,0.7708728689541217,1.2159722694561026,0.8127104762266578,1.1895814378202243,4.9999750001249995e-06,2.6805010395757433e-09,0.9360823306457571,0.6270303975196192,1.3338619688755347,0.6675625559251258,1.2622234748656969,4.9999750001249995e-06,3.3592181491143755e-05,MC 200000,,
R8_secondary_A+,reverse@L28 - gt_history,A+,amplification,,26,156,1043,9,0,0,0.02874440374440374,0.006926082814754688,0.04639453711760716,0.01055469451931716,0.043672331095737954,0.03508482457587712,0.00744466213821374,0.030680728667305847,0.008995502248875561,0.04776126987016139,0.012524791231732777,0.04522633727849775,0.03508482457587712,0.0038290019607742235,0.0163672724334489,0.004011398459927873,0.03076726854300384,0.005661273299140948,0.028122328719755185,0.019489902550487246,0.027616742907805397,MC 200000,,
R8_secondary_A+,reverse@L28 - gt_history,A+,fde5,,26,156,1043,26,0,0,1.0251226180191109,0.7648308241976605,1.2301377128029016,0.8066274851591339,1.197463113274973,4.9999750001249995e-06,3.9539088630564604e-09,1.048429653204481,0.7727700740092102,1.257875128842038,0.817680217753449,1.2254229070095117,4.9999750001249995e-06,6.1389799318683935e-09,0.9444331131698115,0.6249206618027897,1.3533742774032544,0.6616913159365873,1.2759996721015834,4.9999750001249995e-06,4.440302333420319e-05,MC 200000,,
R8_secondary_A+,reverse@L35 - gt_history,A+,amplification,,26,156,1043,9,0,0,0.035002035002035,0.00837867151787606,0.05757126979654452,0.012954744397759099,0.05379545194847272,0.03874480627596862,0.007112667922828981,0.037392138063279005,0.011261203629422668,0.05895967669010802,0.01565404843444227,0.05527638190954774,0.03477482612586937,0.003142801133259555,0.02008176781461095,0.004547231261385672,0.0371768207169555,0.006821087636038617,0.03421823898233212,0.02749486252568737,0.02842449298433831,MC 200000,,
R8_secondary_A+,reverse@L35 - gt_history,A+,fde5,,26,156,1043,26,0,0,1.1878718049452894,0.8927478047757067,1.407226177093054,0.9432236137357118,1.3738209732213176,4.9999750001249995e-06,1.3178409190841126e-09,1.2225940954814452,0.9126693672273839,1.444349465121074,0.9652318318260378,1.4129095065303583,4.9999750001249995e-06,1.4972527438048259e-09,1.0500991255458547,0.6933658441891876,1.4995109124133987,0.7390956180906881,1.4173124145207712,4.9999750001249995e-06,3.181341729708843e-05,MC 200000,,
R9_A+,win1 - normal,A+,amplification,,26,156,1043,11,0,0,-0.022855616605616604,-0.03390847648332678,-0.007507107320540156,-0.032365605921855924,-0.010352421404250682,0.022474887625561872,0.001661589980166,-0.023969319271332695,-0.035332228826700146,-0.007351766048885325,-0.033707865168539325,-0.01071237925775295,0.03319483402582987,0.0016519296869597349,-0.010917606812214655,-0.021045259717134716,-0.0017685439560439604,-0.019283402463549516,-0.0031262429699929705,0.03838480807595962,0.039214563401718604,MC 200000,,
R9_A+,win1 - normal,A+,fde5,,26,156,1043,26,0,0,-0.7498917571373397,-0.9503002557396207,-0.45757328197318403,-0.9201040709131781,-0.5143757939997466,0.0006149969250153749,2.063035674502139e-06,-0.7656643130236765,-0.9734929226431185,-0.4416560574779875,-0.9452359879513011,-0.5105073911602294,0.000984995075024625,3.961560759716105e-06,-0.6659979354053084,-0.9705471815214045,-0.37866508917080133,-0.9241593538026306,-0.42348530277099655,7.499962500187499e-05,0.0002466977432595514,MC 200000,,
R9_A+,win2 - normal,A+,amplification,,26,156,1043,9,0,0,-0.029965404965404962,-0.04501417404723564,-0.012925112174499442,-0.04220432686308276,-0.01555791881355313,0.015804920975395122,0.0007819598664070932,-0.032598274209012464,-0.04755975941185153,-0.014995243708979625,-0.04490193892569848,-0.018005540166204988,0.015804920975395122,0.00035765724211692535,-0.015665931290931294,-0.02710764929514929,-0.005733733858733859,-0.02502765174640174,-0.007083194583194582,0.007834960825195874,0.010733104601059753,MC 200000,,
R9_A+,win2 - normal,A+,fde5,,26,156,1043,26,0,0,-1.0030334236698928,-1.1881069964050177,-0.7505569062087492,-1.1601558960337452,-0.7938551865428283,4.9999750001249995e-06,1.7896302662282983e-09,-1.025637728310672,-1.2109727261887218,-0.7644123126964234,-1.1833512054154545,-0.8078652502660567,4.9999750001249995e-06,1.6465253035042233e-09,-0.9344281354491635,-1.3636726348339285,-0.6016838580840237,-1.2841475081535694,-0.6419950296521123,4.9999750001249995e-06,8.882522981832206e-05,MC 200000,,
R9_A+,win3 - normal,A+,amplification,,26,156,1043,9,0,0,-0.027065527065527062,-0.04512053055967924,-0.005940021927870455,-0.04200156165926823,-0.00952597667199439,0.03900480497597512,0.009288392256342886,-0.029721955896452542,-0.0475063063151489,-0.008601033204511412,-0.044673765302482266,-0.012100988324638918,0.034819825900870495,0.004404014666355182,-0.014296929921929923,-0.02731949474136974,-0.0031281796906796997,-0.02499021811521811,-0.0046291960354460406,0.031149844250778744,0.032474572788360904,MC 200000,,
R9_A+,win3 - normal,A+,fde5,,26,156,1043,26,0,0,-1.077634106716528,-1.2903872281320103,-0.7921218624973317,-1.2608122803231057,-0.8416501793053948,4.9999750001249995e-06,7.487988668078553e-09,-1.1095223399929284,-1.3232620250618734,-0.8127340898592371,-1.2933204112771035,-0.8646373731610152,4.9999750001249995e-06,6.2501934297600255e-09,-0.9751596741033581,-1.4056378349806402,-0.6230711752502094,-1.3288308048844462,-0.6711952098037136,4.9999750001249995e-06,8.266339413425063e-05,MC 200000,,
R9_A+,win4 - normal,A+,amplification,,26,156,1043,9,0,0,-0.03245828245828246,-0.05185856711456231,-0.009498202204467713,-0.04878747795414461,-0.013596675340791826,0.02730486347568262,0.004977047735060536,-0.03547459252157239,-0.054426299490876004,-0.012311481016348597,-0.05137413252129943,-0.016475394072519092,0.023309883450582748,0.002137117744695885,-0.016888564866506042,-0.031488462347837344,-0.004309654805978335,-0.029023055852099966,-0.006241092445136566,0.027399863000684997,0.02711197401713551,MC 200000,,
R9_A+,win4 - normal,A+,fde5,,26,156,1043,26,0,0,-1.1412007887886568,-1.373216728891118,-0.8207382925334428,-1.341010524355117,-0.8785619781025668,4.9999750001249995e-06,1.5674640779394896e-08,-1.1737106435845917,-1.4067850403081068,-0.8423295536707556,-1.3765489972389855,-0.9021836333947334,4.9999750001249995e-06,1.382885120760856e-08,-1.0091434766904581,-1.4520870221529136,-0.6662297267558674,-1.3776255251364435,-0.709685366448195,4.9999750001249995e-06,5.664854325613263e-05,MC 200000,,
R9_A+,gt_history - normal,A+,amplification,,26,156,1043,9,0,0,-0.03352665852665852,-0.05482964644773179,-0.009132079631293501,-0.05117175692015373,-0.014065229132193428,0.02719486402567987,0.005742877932284212,-0.0364333652924257,-0.05691916032936641,-0.011861914257228351,-0.05339200195403975,-0.016745910992772926,0.02332488337558312,0.0025200058533345862,-0.01760081557875676,-0.03373896103215956,-0.004269503644503648,-0.030523384227428344,-0.006102444668621146,0.027344863275683622,0.030229341089604043,MC 200000,,
R9_A+,gt_history - normal,A+,fde5,,26,156,1043,26,0,0,-1.2038566941068285,-1.429708230431877,-0.8934562246039602,-1.3972887455831173,-0.9514334400171078,4.9999750001249995e-06,2.4523077407740806e-09,-1.236166915903874,-1.4659971831671916,-0.9116247922931002,-1.4316739282565756,-0.9737037783504309,4.9999750001249995e-06,2.869968741351268e-09,-1.0564686121935007,-1.4983078435495294,-0.7089437162211369,-1.4172485974767564,-0.7534961461178167,4.9999750001249995e-06,2.9102906515519314e-05,MC 200000,,
R9_A+,win1 - gt_history,A+,amplification,,26,156,1043,9,0,0,0.01067104192104192,-0.004525151601044459,0.024591561061533124,-0.001522124923951408,0.022623329100277124,0.17119414402927985,0.14853860167271732,0.012464046021093002,-0.002262765174329117,0.025806882486427478,0.0009046925355643091,0.02385505668280394,0.1360193199034005,0.07971538921986883,0.006683208766542099,-0.0018766245328745324,0.015304030460280456,-0.00036665880415880385,0.0140201812076812,0.14411927940360297,0.1459143965737334,MC 200000,,
R9_A+,win1 - gt_history,A+,fde5,,26,156,1043,26,0,0,0.4539649369694888,0.2826092339326375,0.6187584219700768,0.310081388450185,0.5901817394460483,4.4999775001124996e-05,9.582120812146736e-06,0.4705026028801974,0.29322875917259555,0.6402988521482403,0.3234506103419764,0.6106196739926691,1.9999900000499998e-05,8.307217598927761e-06,0.39047067678819236,0.2134987341038868,0.6058399545314291,0.23635559615037743,0.5666743866298173,1.9999900000499998e-05,0.000823675891520999,MC 200000,,
R9_A+,win2 - gt_history,A+,amplification,,26,156,1043,3,0,0,0.0035612535612535613,-0.005583774186680806,0.014357322743122816,-0.004116183366829361,0.012255183682668465,0.7484712576437118,0.4743796864074633,0.003835091083413231,-0.005025283650959198,0.01335559265442404,-0.0034542314335060447,0.011483803552769062,0.7484712576437118,0.4000546275636011,0.001934884287825464,-0.0029937382878559345,0.008798391151332328,-0.002331002331002331,0.007632889985831162,0.7484712576437118,0.5415045145235085,MC 200000,,
R9_A+,win2 - gt_history,A+,fde5,,26,156,1043,21,0,0,0.20082327043693546,0.11242318999581793,0.2701946408476578,0.12792881620475105,0.259217141749573,6.4999675001625e-05,2.9429718907960162e-05,0.2105291875932019,0.1156182068738272,0.28208817323599794,0.13040614132503903,0.27115284135669787,5.9999700001499995e-05,3.708995630996227e-05,0.12204047674433728,0.06574099284399999,0.18631301254097843,0.07412606281655126,0.1756019041490039,0.00010999945000274999,0.0005957729283534821,MC 200000,,
R9_A+,win3 - gt_history,A+,amplification,,26,156,1043,3,0,0,0.006461131461131461,0.0,0.014285714285714284,0.001299545159194282,0.012729844413012729,0.2505437472812636,0.07026930512493008,0.006711409395973154,0.0,0.01358695652173913,0.001743603218819584,0.01229895931882687,0.2505437472812636,0.04544157663237877,0.0033038856568268333,0.0,0.008241758241758242,0.00025138260432378077,0.007326007326007326,0.2505437472812636,0.16171584124278757,MC 200000,,
R9_A+,win3 - gt_history,A+,fde5,,26,156,1043,17,0,0,0.12622258739030012,0.06493041051485908,0.17480321668309426,0.07416942916984162,0.16764856596987296,6.4999675001625e-05,0.00017866265421706724,0.12664457591094544,0.06626434895934505,0.17360125923221972,0.07498892385480917,0.16683349282653956,6.4999675001625e-05,0.0001392394789248329,0.08130893809014281,0.044382418865505736,0.12368720920326018,0.04990203444035614,0.11621848734332964,6.4999675001625e-05,0.0005080301129994893,MC 200000,,
R9_A+,win4 - gt_history,A+,amplification,,26,156,1043,1,0,0,0.0010683760683760683,0.0,0.0037884199134199056,0.0,0.0032362459546925564,1.0,0.33029372791093725,0.0009587727708533077,0.0,0.003389830508474576,0.0,0.0028957528957528956,1.0,0.3296823059530022,0.0007122507122507122,0.0,0.0021367521367521365,0.0,0.0021367521367521365,1.0,0.32689191269184126,MC 200000,,
R9_A+,win4 - gt_history,A+,fde5,,26,156,1043,14,0,0,0.06265590531817143,0.019804252666417478,0.11445541654806024,0.024850689860471897,0.10529858829804029,0.006114969425152874,0.012700251513127966,0.062456272319282524,0.02027473446102873,0.1104588497001376,0.025732387702428403,0.10176941377235754,0.00504997475012625,0.008516530419089105,0.04732513550304262,0.013701852940612496,0.08981534673886647,0.01803912959712375,0.08178064540781015,0.006059969700151499,0.02241234987464622,MC 200000,,
R9_A+,delay2_len1 - normal,A+,amplification,,26,156,1043,8,0,0,-0.021189458689458686,-0.04265873015873015,-0.0059253719675700965,-0.038429675994108986,-0.007671746874934129,0.007994960025199874,0.03374818880734396,-0.02109300095877277,-0.04421091426354584,-0.004444280078895466,-0.040054218632974044,-0.006547570337463955,0.038889805550972247,0.05185907888981241,-0.014564554454260335,-0.027389284870902513,-0.004185645339137988,-0.025114770509991096,-0.00541454936675527,0.007994960025199874,0.025412869473130716,MC 200000,,
R9_A+,delay2_len1 - normal,A+,fde5,,26,156,1043,26,0,0,-0.7540287823001406,-0.8939653590361013,-0.5613869253530057,-0.8713489884193062,-0.5944517382568024,4.9999750001249995e-06,1.646375889395374e-09,-0.768221275121426,-0.9063502135933122,-0.573365053238169,-0.8862074225253509,-0.6077251766027889,4.9999750001249995e-06,9.674058363359263e-10,-0.6365238247445641,-0.8453563305095597,-0.4396140708620595,-0.8103153820765902,-0.47124810469880235,4.9999750001249995e-06,2.594630915047952e-06,MC 200000,,
R9_A+,delay3_len1 - normal,A+,amplification,,26,156,1043,9,0,0,-0.017844424094424095,-0.03153719732799741,-0.004569834764506897,-0.02912958159051909,-0.006644366306147396,0.03945980270098649,0.013483574730080048,-0.019175455417066157,-0.03313120156891065,-0.005917159763313609,-0.030560271646859084,-0.007972041840909359,0.035589822050889744,0.008783336094160953,-0.010894182524084485,-0.020516790195099017,-0.002492748378165045,-0.01885874768840455,-0.003647723803973803,0.027629861850690746,0.029460847840959745,MC 200000,,
R9_A+,delay3_len1 - normal,A+,fde5,,26,156,1043,26,0,0,-0.6492870347169859,-0.8083698540873003,-0.45160456204032573,-0.7847568991966305,-0.48650313335864903,4.9999750001249995e-06,1.2065804054222375e-07,-0.6740405607029896,-0.8362718665420855,-0.4720171932774381,-0.8110801645951583,-0.5075322560373161,4.9999750001249995e-06,7.598767581371543e-08,-0.5947991421695984,-0.8648278407289336,-0.36565375723819826,-0.8193083391442003,-0.3976224146664305,4.9999750001249995e-06,0.00011869761923659893,MC 200000,,
R9_A+,delay4_len1 - normal,A+,amplification,,26,156,1043,9,0,0,-0.027040089540089542,-0.043372803768799796,-0.01202643249011236,-0.040340262396948434,-0.01451233907541512,0.0038899805500972493,0.0014580598724106579,-0.027804410354745925,-0.04386092094361836,-0.012460970988876071,-0.04086890032329576,-0.015029923234447037,0.0038899805500972493,0.0011116296800687106,-0.016993298549671097,-0.028973093219416744,-0.006819059208765091,-0.02685395350836527,-0.008164190792867274,0.0038899805500972493,0.006718584556176828,MC 200000,,
R9_A+,delay4_len1 - normal,A+,fde5,,26,156,1043,26,0,0,-0.6672709515498064,-0.8213950395264054,-0.47015851270170445,-0.7995723365614693,-0.5041449075148452,4.9999750001249995e-06,7.674825948976982e-08,-0.6881395766561647,-0.8470148337708611,-0.4813182996045387,-0.8242990484907111,-0.5167884282402551,4.9999750001249995e-06,8.736670775939463e-08,-0.6094423850215062,-0.8953522350043405,-0.3823084881765802,-0.8389376350473193,-0.41745656233118983,4.9999750001249995e-06,9.474138077017743e-05,MC 200000,,
R9_A+,delay2_len2 - normal,A+,amplification,,26,156,1043,9,0,0,-0.026060744810744805,-0.04561742517356455,-0.009737200435729851,-0.04194268655545806,-0.01220607641803295,0.015774921125394373,0.0069528099917287416,-0.026845637583892617,-0.04707792207792208,-0.010701516861990312,-0.042936712948014204,-0.013157354149548077,0.015774921125394373,0.005888965260873258,-0.015287129809188628,-0.028987731869165687,-0.004535245697929522,-0.02637647075147075,-0.005876010563510576,0.007834960825195874,0.025282127128588534,MC 200000,,
R9_A+,delay2_len2 - normal,A+,fde5,,26,156,1043,26,0,0,-0.9337171640587025,-1.1144066998137547,-0.6919777841716314,-1.0917770076073026,-0.7309774004567632,9.999950000249999e-06,5.263217823575675e-09,-0.9596455016744407,-1.140947250158598,-0.7065034531012113,-1.1175773641677247,-0.7501107387679683,9.999950000249999e-06,4.464370868652954e-09,-0.7623360752204787,-1.043702446424927,-0.5116240672267333,-0.9933190348084843,-0.5474717279787811,9.999950000249999e-06,1.0970165008224415e-05,MC 200000,,
R9_A+,delay3_len2 - normal,A+,amplification,,26,156,1043,11,0,0,-0.025399369149369147,-0.04289692994095668,-0.007946797956771364,-0.0396611700986701,-0.010716543104267657,0.024659876700616496,0.006113402002409804,-0.026845637583892617,-0.0443975856760317,-0.008760905511451358,-0.041193962287712285,-0.0117472312755433,0.03275483622581887,0.004413370301238646,-0.015608558561989934,-0.02818680105751184,-0.0044197830809350434,-0.02606100156651627,-0.006023411841426547,0.014879925600371997,0.018086986214698605,MC 200000,,
R9_A+,delay3_len2 - normal,A+,fde5,,26,156,1043,26,0,0,-0.8279189829130177,-1.023652729474729,-0.5781689119167313,-0.9937124696057997,-0.6191534207703461,4.9999750001249995e-06,1.4714147555974485e-07,-0.8565897814609899,-1.0538363567184088,-0.5981369867615346,-1.0244418423630688,-0.6412764243268297,4.9999750001249995e-06,1.1040129097154359e-07,-0.7245277956282286,-1.0604964130404475,-0.4563945951988437,-0.9950173772015677,-0.4935931294313426,4.9999750001249995e-06,0.00010455699256623162,MC 200000,,
R8_secondary_all,recent_gt - normal,all,amplification,,26,208,1408,16,0,0,-0.12557234432234432,-0.16323597590998434,-0.07755240039066204,-0.15715589387464388,-0.08538302277432717,4.9999750001249995e-05,6.3530913389315185e-06,-0.13068181818181818,-0.16736131604834176,-0.0834696560909805,-0.16131739036264844,-0.09158269319433919,4.9999750001249995e-05,1.908502286945793e-06,-0.1103718544619905,-0.17010142351979085,-0.05931827239118906,-0.15969531381946353,-0.06577366086294659,4.9999750001249995e-05,0.0008827231441331796,MC 200000,,
R8_secondary_all,recent_gt - normal,all,fde5,,26,208,1408,26,0,0,-1.8506520125742125,-2.199499736651238,-1.352008727007864,-2.155773541646653,-1.4346540980763123,4.9999750001249995e-06,7.506339133179366e-09,-1.9302199213823954,-2.2879983789892964,-1.4168821688228157,-2.2420463192715685,-1.499206741823289,4.9999750001249995e-06,5.035894545962017e-09,-1.64766812363773,-2.2239302839740636,-1.131057287925636,-2.122137873751427,-1.205802317431043,4.9999750001249995e-06,3.863247338845472e-06,MC 200000,,
R8_secondary_all,gt_history - normal,all,amplification,,26,208,1408,14,0,0,-0.13097145909645908,-0.17095157982029296,-0.0785718170674703,-0.1650940558196738,-0.08703820326515459,0.00012499937500312498,1.0889943590970328e-05,-0.1377840909090909,-0.17687164908336217,-0.08596004690426863,-0.17076170946681343,-0.094920329994391,0.00012499937500312498,3.193545156260422e-06,-0.11199655094212917,-0.17470168374079942,-0.05734071826227439,-0.16404858314084506,-0.06510483194369249,0.00012499937500312498,0.0012436790191646477,MC 200000,,
R8_secondary_all,gt_history - normal,all,fde5,,26,208,1408,26,0,0,-2.010244369729101,-2.4158750847233565,-1.4462269104638936,-2.3594256397599813,-1.5249963099950568,4.9999750001249995e-06,2.917866399534238e-08,-2.0980571116907996,-2.5136625105049863,-1.507828623327584,-2.4533703161755307,-1.594518151880934,4.9999750001249995e-06,2.1583699680397267e-08,-1.7795461441709184,-2.3733716483727862,-1.2440239096788397,-2.273632314030096,-1.321947648861515,4.9999750001249995e-06,2.8111945873947663e-06,MC 200000,,
R8_secondary_all,reverse@emb - gt_history,all,amplification,,26,208,1408,15,0,0,0.09329212454212454,0.057260335574427924,0.12060240275404209,0.0635764078666697,0.11631189099439565,4.4999775001124996e-05,4.163268745056629e-06,0.09801136363636363,0.061558580315507636,0.12606505720202077,0.06826796775047111,0.12133992769224518,4.4999775001124996e-05,1.865707595483081e-06,0.07473194873279908,0.03810220437080556,0.12169972331696394,0.042857114462131474,0.11362482224408242,4.4999775001124996e-05,0.00241068781033512,MC 200000,,
R8_secondary_all,reverse@emb - gt_history,all,fde5,,26,208,1408,26,0,0,1.6385286878331304,1.1717997584367292,1.9773414316321811,1.2472388479582375,1.9334529251941863,4.9999750001249995e-06,4.5179582779608473e-08,1.6954862493701937,1.204439837359682,2.045219904586715,1.2856539658240498,2.0013106061158394,4.9999750001249995e-06,4.805527174415368e-08,1.4981390494370233,1.0447601486903586,2.011266598882309,1.110322720745302,1.919906986677667,4.9999750001249995e-06,2.949837939085452e-06,MC 200000,,
R8_secondary_all,reverse@L0 - gt_history,all,amplification,,26,208,1408,15,0,0,0.10806814713064712,0.06988162098017318,0.13847958754208753,0.07611719168322942,0.13337012032490753,6.4999675001625e-05,1.1911516405802822e-06,0.11292613636363637,0.07533120027463029,0.14361272059670993,0.08141094614961018,0.1384464983357233,6.4999675001625e-05,4.048958429294253e-07,0.09136596034980388,0.04625958711152163,0.1457258418939966,0.05249276501402352,0.13639548372860444,6.4999675001625e-05,0.0016025314763808798,MC 200000,,
R8_secondary_all,reverse@L0 - gt_history,all,fde5,,26,208,1408,26,0,0,1.69821323374167,1.2043677160807162,2.062337562069204,1.2869510224075928,2.0129255916361704,4.9999750001249995e-06,4.8651684616907e-08,1.7581853724268048,1.2469949337141268,2.133891752578731,1.3296606484310518,2.0831277638258223,4.9999750001249995e-06,4.7236743090151135e-08,1.5738474803801394,1.0960147074305289,2.1145053667293925,1.1713001269691226,2.0165124743144243,4.9999750001249995e-06,3.256040340172826e-06,MC 200000,,
R8_secondary_all,reverse@L4 - gt_history,all,amplification,,26,208,1408,15,0,0,0.10844971001221002,0.0702263990702664,0.1396476709370617,0.07632481213097153,0.13455542227690717,7.999960000199999e-05,1.6434534013772162e-06,0.11292613636363637,0.07524165048543689,0.14404798600166865,0.08120840346303203,0.1390440999962809,7.999960000199999e-05,6.13149123115913e-07,0.09759341345225699,0.05044341441343991,0.15431809989739406,0.056907137017681235,0.1440853139365044,7.999960000199999e-05,0.001404207910060463,MC 200000,,
R8_secondary_all,reverse@L4 - gt_history,all,fde5,,26,208,1408,26,0,0,1.6723741220617447,1.1770553969967603,2.025323967317938,1.2594411059399437,1.977872730193217,4.9999750001249995e-06,6.425229291276114e-08,1.735000703387113,1.2162008368172716,2.0978641506552207,1.3076948987626837,2.0517000924302877,4.9999750001249995e-06,6.15845789635122e-08,1.5502522171310518,1.088546217767894,2.0598629591956725,1.1562441552257612,1.9819339693937286,4.9999750001249995e-06,2.733906316771209e-06,MC 200000,,
R8_secondary_all,reverse@L8 - gt_history,all,amplification,,26,208,1408,15,0,0,0.10591231684981683,0.06595108349647455,0.13913925085800086,0.07252457879703605,0.13374082624316547,9.499952500237499e-05,5.028579008824796e-06,0.11079545454545454,0.07121493516587282,0.14420515644584594,0.07780683078399496,0.13839013079338014,9.499952500237499e-05,2.0848683005980865e-06,0.09508466228279154,0.046591894421401214,0.15365791427015915,0.05292533910093433,0.14281586299974902,9.499952500237499e-05,0.0023444901971244846,MC 200000,,
R8_secondary_all,reverse@L8 - gt_history,all,fde5,,26,208,1408,26,0,0,1.6297221049936583,1.1311790398769872,1.9861411245291025,1.2105356849219568,1.9385386332872887,4.9999750001249995e-06,8.559730317141493e-08,1.692517602523517,1.1739324503221717,2.0562056665206248,1.2576255393017313,2.0100064748194035,4.9999750001249995e-06,7.761642623083237e-08,1.5175956669323416,1.052158504902604,2.0467738913351803,1.117895323567999,1.9551418851957487,4.9999750001249995e-06,5.027322151122952e-06,MC 200000,,
R8_secondary_all,reverse@L12 - gt_history,all,amplification,,26,208,1408,15,0,0,0.10407127594627594,0.062045825488260535,0.1383902639708892,0.06891319967323158,0.1323769577665847,6.4999675001625e-05,1.2738115659145737e-05,0.10866477272727272,0.06660357945213238,0.14285714285714285,0.07373814311948296,0.13691520222632203,6.4999675001625e-05,5.7969856015048675e-06,0.09377055688705348,0.04506992106375609,0.15210611679042801,0.05142368575616875,0.14077887284201057,6.4999675001625e-05,0.0026726421325526093,MC 200000,,
R8_secondary_all,reverse@L12 - gt_history,all,fde5,,26,208,1408,26,0,0,1.6315388195515803,1.1619600642702235,1.9899252169034942,1.2275045400629179,1.9437600755499034,4.9999750001249995e-06,7.477427015498271e-08,1.6948293690420577,1.2033563090280581,2.0646250683609466,1.2799438173330067,2.015446552392059,4.9999750001249995e-06,6.705992557117954e-08,1.5191947335003027,1.0537055569939338,2.0755927178511215,1.1198715256572658,1.9743374526753024,4.9999750001249995e-06,4.906437074137559e-06,MC 200000,,
R8_secondary_all,reverse@L16 - gt_history,all,amplification,,26,208,1408,15,0,0,0.10554029304029303,0.06298806869459044,0.14148710979326248,0.0696274006051216,0.1352214820890727,5.4999725001374995e-05,1.662326761167051e-05,0.11008522727272728,0.06753374905395397,0.14601046531223927,0.07416869138959932,0.139942764793368,5.4999725001374995e-05,7.560946976307334e-06,0.096774030171139,0.046924139533620825,0.1599918016483705,0.053277865959626164,0.14830786709825827,5.4999725001374995e-05,0.002962714717290577,MC 200000,,
R8_secondary_all,reverse@L16 - gt_history,all,fde5,,26,208,1408,26,0,0,1.6404596783097234,1.1448713706953968,2.0084868408243906,1.2168479522617337,1.9560009482759475,4.9999750001249995e-06,1.434179301493555e-07,1.7001400237992934,1.186988223704463,2.0776060622432175,1.261963190328876,2.021638352003328,4.9999750001249995e-06,1.209489992004703e-07,1.5226291220618025,1.046108500923108,2.0612085331202166,1.1155147343914202,1.9623320297456817,4.9999750001249995e-06,4.235268341502152e-06,MC 200000,,
R8_secondary_all,reverse@L20 - gt_history,all,amplification,,26,208,1408,15,0,0,0.11005227411477411,0.06470859932137106,0.14611909213947358,0.0718295332779751,0.14021186140751357,5.4999725001374995e-05,1.535634871601318e-05,0.11505681818181818,0.0700503789106095,0.1505529678671163,0.07755487875957857,0.1444962519579324,5.4999725001374995e-05,5.1781757882327245e-06,0.10004960710743024,0.049000279175661826,0.1605945469402101,0.05601091471202015,0.15043853224125334,5.4999725001374995e-05,0.0022282528470448726,MC 200000,,
R8_secondary_all,reverse@L20 - gt_history,all,fde5,,26,208,1408,26,0,0,1.6919353310363088,1.1750220914038247,2.075655801124142,1.2555436485954405,2.0262810696754228,4.9999750001249995e-06,1.6297596464707607e-07,1.7534118723893959,1.2189551900568072,2.1447853268886647,1.299160495649911,2.0942372714624478,4.9999750001249995e-06,1.3046436068531242e-07,1.5608179003584404,1.085542443402581,2.1093834999411185,1.155295202800259,2.021038115153334,4.9999750001249995e-06,3.9267768849047725e-06,MC 200000,,
R8_secondary_all,reverse@L24 - gt_history,all,amplification,,26,208,1408,16,0,0,0.11000457875457872,0.06255471244573602,0.14778355763113046,0.06938682752801616,0.14198790823546098,0.00011499942500287499,3.555579320769747e-05,0.11505681818181818,0.06673594845848405,0.1524769174187032,0.07424238118884291,0.1467367782259091,0.00011499942500287499,1.6244407114927798e-05,0.09655680990715004,0.04508372426420895,0.1596505116434963,0.05195742379628434,0.14775827724807317,0.00012499937500312498,0.0034828300978998273,MC 200000,,
R8_secondary_all,reverse@L24 - gt_history,all,fde5,,26,208,1408,26,0,0,1.723383082208693,1.1974038470616128,2.1065831420732537,1.2781212763572098,2.0545592121715015,4.9999750001249995e-06,1.2486402889018758e-07,1.7910530978968564,1.2394259819872422,2.184183103809478,1.3227521633569734,2.133125744648201,4.9999750001249995e-06,1.1306741291650507e-07,1.5478522528526235,1.0765742156601743,2.069953955038242,1.1449236009872152,1.988800696761756,4.9999750001249995e-06,3.4573085008593304e-06,MC 200000,,
R8_secondary_all,reverse@L28 - gt_history,all,amplification,,26,208,1408,15,0,0,0.1132955586080586,0.06429691087354406,0.15109902033730158,0.07209825578063564,0.14582599389147002,6.4999675001625e-05,3.0934930184058785e-05,0.11860795454545454,0.06970837801296098,0.15555592177543398,0.07771127699280192,0.15045887704484637,6.4999675001625e-05,1.1656325605959602e-05,0.09377219372967673,0.04508970353783278,0.1530676814445947,0.051437687721701326,0.14357405499199716,6.4999675001625e-05,0.0028574330313148586,MC 200000,,
R8_secondary_all,reverse@L28 - gt_history,all,fde5,,26,208,1408,26,0,0,1.7809802158949741,1.2250359768077028,2.1786550214778897,1.313460883818936,2.123976261952056,4.9999750001249995e-06,1.8627345687326098e-07,1.8526283952444893,1.2715311719744722,2.263829320419923,1.3636312761483806,2.203968248610385,4.9999750001249995e-06,1.6192698754320874e-07,1.5787395649464204,1.0941645905745565,2.1339087287864684,1.1646651925210585,2.0376404624960576,4.9999750001249995e-06,4.68218566256268e-06,MC 200000,,
R8_secondary_all,reverse@L35 - gt_history,all,amplification,,26,208,1408,14,0,0,0.13097145909645908,0.07946385104729178,0.1716865179237243,0.08750979377258149,0.1658249835065149,0.00011999940000299999,1.0889943590970328e-05,0.1377840909090909,0.08695652173913043,0.1774201702599563,0.09508869882308753,0.17200986405173727,0.00011999940000299999,3.193545156260422e-06,0.11199655094212917,0.0577988408983307,0.17622963845646666,0.06534578595377914,0.16508858795210835,0.00011999940000299999,0.0012436790191646477,MC 200000,,
R8_secondary_all,reverse@L35 - gt_history,all,fde5,,26,208,1408,26,0,0,2.010244369729101,1.4533189182493018,2.4144136315623963,1.5395096912499986,2.3583530014153262,4.9999750001249995e-06,2.917866399534238e-08,2.0980571116907996,1.5127367619423289,2.5126938594151453,1.6086671273333666,2.4554070303534847,4.9999750001249995e-06,2.1583699680397267e-08,1.7795461441709184,1.2351937103553474,2.3880284875344637,1.3181206466396864,2.285234258297699,4.9999750001249995e-06,2.8111945873947663e-06,MC 200000,,
R9_all,win1 - normal,all,amplification,,26,208,1408,16,0,0,-0.06586729242979243,-0.08530783921753184,-0.03984977693186472,-0.08289042321258776,-0.0434012896825397,0.00019499902500487497,1.4278478670395922e-05,-0.06960227272727272,-0.08906625841677279,-0.04358739860600585,-0.08652117291383982,-0.047008119658119664,0.00022499887500562497,5.969894608593076e-06,-0.05061027250653101,-0.07749442659412897,-0.02705825868984883,-0.07316457202724208,-0.0300140022015022,0.00015499922500387497,0.0007680792130480421,MC 200000,,
R9_all,win1 - normal,all,fde5,,26,208,1408,26,0,0,-1.2107140636386244,-1.4766012087464506,-0.8095219799262794,-1.438271881722972,-0.879427630460637,1.9999900000499998e-05,1.4696977966267172e-07,-1.2694388148481137,-1.544312338922439,-0.8450818810832029,-1.5068778614616651,-0.9206772157957878,1.4999925000374999e-05,1.3389942008877545e-07,-1.019488043827985,-1.3844644663304513,-0.6756820795609362,-1.3196161462089975,-0.7290610925510267,9.999950000249999e-06,8.574417464444743e-06,MC 200000,,
R9_all,win2 - normal,all,amplification,,26,208,1408,14,0,0,-0.10235424297924298,-0.13175820809653274,-0.06384539911609977,-0.1273675361196991,-0.06888834668089987,9.999950000249999e-05,5.949075642724615e-06,-0.10795454545454546,-0.1366868649980632,-0.06985264939309058,-0.1322613548707257,-0.07554264084264449,9.999950000249999e-05,1.5706034933033675e-06,-0.08122905454963278,-0.12416535070340343,-0.04436596930485111,-0.11585981061958954,-0.049444410897429604,9.999950000249999e-05,0.0006589433090635782,MC 200000,,
R9_all,win2 - normal,all,fde5,,26,208,1408,26,0,0,-1.6787484179143009,-2.019576699751043,-1.210550914821717,-1.9727025699098095,-1.2776906128071936,4.9999750001249995e-06,3.937375490051347e-08,-1.7502669549523338,-2.0898520309732143,-1.2704838145253161,-2.0443566471327763,-1.3400717868709422,4.9999750001249995e-06,2.0680233771516213e-08,-1.4791615572279209,-1.9816674628997,-1.022961536102695,-1.8965277879342857,-1.0916745114572182,4.9999750001249995e-06,2.9405230765149057e-06,MC 200000,,
R9_all,win3 - normal,all,amplification,,26,208,1408,15,0,0,-0.11416361416361413,-0.15094169350509928,-0.07031838458675664,-0.145212295863358,-0.07692990398795926,2.9999850000749997e-05,1.1269015632910895e-05,-0.12073863636363637,-0.15707985793239074,-0.07761511919788654,-0.15167919470142976,-0.08387698042870456,2.9999850000749997e-05,3.581036821134566e-06,-0.10635561449762129,-0.16993716170214895,-0.05346729891266457,-0.1588302212164882,-0.060682377508482946,2.9999850000749997e-05,0.0019092657874439805,MC 200000,,
R9_all,win3 - normal,all,fde5,,26,208,1408,26,0,0,-1.8513623544432771,-2.2360818344835303,-1.3333729240164005,-2.181133515248957,-1.4087844872651931,4.9999750001249995e-06,3.713165796830361e-08,-1.9359734866640392,-2.3282401046994825,-1.397439723455,-2.2698069118564783,-1.4780226032779311,4.9999750001249995e-06,2.3986804507120937e-08,-1.6811328989184433,-2.2616992574795565,-1.148574994916694,-2.166427849988661,-1.2222028638240163,4.9999750001249995e-06,5.9057838001922426e-06,MC 200000,,
R9_all,win4 - normal,all,amplification,,26,208,1408,15,0,0,-0.12417010073260072,-0.16171109841786177,-0.07735785848539803,-0.15615110108538946,-0.08522792704915612,6.4999675001625e-05,5.558277978947888e-06,-0.13210227272727273,-0.16977521432406908,-0.08525570952488803,-0.16372559987964608,-0.09329830150889874,6.4999675001625e-05,1.8119825305142165e-06,-0.11171885245014497,-0.17650554291073,-0.057152052092528285,-0.16437129118676738,-0.06527866754057232,6.4999675001625e-05,0.0013676916986949264,MC 200000,,
R9_all,win4 - normal,all,fde5,,26,208,1408,26,0,0,-1.9447936256141873,-2.353430856255301,-1.3806664189961801,-2.2963579468098803,-1.4640717747501695,4.9999750001249995e-06,5.6131886390613035e-08,-2.037593882199296,-2.453891345081313,-1.4498296492068128,-2.3977447935643292,-1.5388969638140715,4.9999750001249995e-06,3.786511184473057e-08,-1.7348951495050995,-2.3552759170471074,-1.1949687828869724,-2.2464655739335098,-1.2819174228370604,4.9999750001249995e-06,4.190364749955493e-06,MC 200000,,
R9_all,gt_history - normal,all,amplification,,26,208,1408,15,0,0,-0.12937843406593405,-0.16895158526373513,-0.07998989150566012,-0.1633883766745469,-0.08697556487113452,5.4999725001374995e-05,9.467636432883785e-06,-0.13707386363636365,-0.17609072320275507,-0.08815437154657592,-0.17081665506439261,-0.0948183531741904,5.4999725001374995e-05,2.883302097556945e-06,-0.11330565850123671,-0.17774013751586032,-0.059206043468373416,-0.16602184254395136,-0.06619895882650985,5.4999725001374995e-05,0.0012322360383367566,MC 200000,,
R9_all,gt_history - normal,all,fde5,,26,208,1408,26,0,0,-2.03101532435928,-2.4538410552716434,-1.4528564264180095,-2.392316017578243,-1.5394479016473577,4.9999750001249995e-06,4.267237577134006e-08,-2.1206137225872195,-2.5518954098633553,-1.5170711657895577,-2.4920818217895246,-1.6094803429834161,4.9999750001249995e-06,3.0737235270568374e-08,-1.7896485283634918,-2.3935499431877707,-1.2451874259892568,-2.289430858318531,-1.3335554733306558,4.9999750001249995e-06,2.772979051352344e-06,MC 200000,,
R9_all,win1 - gt_history,all,amplification,,26,208,1408,14,0,0,0.06351114163614165,0.032223442407265934,0.09193635326651489,0.03742244914414726,0.08719240364935187,0.0016499917500412498,0.00018772865975719992,0.06747159090909091,0.03644947166677204,0.0967746637825637,0.04129540118768126,0.09161559139784943,0.00128999355003225,8.50971233458606e-05,0.06269538599470573,0.021293397448797106,0.1171495916372617,0.02583929085842351,0.107467077675411,0.0007899960500197499,0.01881793733134316,MC 200000,,
R9_all,win1 - gt_history,all,fde5,,26,208,1408,26,0,0,0.8203012607206552,0.5322023715704002,1.0422142504036642,0.579510632215548,1.0082197072469479,4.9999750001249995e-06,1.7426547103160954e-06,0.8511749077391062,0.5589513868669569,1.0723631919396663,0.6069810718291473,1.0417405133937578,4.9999750001249995e-06,8.981477865797339e-07,0.7701604845355067,0.4565391779825437,1.1384728893805944,0.49766564136518454,1.071014562789356,4.9999750001249995e-06,0.00023683822093821188,MC 200000,,
R9_all,win2 - gt_history,all,amplification,,26,208,1408,11,0,0,0.027024191086691088,0.009271570677820678,0.04446023580346377,0.012010939842900968,0.041267549964771146,0.016239918800405997,0.004471234438282356,0.02911931818181818,0.010518930128596084,0.047781999270182667,0.013605021736754035,0.04405562398812911,0.016239918800405997,0.0034097388152168383,0.03207660395160396,0.008737408424908423,0.06434398934398934,0.01111359126984127,0.05832976051726049,0.0055899720501397495,0.04218003790047477,MC 200000,,
R9_all,win2 - gt_history,all,fde5,,26,208,1408,24,0,0,0.3522669064449786,0.21229414619589804,0.47059696402463164,0.23325941121348362,0.45022732241313757,4.9999750001249995e-06,1.1095776303793138e-05,0.37034676763488644,0.21745551460048268,0.5020893151890092,0.23906508757858796,0.4791070799589036,4.9999750001249995e-06,2.2168152668987903e-05,0.3104869711355706,0.16163231401785566,0.5052975772616427,0.17950155020844408,0.4697425907918947,4.9999750001249995e-06,0.001970641981503627,MC 200000,,
R9_all,win3 - gt_history,all,amplification,,26,208,1408,6,0,0,0.015214819902319902,0.004265518707482994,0.02360824992751812,0.005907153389588986,0.022247471785649123,0.03126484367578162,0.0039474175603470205,0.016335227272727272,0.004593611901115731,0.025999414125603082,0.006172839506172839,0.02433949747456262,0.03126484367578162,0.004914892399702577,0.006950044003615433,0.0019623233908948193,0.012827105929784501,0.002628968253968254,0.011719191027226742,0.03126484367578162,0.02092708977599977,MC 200000,,
R9_all,win3 - gt_history,all,fde5,,26,208,1408,22,0,0,0.17965296991600252,0.08777551762654563,0.24535483074995018,0.10195963793851316,0.23542023717595703,1.4999925000374999e-05,0.00013419378646907499,0.18464023592318093,0.08493696709154204,0.2600115497677587,0.09887326886888997,0.24839174036407133,1.4999925000374999e-05,0.00028863374927500494,0.10851562944504822,0.06464705912377637,0.15552330966482508,0.0708068468425249,0.14812264721152327,3.9999800000999996e-05,0.00010334174617178148,MC 200000,,
R9_all,win4 - gt_history,all,amplification,,26,208,1408,3,0,0,0.005208333333333333,0.0,0.008872026533821525,0.0009917699821545977,0.008357952796382469,0.25107374463127685,0.0386835660923737,0.004971590909090909,0.0,0.008278170172436075,0.0008888100167603275,0.007817874386721246,0.25107374463127685,0.029525487827001103,0.0015868060510917654,0.0,0.0033350577993435135,0.0004807692307692308,0.003156664763807621,0.25107374463127685,0.08403171210397471,MC 200000,,
R9_all,win4 - gt_history,all,fde5,,26,208,1408,18,0,0,0.08622169874509263,0.034421029181523545,0.13470850810181786,0.04178911386330642,0.12598861747079415,0.00018499907500462497,0.0020280690954549508,0.08301984038792397,0.0326559134529257,0.1295495155914649,0.03949969518454851,0.12136018557564274,0.00021499892500537497,0.0021568925739432823,0.054753378858391995,0.021514078008444404,0.09600829498242723,0.026028882420274492,0.08804984977762201,0.0014699926500367497,0.008394901215844098,MC 200000,,
R9_all,delay2_len1 - normal,all,amplification,,26,208,1408,15,0,0,-0.08309485653235653,-0.10648761370990793,-0.055302971442384066,-0.10252798865117707,-0.060203529911559125,4.9999750001249995e-05,7.162832480600973e-07,-0.08664772727272728,-0.11025332857598918,-0.06001603588890967,-0.1064593394925288,-0.06480638007934872,4.9999750001249995e-05,1.669057445631778e-07,-0.07827639339118932,-0.12277699783917898,-0.04051818416136019,-0.11466543625025766,-0.04586399003490841,4.9999750001249995e-05,0.0012387342946181133,MC 200000,,
R9_all,delay2_len1 - normal,all,fde5,,26,208,1408,26,0,0,-1.2323609287577093,-1.4440190829171384,-0.930707375308689,-1.4126318193071936,-0.9790680882092406,4.9999750001249995e-06,1.0701553566586337e-09,-1.2811898807366437,-1.4883271291149822,-0.9818904874606191,-1.4566346432520914,-1.0311063971594878,4.9999750001249995e-06,2.5640581040515414e-10,-1.0899836106845915,-1.420607348979154,-0.7810211245504638,-1.3637837772401007,-0.8248148856535436,4.9999750001249995e-06,7.558403940404986e-07,MC 200000,,
R9_all,delay3_len1 - normal,all,amplification,,26,208,1408,14,0,0,-0.08792162698412698,-0.121554688555205,-0.047531078506353235,-0.11659649753749568,-0.053103270293624716,0.00031999840000799997,0.00016199719769722224,-0.09161931818181818,-0.12446410643307128,-0.05216691644917139,-0.11957976750143504,-0.057773670076412535,0.00031999840000799997,6.69303459035882e-05,-0.08247939466051712,-0.13764768442064362,-0.03820848735070675,-0.1279224230276526,-0.043409823830742204,0.00031999840000799997,0.0044979770121021225,MC 200000,,
R9_all,delay3_len1 - normal,all,fde5,,26,208,1408,26,0,0,-1.2192853782749256,-1.4823347662681015,-0.8571387992268338,-1.446275640825431,-0.9130437332875984,4.9999750001249995e-06,5.2396642034001737e-08,-1.2820248286021938,-1.5493261443357804,-0.9100226419629771,-1.5115897626520671,-0.9674870719889324,4.9999750001249995e-06,2.417054551284542e-08,-1.1236323921473599,-1.5329087152382705,-0.7487900861359971,-1.4628023393853054,-0.8068121229184441,4.9999750001249995e-06,8.345782209277158e-06,MC 200000,,
R9_all,delay4_len1 - normal,all,amplification,,26,208,1408,15,0,0,-0.09546703296703295,-0.1310243563912687,-0.05208526345228615,-0.12553017180185044,-0.05825939277226045,3.4999825000875e-05,9.776245188025418e-05,-0.09872159090909091,-0.13407963348647797,-0.05526531418367264,-0.1284483905095942,-0.061496755367002026,3.4999825000875e-05,5.9225485439717554e-05,-0.08808301958812163,-0.14480859878500182,-0.04080479009369316,-0.13545067248511125,-0.046323156718564885,3.4999825000875e-05,0.003948558753605043,MC 200000,,
R9_all,delay4_len1 - normal,all,fde5,,26,208,1408,26,0,0,-1.0934384411444638,-1.3243229257598441,-0.7716923127551819,-1.2927834660573116,-0.8212273105612129,4.9999750001249995e-06,6.062147867138735e-08,-1.142519618233704,-1.3837230911816325,-0.7996218628677486,-1.3520834467280662,-0.8559275552678919,4.9999750001249995e-06,5.577952982444279e-08,-1.0117356405671984,-1.380355623973079,-0.691700123574319,-1.3154049284550713,-0.736021128071916,4.9999750001249995e-06,7.331806353843505e-06,MC 200000,,
R9_all,delay2_len2 - normal,all,amplification,,26,208,1408,15,0,0,-0.10584554334554333,-0.1385431702755402,-0.06717044393514983,-0.13384110083745834,-0.07252339772386943,6.4999675001625e-05,7.394967829468912e-06,-0.11008522727272728,-0.1427393068712649,-0.07253866020597453,-0.1375492971691108,-0.07768514803819306,6.4999675001625e-05,2.4933016087466594e-06,-0.09757801092835107,-0.1530638240491557,-0.050492401707325184,-0.1428187930738951,-0.05663395050087227,6.4999675001625e-05,0.001181546806078503,MC 200000,,
R9_all,delay2_len2 - normal,all,fde5,,26,208,1408,26,0,0,-1.5966234641090382,-1.9143394609754472,-1.1614778291884513,-1.8712631238755526,-1.2275275002634305,4.9999750001249995e-06,2.609317615207252e-08,-1.6682034695116383,-1.989618549841777,-1.2246209456723895,-1.9454487226750037,-1.2851905312557406,4.9999750001249995e-06,1.3555152552992034e-08,-1.3800561185705749,-1.83274052398319,-0.9720410642531809,-1.75391763300017,-1.0346683809090862,4.9999750001249995e-06,1.7295088418393458e-06,MC 200000,,
R9_all,delay3_len2 - normal,all,amplification,,26,208,1408,15,0,0,-0.10825892857142858,-0.1487274499290685,-0.060084820388804715,-0.1421518315618611,-0.06721560256860573,2.4999875000624998e-05,8.534711187080383e-05,-0.11292613636363637,-0.15284401086214794,-0.06504852263828426,-0.1463733563792842,-0.07221157082610102,2.4999875000624998e-05,4.066138983971678e-05,-0.10095899942838717,-0.16276333502098808,-0.04967200517264293,-0.15273971800119757,-0.05629290635668187,2.4999875000624998e-05,0.0022609686899541363,MC 200000,,
R9_all,delay3_len2 - normal,all,fde5,,26,208,1408,26,0,0,-1.436911438717285,-1.7600397793354887,-0.9999662215516468,-1.7159960188490662,-1.0631165572915902,4.9999750001249995e-06,1.3458691445024398e-07,-1.5020041682284648,-1.826668518671201,-1.0480275534637622,-1.7821254236199298,-1.1192729967426855,4.9999750001249995e-06,7.388746010894828e-08,-1.2883897731172747,-1.7483928586264095,-0.8857699186251016,-1.6649856261842728,-0.9464491801157177,4.9999750001249995e-06,4.484576471333096e-06,MC 200000,,
