family,contrast,group,metric,left_out_log,estimate,ci95_lo,ci95_hi,p_signflip,n_clusters
P1A_primary,P1A-1 context-only local suffix change,A-,suffix_loc,2021.05.25.14.24.08_veh-25_00934_01067,0.5715261903595193,0.4250983014120921,0.6829391469190415,6.103515625e-05,15
P1A_primary,P1A-1 context-only local suffix change,A-,suffix_loc,2021.05.25.14.24.08_veh-25_04059_04203,0.5872502909897769,0.4529399888917651,0.6941960810252071,6.103515625e-05,15
P1A_primary,P1A-1 context-only local suffix change,A-,suffix_loc,2021.06.03.13.55.17_veh-35_00789_00999,0.571401997114756,0.4339508545963417,0.6802697872644283,6.103515625e-05,15
P1A_primary,P1A-1 context-only local suffix change,A-,suffix_loc,2021.06.03.13.55.17_veh-35_02866_03582,0.559632943250599,0.4177266797981715,0.6718159877626914,6.103515625e-05,15
P1A_primary,P1A-1 context-only local suffix change,A-,suffix_loc,2021.06.28.16.29.11_veh-38_00022_00368,0.5768591006380038,0.44637146550934853,0.6876566487668061,6.103515625e-05,15
P1A_primary,P1A-1 context-only local suffix change,A-,suffix_loc,2021.06.28.18.03.27_veh-14_00620_01581,0.5878313897744679,0.4298249503083026,0.7021468280516897,6.103515625e-05,15
P1A_primary,P1A-1 context-only local suffix change,A-,suffix_loc,2021.08.30.13.45.25_veh-40_01116_01336,0.5606391464017256,0.4266651758987262,0.6655059484734226,6.103515625e-05,15
P1A_primary,P1A-1 context-only local suffix change,A-,suffix_loc,2021.08.30.14.54.34_veh-40_00439_00835,0.5418327105357204,0.41061252726111486,0.6373874603491703,6.103515625e-05,15
P1A_primary,P1A-1 context-only local suffix change,A-,suffix_loc,2021.08.30.16.16.44_veh-40_01099_01351,0.574682607074897,0.43489379207234824,0.6851965185396767,6.103515625e-05,15
P1A_primary,P1A-1 context-only local suffix change,A-,suffix_loc,2021.09.09.18.29.25_veh-39_00569_00903,0.60053413001363,0.47353335828974796,0.7035323548826088,6.103515625e-05,15
P1A_primary,P1A-1 context-only local suffix change,A-,suffix_loc,2021.09.16.14.39.34_veh-42_00032_00186,0.5650082881688425,0.42720173530419386,0.6748901132525982,6.103515625e-05,15
P1A_primary,P1A-1 context-only local suffix change,A-,suffix_loc,2021.09.16.19.27.01_veh-45_01749_03230,0.520570693201532,0.4041054084226983,0.6676580903135834,6.103515625e-05,15
P1A_primary,P1A-1 context-only local suffix change,A-,suffix_loc,2021.09.29.14.44.26_veh-28_00238_00320,0.5784252544441187,0.4409491138998456,0.688680764882267,6.103515625e-05,15
P1A_primary,P1A-1 context-only local suffix change,A-,suffix_loc,2021.09.29.14.44.26_veh-28_01059_01191,0.5750730349557504,0.43554999573254477,0.6847339974922911,6.103515625e-05,15
P1A_primary,P1A-1 context-only local suffix change,A-,suffix_loc,2021.09.29.19.02.14_veh-28_00273_00514,0.5783300368992459,0.43569692347575095,0.6911563614145192,6.103515625e-05,15
P1A_primary,P1A-1 context-only local suffix change,A-,suffix_loc,2021.10.06.08.16.17_veh-52_01949_02501,0.5721954238184923,0.419827594166515,0.6872954845974526,6.103515625e-05,15
P1A_primary,P1A-2 endpoint deviation beyond geometric propagation,A-,dev9_ref,2021.05.25.14.24.08_veh-25_00934_01067,4.3914306431453385,3.2257713374587857,5.189429204223298,6.103515625e-05,15
P1A_primary,P1A-2 endpoint deviation beyond geometric propagation,A-,dev9_ref,2021.05.25.14.24.08_veh-25_04059_04203,4.5135831905784265,3.5619019121376874,5.292144753926476,6.103515625e-05,15
P1A_primary,P1A-2 endpoint deviation beyond geometric propagation,A-,dev9_ref,2021.06.03.13.55.17_veh-35_00789_00999,4.374210692215661,3.2854982713429446,5.157041856295607,6.103515625e-05,15
P1A_primary,P1A-2 endpoint deviation beyond geometric propagation,A-,dev9_ref,2021.06.03.13.55.17_veh-35_02866_03582,4.267901545333988,3.0886609501501603,5.048264395981102,6.103515625e-05,15
P1A_primary,P1A-2 endpoint deviation beyond geometric propagation,A-,dev9_ref,2021.06.28.16.29.11_veh-38_00022_00368,4.380582661414175,3.2833337204666555,5.198193757909471,6.103515625e-05,15
P1A_primary,P1A-2 endpoint deviation beyond geometric propagation,A-,dev9_ref,2021.06.28.18.03.27_veh-14_00620_01581,4.419449759336088,3.1282580464018404,5.301407202346383,6.103515625e-05,15
P1A_primary,P1A-2 endpoint deviation beyond geometric propagation,A-,dev9_ref,2021.08.30.13.45.25_veh-40_01116_01336,4.307064178149372,3.2270729425397953,5.0789882103064246,6.103515625e-05,15
P1A_primary,P1A-2 endpoint deviation beyond geometric propagation,A-,dev9_ref,2021.08.30.14.54.34_veh-40_00439_00835,4.170360004571379,3.1310062982408966,4.861321116897181,6.103515625e-05,15
P1A_primary,P1A-2 endpoint deviation beyond geometric propagation,A-,dev9_ref,2021.08.30.16.16.44_veh-40_01099_01351,4.415299189149164,3.4430036339564327,5.198482041915832,6.103515625e-05,15
P1A_primary,P1A-2 endpoint deviation beyond geometric propagation,A-,dev9_ref,2021.09.09.18.29.25_veh-39_00569_00903,4.62983075145874,3.763355168798401,5.295975557409522,6.103515625e-05,15
P1A_primary,P1A-2 endpoint deviation beyond geometric propagation,A-,dev9_ref,2021.09.16.14.39.34_veh-42_00032_00186,4.323135704210332,3.2733141238295143,5.09803373904956,6.103515625e-05,15
P1A_primary,P1A-2 endpoint deviation beyond geometric propagation,A-,dev9_ref,2021.09.16.19.27.01_veh-45_01749_03230,4.0448807653287355,3.1154864834459883,5.1335409946354815,6.103515625e-05,15
P1A_primary,P1A-2 endpoint deviation beyond geometric propagation,A-,dev9_ref,2021.09.29.14.44.26_veh-28_00238_00320,4.4243838859569395,3.339051571836572,5.220617952525738,6.103515625e-05,15
P1A_primary,P1A-2 endpoint deviation beyond geometric propagation,A-,dev9_ref,2021.09.29.14.44.26_veh-28_01059_01191,4.379687654767346,3.252344571161164,5.1727905585814185,6.103515625e-05,15
P1A_primary,P1A-2 endpoint deviation beyond geometric propagation,A-,dev9_ref,2021.09.29.19.02.14_veh-28_00273_00514,4.423124981956433,3.3043419912505105,5.232384066891567,6.103515625e-05,15
P1A_primary,P1A-2 endpoint deviation beyond geometric propagation,A-,dev9_ref,2021.10.06.08.16.17_veh-52_01949_02501,4.348963147541397,3.1940564588608367,5.187654404584321,6.103515625e-05,15
P1A_primary,P1A-3 repeated GT-free reference correction,A-,dev9_ref,2021.05.25.14.24.08_veh-25_00934_01067,-3.525368438990003,-4.326145633097157,-2.5700721341474453,0.0001220703125,15
P1A_primary,P1A-3 repeated GT-free reference correction,A-,dev9_ref,2021.05.25.14.24.08_veh-25_04059_04203,-3.641165904563126,-4.404297419446213,-2.7955979638053634,6.103515625e-05,15
P1A_primary,P1A-3 repeated GT-free reference correction,A-,dev9_ref,2021.06.03.13.55.17_veh-35_00789_00999,-3.4988036510547613,-4.282868567020739,-2.541288756563085,0.0001220703125,15
P1A_primary,P1A-3 repeated GT-free reference correction,A-,dev9_ref,2021.06.03.13.55.17_veh-35_02866_03582,-3.3857973467139333,-4.140621679942763,-2.3821582096140297,0.0001220703125,15
P1A_primary,P1A-3 repeated GT-free reference correction,A-,dev9_ref,2021.06.28.16.29.11_veh-38_00022_00368,-3.5400650070154653,-4.291844619294504,-2.59321591209539,0.0001220703125,15
P1A_primary,P1A-3 repeated GT-free reference correction,A-,dev9_ref,2021.06.28.18.03.27_veh-14_00620_01581,-3.611661486512493,-4.431175305951504,-2.4464153051455124,0.0001220703125,15
P1A_primary,P1A-3 repeated GT-free reference correction,A-,dev9_ref,2021.08.30.13.45.25_veh-40_01116_01336,-3.469346749941634,-4.198277086912317,-2.484703351163713,0.0001220703125,15
P1A_primary,P1A-3 repeated GT-free reference correction,A-,dev9_ref,2021.08.30.14.54.34_veh-40_00439_00835,-3.279364813959015,-3.902332352160635,-2.344926654926924,0.0001220703125,15
P1A_primary,P1A-3 repeated GT-free reference correction,A-,dev9_ref,2021.08.30.16.16.44_veh-40_01099_01351,-3.5345518632027626,-4.33199513967872,-2.5031542715495325,0.0001220703125,15
P1A_primary,P1A-3 repeated GT-free reference correction,A-,dev9_ref,2021.09.09.18.29.25_veh-39_00569_00903,-3.6782649809948227,-4.449702715422984,-2.7008635663614533,0.0001220703125,15
P1A_primary,P1A-3 repeated GT-free reference correction,A-,dev9_ref,2021.09.16.14.39.34_veh-42_00032_00186,-3.44007714189198,-4.204422164310532,-2.4357665411969096,0.0001220703125,15
P1A_primary,P1A-3 repeated GT-free reference correction,A-,dev9_ref,2021.09.16.19.27.01_veh-45_01749_03230,-3.2201582449163095,-4.368844748555163,-2.3410888730327515,0.0001220703125,15
P1A_primary,P1A-3 repeated GT-free reference correction,A-,dev9_ref,2021.09.29.14.44.26_veh-28_00238_00320,-3.545260664110926,-4.371285524390465,-2.575156798146059,0.0001220703125,15
P1A_primary,P1A-3 repeated GT-free reference correction,A-,dev9_ref,2021.09.29.14.44.26_veh-28_01059_01191,-3.5001621590273295,-4.291502585913788,-2.534507072956851,0.0001220703125,15
P1A_primary,P1A-3 repeated GT-free reference correction,A-,dev9_ref,2021.09.29.19.02.14_veh-28_00273_00514,-3.5303320901359787,-4.337879412435145,-2.5500943190102796,0.0001220703125,15
P1A_primary,P1A-3 repeated GT-free reference correction,A-,dev9_ref,2021.10.06.08.16.17_veh-52_01949_02501,-3.513474417334866,-4.33642818840537,-2.4733856445978377,0.0001220703125,15
