family,contrast,group,metric,label,n_clusters,n_scenes,n_units,n_informative_logs,dropped_nan,missing_pairs,scene_est,scene_ci95_lo,scene_ci95_hi,scene_ci90_lo,scene_ci90_hi,scene_p_signflip,scene_p_cluster_t,unit_est,unit_ci95_lo,unit_ci95_hi,unit_ci90_lo,unit_ci90_hi,unit_p_signflip,unit_p_cluster_t,log_est,log_ci95_lo,log_ci95_hi,log_ci90_lo,log_ci90_hi,log_p_signflip,log_p_cluster_t,sf_method,equiv_margin,equivalent_TOST90,perturbation_family,holm_p,holm_m
P1A_primary,P1A-1 context-only local suffix change,A-,suffix_loc,C1 - U; H1: C1 > U,16,52,364,16,0,0,0.5707173929437054,0.4303322814254473,0.6771291519575872,0.45165050680175284,0.6624045795974136,3.0517578125e-05,1.4965426052624584e-07,0.5747247125047916,0.43182898710639084,0.6840305595433198,0.45496712557377694,0.6659681814097758,3.0517578125e-05,1.473605438530235e-07,0.5400376724040026,0.41063742286037497,0.6749811190642273,0.43044179969416924,0.654368973675155,3.0517578125e-05,1.602717506871425e-06,exact 2^16,0.02,False,G,9.1552734375e-05,3.0
P1A_primary,P1A-2 endpoint deviation beyond geometric propagation,A-,dev9_ref,OC - Geo; H1: OC > Geo,16,52,364,16,0,0,4.367547676046078,3.33703925076251,5.132457940161594,3.518784870193132,5.008135314060741,3.0517578125e-05,7.052738471035629e-08,4.409515905064615,3.3757413071613853,5.184291033062261,3.5541989943486585,5.067203468525204,3.0517578125e-05,8.00187006353414e-08,4.194448279812075,3.2816851395979088,5.144522939718378,3.4144131559036213,5.002901856485605,3.0517578125e-05,4.998215097875257e-07,exact 2^16,0.25,False,G,9.1552734375e-05,3.0
P1A_primary,P1A-3 repeated GT-free reference correction,A-,dev9_ref,OC_refR - OC; H1: OC_refR < OC,16,52,364,16,0,0,-3.49785813369336,-4.259728574776134,-2.600421756646987,-4.124940415750904,-2.750364830058258,6.103515625e-05,3.9334807352446513e-07,-3.5724522586872327,-4.336658472182449,-2.686626569505853,-4.206208320164428,-2.830757402469142,6.103515625e-05,2.937631899723742e-07,-3.3262885611801005,-4.2474219257712305,-2.4392483934104146,-4.093816606617417,-2.5720248297845276,6.103515625e-05,4.878356970470532e-06,exact 2^16,0.25,False,G,9.1552734375e-05,3.0
P1A_secondary_G_A-,O1 vs Geo (expected identical up to numerics),A-,dev9_ref,O1 - Geo,16,52,364,4,0,0,0.06252463837990269,0.0,0.11222860462471626,0.02043427139931301,0.10204806723081204,0.25,0.017972306096611115,0.06576326764166529,0.0,0.122312615396568,0.020397867405547526,0.11003282429262236,0.25,0.02462146403138933,0.0354146026678103,0.0,0.09011077347412337,0.005153530381742035,0.07935500220490833,0.25,0.17692000088183782,exact 2^16,,,G,,
P1A_secondary_G_A-,OC vs constant-motion,A-,dev9_ref,OC - CM,16,52,364,16,0,0,-0.5887753059516645,-1.4616396529180584,0.409542699129797,-1.3008871486629592,0.1952293506265405,0.21160888671875,0.18268108031237854,-0.5662433838462824,-1.5037962379993817,0.5323832000937557,-1.3364500914855473,0.2987595269117278,0.277862548828125,0.24538886157801063,-0.758036701244146,-1.6735555823933448,0.3493870842063126,-1.5706969736384244,0.1384725690060185,0.174652099609375,0.1749691951373593,exact 2^16,,,G,,
P1A_secondary_G_A-,OC vs O1,A-,dev9_ref,OC - O1,16,52,364,16,0,0,4.3050230376661744,3.269261661508261,5.078918176942001,3.4545480760236336,4.966463102860543,3.0517578125e-05,7.249425364723061e-08,4.343752637422949,3.3060443526517944,5.143867208055153,3.4776522092341886,5.007723742469299,3.0517578125e-05,8.429816931700376e-08,4.159033677144265,3.2052892395748778,5.1437523807461645,3.3582540030583603,4.982209736349082,3.0517578125e-05,5.348812475826476e-07,exact 2^16,,,G,,
P1A_secondary_G_A-,C1 vs U endpoint,A-,dev9_ref,C1 - U,16,52,364,16,0,0,4.703053371562501,3.6010034874330947,5.484219506378057,3.776709815200322,5.37194983208254,3.0517578125e-05,5.3971959144272884e-08,4.728664652363447,3.614418222110706,5.524674495250577,3.8003076950239065,5.406848849483663,3.0517578125e-05,6.059661775522488e-08,4.53166028488251,3.5843073578711535,5.4916581588702185,3.7137393977030477,5.335902450060221,3.0517578125e-05,1.9609361883313324e-07,exact 2^16,,,G,,
P1A_secondary_G_A-,C1 vs U local heading,A-,suffix_yaw,C1 - U,16,52,364,16,0,0,0.030718105542291544,0.022373108041690876,0.039396259181541736,0.023777059859571115,0.03767049533903332,3.0517578125e-05,2.09789778991165e-06,0.031142444240226167,0.02197424187102712,0.04041542155777906,0.023462503611354286,0.03865403094350532,3.0517578125e-05,5.576903775709486e-06,0.0365071059489548,0.02481377996298638,0.049830283946711226,0.026492123650287507,0.04742088098198336,3.0517578125e-05,5.9427659123933634e-05,exact 2^16,,,G,,
P1A_secondary_G_A-,C1 vs U token mismatch,A-,suffix_mismatch,C1 - U,16,52,364,16,0,0,0.8316550925925926,0.7820500471337525,0.8768523787720216,0.7920579883893317,0.8690235371358139,3.0517578125e-05,3.2887028559312095e-16,0.8234519448805164,0.7716526583460567,0.8725456738154382,0.7812518046845901,0.8642484189695212,3.0517578125e-05,1.2716694082383976e-15,0.8537967621462165,0.798466458067602,0.9020715400309428,0.8080386207627341,0.895212039300674,3.0517578125e-05,4.1674218796638276e-15,exact 2^16,,,G,,
P1A_secondary_G_A-,OC vs U local suffix change,A-,suffix_loc,OC - U,16,52,364,16,0,0,0.5707173929437054,0.4331822306829552,0.6756968220788456,0.4530337743759831,0.6594372429401609,3.0517578125e-05,1.4965426052624584e-07,0.5747247125047916,0.43583201652747805,0.6809970365441073,0.45693380103535763,0.6633043558970861,3.0517578125e-05,1.473605438530235e-07,0.5400376724040026,0.4085444382182912,0.6798814987719364,0.4272523343835606,0.6548448752082566,3.0517578125e-05,1.602717506871425e-06,exact 2^16,,,G,,
P1A_secondary_G_A-,OC follow vs C1 follow,A-,follow,OC - C1,16,52,364,0,0,0,0.0,0.0,0.0,0.0,0.0,1.0,1.0,0.0,0.0,0.0,0.0,0.0,1.0,1.0,0.0,0.0,0.0,0.0,0.0,1.0,1.0,exact 2^16,,,G,,
P1A_secondary_G_A-,one-shot reference correction,A-,dev9_ref,OC_ref1 - OC,16,52,364,16,0,0,-2.268959738198803,-3.0688650979616643,-1.3100049767417155,-2.918355617351816,-1.4783178427932795,0.000518798828125,5.9653562626833706e-05,-2.2992074201283517,-3.140433026178985,-1.3617294951024694,-2.994031464734057,-1.5282719501464426,0.00018310546875,6.714036129196825e-05,-2.0357192526660737,-2.9792130362370677,-1.1376076628944174,-2.8151416090811527,-1.2932899938678422,0.000274658203125,0.0006532761679128494,exact 2^16,,,G,,
P1A_secondary_G_A-,reference history,A-,dev9_ref,OC_refH - OC,16,52,364,16,0,0,-3.835002925699939,-4.600020108809049,-2.8995943196017,-4.478955539694726,-3.0758345050166356,3.0517578125e-05,1.4482026194232573e-07,-3.8985148488355548,-4.6834704752299094,-2.968113296906779,-4.5407582961600665,-3.1492392651205425,3.0517578125e-05,1.1958668724749416e-07,-3.7150660795598096,-4.6471420307859015,-2.776296184460634,-4.496265380316402,-2.925935034253941,3.0517578125e-05,1.6404016945205956e-06,exact 2^16,,,G,,
P1A_secondary_G_A-,"output perturbed + reference context, repeated",A-,dev9_ref,O_refH - OC,16,52,364,16,0,0,-4.365564595148158,-5.1397867011234375,-3.3437835887685363,-5.025752585223912,-3.5182364159398727,3.0517578125e-05,7.070752302663967e-08,-4.407344119117542,-5.198204864209434,-3.3695690862800363,-5.075978329227736,-3.545381767291893,3.0517578125e-05,8.029096528001858e-08,-4.192644077783482,-5.166129616053717,-3.260124333821903,-5.006534019040697,-3.4124974063648272,3.0517578125e-05,5.000607114141322e-07,exact 2^16,,,G,,
P1A_secondary_G_A-,Recent-GT (GT arm),A-,dev9_ref,OC_gtR - OC,16,52,364,16,0,0,2.0656421705823633,1.0568535706621975,3.0734987472342845,1.2191512881648106,2.882648125500864,0.002838134765625,0.0006641957527596235,2.054972007430536,1.0694204772732483,2.993208451644329,1.2302663706202592,2.8107061319485886,0.0025634765625,0.00042420081862173996,2.09864928302348,0.8158431624490549,3.5346645620654313,0.9934083041459142,3.2788466856905893,0.00689697265625,0.009497154593783424,exact 2^16,,,G,,
P1A_secondary_G_A-,Recent-GT vs Recent-reference,A-,dev9_ref,OC_gtR - OC_refR,16,52,364,16,0,0,5.563500304275722,4.102100397497269,6.8475036293174885,4.311567371339024,6.645301446777973,9.1552734375e-05,9.977046553523912e-07,5.627424266117769,4.236185894599904,6.822380793236812,4.437943107850443,6.636249313945688,9.1552734375e-05,3.65213805364064e-07,5.424937844203581,3.6752318288564365,7.241714289921311,3.94485949645158,6.959935815468292,6.103515625e-05,3.816766790472552e-05,exact 2^16,,,G,,
P1A_secondary_G_A-,severe_ref3 OC vs Geo,A-,severe_ref3,OC - Geo,16,52,364,15,0,0,0.4983287545787546,0.3567092051467052,0.622272030433795,0.37598056130664825,0.6054237614237614,6.103515625e-05,4.692516360807982e-06,0.510989010989011,0.37186866554054054,0.6267032305625023,0.39296554084892743,0.6120224247783598,6.103515625e-05,1.9140392656473185e-06,0.522458664021164,0.3920056216931217,0.6542496279761904,0.41300347222222217,0.6324831349206349,6.103515625e-05,1.7188281602736023e-06,exact 2^16,,,G,,
P1A_secondary_G_A-,severe_ref3 OC_refR vs OC,A-,severe_ref3,OC_refR - OC,16,52,364,15,0,0,-0.38298992673992677,-0.48449064625850335,-0.2761614030254458,-0.46873952531486773,-0.29278556547619045,6.103515625e-05,3.282906967400306e-06,-0.3956043956043956,-0.49385308631649383,-0.29213234562990953,-0.47660955347871237,-0.3093296296296297,6.103515625e-05,1.2157547012704862e-06,-0.42187996031746033,-0.5409378720238095,-0.3010398065476191,-0.5239094742063491,-0.31845709325396826,6.103515625e-05,9.809827314849117e-06,exact 2^16,,,G,,
P1A_secondary_G_A-,ref_amp3 OC vs Geo,A-,ref_amp3,OC - Geo,16,52,364,12,0,0,0.28147893772893773,0.19241074977993583,0.3551588983050847,0.20728132161955687,0.34343288177339903,0.00048828125,5.259033886209673e-06,0.29120879120879123,0.19927394701086956,0.3644578313253012,0.2152582446451045,0.352771098011676,0.00048828125,3.531809298110143e-06,0.26582010582010585,0.15465083498677248,0.3907104414682539,0.17101471560846562,0.3683430059523809,0.00048828125,0.0007415986457617633,exact 2^16,,,G,,
P1A_secondary_G_A-,GT amplification OC vs U,A-,amplification,OC - U,16,52,364,15,0,0,-0.23143315018315017,-0.35842548076923075,-0.08083697494570687,-0.3408730158730158,-0.09907302188552192,0.00244140625,0.008605136895351823,-0.2445054945054945,-0.36617463401096234,-0.09473610907491571,-0.3483159380158688,-0.1142771342771344,0.0020751953125,0.004613038121693605,-0.21437913359788358,-0.33162667410714286,-0.09283112185846563,-0.31341538525132273,-0.11232105654761905,0.0045166015625,0.003505688404325411,exact 2^16,,,G,,
P1A_secondary_G_A-,GT amplification OC_refR vs OC,A-,amplification,OC_refR - OC,16,52,364,14,0,0,0.19652014652014652,0.08391419940069052,0.295063602568687,0.09996057905920988,0.2799766058167697,0.002197265625,0.0021630947673308043,0.20604395604395603,0.09252669039145907,0.3028578296703297,0.10963455149501661,0.28730768246166444,0.001708984375,0.001337275706342772,0.17148478835978836,0.07290972222222222,0.27699317956349206,0.08764790013227512,0.26049661044973543,0.00634765625,0.005895920418611453,exact 2^16,,,G,,
P1A_secondary_G_A-,GT amplification OC_gtR vs OC,A-,amplification,OC_gtR - OC,16,52,364,15,0,0,-0.3825778388278388,-0.4854181547619047,-0.27424431471306465,-0.46776350174216025,-0.29039964662564555,6.103515625e-05,5.0683819850119675e-06,-0.38186813186813184,-0.4721192638186361,-0.28516992426861076,-0.45674787243991394,-0.3009390096330669,6.103515625e-05,9.237328869019076e-07,-0.4154943783068783,-0.5264758184523809,-0.3027063905423281,-0.5091534391534392,-0.3202512400793652,6.103515625e-05,4.615501159380869e-06,exact 2^16,,,G,,
P1A_secondary_G_A-,GT FDE5 OC_refR vs OC,A-,fde5,OC_refR - OC,16,52,364,16,0,0,1.5014906270745976,0.7259975768918732,2.322810848857556,0.8351348967552141,2.186673294941972,0.001800537109375,0.0020009658339388415,1.5543960093479419,0.7492000170638722,2.4172407564075367,0.8668413642613992,2.2479208322915287,0.001800537109375,0.0017184708518589225,1.687606998102951,0.6506480519356939,2.7811341551139255,0.7999442673668872,2.6043327775391494,0.009002685546875,0.00917176475536614,exact 2^16,,,G,,
P1A_secondary_G_A-,log2 growth OC vs Geo,A-,log2_growth,OC - Geo,16,52,364,16,0,0,2.830560739402695,2.449422558701712,3.186610368155488,2.508991989429905,3.12392750148584,3.0517578125e-05,1.153752606914352e-10,2.889770805896886,2.5092447101715107,3.2401483066331394,2.572114313166298,3.175870747143224,3.0517578125e-05,5.5334500983759244e-11,2.839957195166588,2.4410840480469536,3.2572456557756757,2.5033868919400413,3.189131534562966,3.0517578125e-05,1.3230556135351438e-09,exact 2^16,,,G,,
P1A_secondary_G_A-,log2 growth OC vs CM,A-,log2_growth,OC - CM,16,52,364,16,0,0,-0.6229321693865071,-1.0090905048881214,-0.2947597881647287,-0.9406467156777227,-0.3482864770236895,0.00799560546875,0.00249223027894875,-0.6017248110681352,-1.0102680394286323,-0.26052540831727267,-0.9375500701917217,-0.3123465590607666,0.00994873046875,0.004573708896322293,-0.6277630925476514,-0.9419081719844016,-0.2916265450562997,-0.8944561717071494,-0.3464256447587023,0.0035400390625,0.0022432736720938134,exact 2^16,,,G,,
P1A_secondary_G_A+,P1A-1 context-only local suffix change,A+,suffix_loc,C1 - U; H1: C1 > U,26,156,1089,26,0,0,0.21378862400291282,0.1793752577540231,0.24797104490079067,0.18515881240175636,0.2418720240663289,4.9999750001249995e-06,1.5457835310050141e-12,0.2148564899314402,0.18081725882397556,0.24967653495909053,0.18637038649430782,0.24348191085559223,4.9999750001249995e-06,1.4256314274541644e-12,0.2175464285915525,0.16688307334836924,0.27340160685738935,0.17343018307892075,0.2632183965723657,4.9999750001249995e-06,3.537217690340458e-08,MC 200000,0.02,False,G,,
P1A_secondary_G_A+,P1A-2 endpoint deviation beyond geometric propagation,A+,dev9_ref,OC - Geo; H1: OC > Geo,26,156,1089,26,0,0,1.6373967567751035,1.3039801482746611,1.9139546435781087,1.3599932902504173,1.8705944035737236,4.9999750001249995e-06,5.962585203093697e-11,1.653408681464056,1.3298399215534873,1.933300280995181,1.3827692194296357,1.8844081463853775,4.9999750001249995e-06,3.0369154130819904e-11,1.540980169799783,1.1142084787599393,2.0193548245565522,1.1830127893742435,1.9298463957661083,4.9999750001249995e-06,6.685373888541853e-07,MC 200000,0.25,False,G,,
P1A_secondary_G_A+,P1A-3 repeated GT-free reference correction,A+,dev9_ref,OC_refR - OC; H1: OC_refR < OC,26,156,1089,25,0,0,-1.1244769768875074,-1.3542979137940976,-0.8515206741295465,-1.3168449316707747,-0.8970268120609034,4.9999750001249995e-06,4.437186070156391e-09,-1.1653632501871876,-1.3947122877325795,-0.899418442476607,-1.3555116889234315,-0.9455834585497693,4.9999750001249995e-06,9.449189694165461e-10,-1.1056461366377583,-1.5106624191449354,-0.7616732564398567,-1.4388117158387967,-0.8065060951682491,4.9999750001249995e-06,7.093781100992538e-06,MC 200000,0.25,False,G,,
P1A_secondary_G_A+,O1 vs Geo (expected identical up to numerics),A+,dev9_ref,O1 - Geo,26,156,1089,11,0,0,0.07022125968272167,0.021901846291571783,0.13662162167006295,0.029039687135338277,0.12454671083756849,0.0008999955000224999,0.021077154569392454,0.07717820813900643,0.0219069466334106,0.15204931213158546,0.03065498918123182,0.13884637902117536,0.0008999955000224999,0.024971996567366886,0.054446734314309304,0.011693754435773532,0.11584624037601199,0.01605593389505266,0.10295666144320514,0.0008999955000224999,0.05883807952427501,MC 200000,,,G,,
P1A_secondary_G_A+,OC vs constant-motion,A+,dev9_ref,OC - CM,26,156,1089,26,0,0,-4.687949676009127,-5.476768888712592,-3.751526546765825,-5.353189430603444,-3.88719880948252,4.9999750001249995e-06,1.3528831490364602e-10,-4.821312840920721,-5.6412978815572465,-3.8341460746661573,-5.511448979388877,-3.976612829664828,4.9999750001249995e-06,2.0115077769579406e-10,-4.443693318641311,-5.4829258702017665,-3.5172927517289,-5.316415154568779,-3.661760991690902,4.9999750001249995e-06,4.86061412503232e-09,MC 200000,,,G,,
P1A_secondary_G_A+,OC vs O1,A+,dev9_ref,OC - O1,26,156,1089,26,0,0,1.5671754970923817,1.2622465356222516,1.8223448169256056,1.3135083987156502,1.781292321184547,4.9999750001249995e-06,3.93302295743981e-11,1.5762304733250496,1.2789490500643945,1.8286754177083266,1.33082390633263,1.7861896569587343,4.9999750001249995e-06,1.497986712548573e-11,1.486533435485474,1.0646708685118889,1.9401553936279872,1.1275711706268943,1.8615998165271075,4.9999750001249995e-06,8.394491647054878e-07,MC 200000,,,G,,
P1A_secondary_G_A+,C1 vs U endpoint,A+,dev9_ref,C1 - U,26,156,1089,26,0,0,1.909643357733355,1.5498881868772332,2.189372790370314,1.6166683627055887,2.1503840274277235,4.9999750001249995e-06,1.4328442943208993e-11,1.91339060805338,1.5681786867446155,2.185435154321077,1.634515308883152,2.1446424521969436,4.9999750001249995e-06,5.0941031849449595e-12,1.7860677421106115,1.3484797124106842,2.265390287926805,1.4089494261556148,2.1858894438470617,4.9999750001249995e-06,9.894207418724664e-08,MC 200000,,,G,,
P1A_secondary_G_A+,C1 vs U local heading,A+,suffix_yaw,C1 - U,26,156,1089,26,0,0,0.019307604358469465,0.014532485396910735,0.02246796378545132,0.015293608286052755,0.021985467545018764,4.9999750001249995e-06,1.302096524497228e-09,0.018407493164046315,0.01383964513820911,0.021436180323836315,0.01455538387944405,0.02102957976791963,4.9999750001249995e-06,1.8681254874286104e-09,0.013973881607491403,0.010841960909553501,0.017312777904006614,0.011304570008722866,0.016748460752546768,4.9999750001249995e-06,1.3554775946706672e-08,MC 200000,,,G,,
P1A_secondary_G_A+,C1 vs U token mismatch,A+,suffix_mismatch,C1 - U,26,156,1089,26,0,0,0.706931907378336,0.6661753734672882,0.7395956875933279,0.6740560426934932,0.7341474160975325,4.9999750001249995e-06,3.7693089584035e-24,0.70410927456382,0.6652564758722971,0.7351252836249009,0.67289854237968,0.7305682071266979,4.9999750001249995e-06,1.2633717655106516e-24,0.6711158314254866,0.6018612087965204,0.73164904426749,0.6136896954266199,0.7230417928660554,4.9999750001249995e-06,8.79215443346343e-17,MC 200000,,,G,,
P1A_secondary_G_A+,OC vs U local suffix change,A+,suffix_loc,OC - U,26,156,1089,26,0,0,0.21378862400291282,0.18023965289344843,0.24788513869726703,0.18586724439920072,0.24151150604972843,4.9999750001249995e-06,1.5457835310050141e-12,0.2148564899314402,0.18161618265583288,0.24941694954952737,0.1871203542873876,0.24302949378740815,4.9999750001249995e-06,1.4256314274541644e-12,0.2175464285915525,0.166391974841095,0.2733970315618687,0.17389027181120226,0.2650798460850119,4.9999750001249995e-06,3.537217690340458e-08,MC 200000,,,G,,
P1A_secondary_G_A+,OC follow vs C1 follow,A+,follow,OC - C1,26,156,1089,0,0,0,0.0,0.0,0.0,0.0,0.0,1.0,1.0,0.0,0.0,0.0,0.0,0.0,1.0,1.0,0.0,0.0,0.0,0.0,0.0,1.0,1.0,MC 200000,,,G,,
P1A_secondary_G_A+,one-shot reference correction,A+,dev9_ref,OC_ref1 - OC,26,156,1089,26,0,0,-0.626533777377353,-0.8247032511266188,-0.4611549957465013,-0.7868327529099776,-0.48975678751600915,9.999950000249999e-06,1.1903111487992057e-07,-0.6448149566009374,-0.8544525913913155,-0.47201877648445917,-0.8131258790948148,-0.5021008667947806,9.999950000249999e-06,1.6385784771502843e-07,-0.7534187998784362,-1.1389967034103965,-0.4447279376584187,-1.067946097101016,-0.4843752164767308,9.999950000249999e-06,0.0003722866387105591,MC 200000,,,G,,
P1A_secondary_G_A+,reference history,A+,dev9_ref,OC_refH - OC,26,156,1089,26,0,0,-1.304914414014297,-1.5790748455149741,-1.0020365129554718,-1.5354607554000996,-1.0489768252597502,4.9999750001249995e-06,2.5349386974909374e-09,-1.336667164823367,-1.617611955583073,-1.0413604769942795,-1.5722748020370911,-1.086805572799239,4.9999750001249995e-06,1.14890178126051e-09,-1.2383310222030433,-1.6500476839577132,-0.8644406141009249,-1.581270582093056,-0.9204205068609423,4.9999750001249995e-06,2.6430217331182677e-06,MC 200000,,,G,,
P1A_secondary_G_A+,"output perturbed + reference context, repeated",A+,dev9_ref,O_refH - OC,26,156,1089,26,0,0,-1.6273563446054469,-1.9084844871780153,-1.3006427589271388,-1.8628789108842982,-1.3570508119868008,4.9999750001249995e-06,6.034727096613931e-11,-1.6430705508214087,-1.9238010714840625,-1.3241659844708675,-1.8766137781906407,-1.38096897079303,4.9999750001249995e-06,2.932814081686026e-11,-1.5346971650614198,-2.0035738186897003,-1.1027562387632446,-1.918284797694612,-1.1715272434715471,4.9999750001249995e-06,6.996291936893352e-07,MC 200000,,,G,,
P1A_secondary_G_A+,Recent-GT (GT arm),A+,dev9_ref,OC_gtR - OC,26,156,1089,25,0,0,-0.39878535767472995,-0.7094126966202541,-0.16585912575816797,-0.6459679144693764,-0.20286112964926778,0.0038449807750961244,0.004413431029776298,-0.39732513364879035,-0.7255437048552867,-0.15779364970950138,-0.6620187034618634,-0.19402708575082805,0.004654976725116375,0.006681482351926789,-0.6715465947433192,-1.1480264429224651,-0.19800757683121065,-1.0750058631396158,-0.27191241226331614,0.009564952175239123,0.012550515254788255,MC 200000,,,G,,
P1A_secondary_G_A+,Recent-GT vs Recent-reference,A+,dev9_ref,OC_gtR - OC_refR,26,156,1089,25,0,0,0.7256916192127775,0.3591726432221201,1.0039808912292127,0.4212569491464761,0.9604682193838606,0.0008299958500207499,0.00013360121618210798,0.7680381165383974,0.39277294263957735,1.0540837570950454,0.4543547883527719,1.0097939919204564,0.00043999780001099996,8.915615424536298e-05,0.43409954189443906,0.10024710419113401,0.7952458199513078,0.15045441155097372,0.7362956812832699,0.017469912650436747,0.024003617497216443,MC 200000,,,G,,
P1A_secondary_G_A+,severe_ref3 OC vs Geo,A+,severe_ref3,OC - Geo,26,156,1089,21,0,0,0.22593101343101343,0.16519667214711972,0.2684493981502471,0.17553978832912476,0.26282294789260735,4.9999750001249995e-06,6.109411724372784e-09,0.22497704315886133,0.16837856786442904,0.26402375415643403,0.17871094772189447,0.2587426213692776,4.9999750001249995e-06,1.3021097732640603e-09,0.18521914496179198,0.12951060377530968,0.24533764421172508,0.1376002377932525,0.23598429008355476,4.9999750001249995e-06,2.096385079996678e-06,MC 200000,,,G,,
P1A_secondary_G_A+,severe_ref3 OC_refR vs OC,A+,severe_ref3,OC_refR - OC,26,156,1089,19,0,0,-0.1525946275946276,-0.18883073451696114,-0.1019183703739771,-0.1837994669839908,-0.11081666804967778,9.999950000249999e-06,5.546317019644831e-07,-0.1561065197428834,-0.18817780618122373,-0.10979198872285104,-0.1837939837939838,-0.11827956989247312,9.999950000249999e-06,5.612926042075137e-08,-0.11868758420229007,-0.15461240862895273,-0.08367816252375077,-0.14899087221329865,-0.08941258727655788,9.999950000249999e-06,1.2775723063746452e-06,MC 200000,,,G,,
P1A_secondary_G_A+,ref_amp3 OC vs Geo,A+,ref_amp3,OC - Geo,26,156,1089,16,0,0,0.06565170940170942,0.041332248342374915,0.09756344866071429,0.04453585438193647,0.09167507926729394,1.9999900000499998e-05,7.112024345889575e-05,0.06611570247933884,0.04229900836690424,0.09771663540596731,0.045630170058725106,0.0913117770168295,1.9999900000499998e-05,4.71355405348409e-05,0.06308078495578494,0.035761903027528026,0.09351010390072889,0.03962506821881822,0.08839823371073371,1.9999900000499998e-05,0.0003427001923324887,MC 200000,,,G,,
P1A_secondary_G_A+,GT amplification OC vs U,A+,amplification,OC - U,26,156,1089,15,0,0,0.0324023199023199,0.010870475636802103,0.04994923631585217,0.015103462837837837,0.046968144080033,0.012354938225308873,0.0016538545733224435,0.03213957759412305,0.009158226605536375,0.0492234181297534,0.013937095503247178,0.04646954281614816,0.020899895500522497,0.002377468795046868,0.03474582334876452,0.004290761322011322,0.0683668129256364,0.008701013719396073,0.06212296010090127,0.032039839800800995,0.0453216764743058,MC 200000,,,G,,
P1A_secondary_G_A+,GT amplification OC_refR vs OC,A+,amplification,OC_refR - OC,26,156,1089,15,0,0,-0.025663919413919416,-0.03756412396225708,-0.013713800705467379,-0.03539531673568495,-0.015720966253928385,0.00136999315003425,0.0001562794161811518,-0.02662993572084481,-0.03861003861003861,-0.014370048964570876,-0.036486023772901936,-0.016426318414442923,0.00212998935005325,0.00012528454904809237,-0.03550803771392007,-0.06612702758842465,-0.013414960244004362,-0.06038700882450883,-0.01577581527949175,0.0008749956250218749,0.01827848922138578,MC 200000,,,G,,
P1A_secondary_G_A+,GT amplification OC_gtR vs OC,A+,amplification,OC_gtR - OC,26,156,1089,15,0,0,-0.0362942612942613,-0.05293955846765924,-0.020700996155577803,-0.049832456567532664,-0.023364592745433867,0.0006349968250158749,9.312894173981591e-05,-0.03673094582185491,-0.05218153159769927,-0.02099973763118441,-0.049665711556829036,-0.023947056956989666,0.0009349953250233748,5.8536619747057564e-05,-0.04165558025852144,-0.07205513848896201,-0.01859635802650509,-0.06626151762181175,-0.021399320314761494,0.00021999890000549998,0.0068876309869030745,MC 200000,,,G,,
P1A_secondary_G_A+,GT FDE5 OC_refR vs OC,A+,fde5,OC_refR - OC,26,156,1089,25,0,0,-0.40290693604326105,-0.6131861273032964,-0.2513507714080953,-0.5701085792857892,-0.2780093856818475,0.00010999945000274999,5.420996986294141e-05,-0.4091059404742651,-0.6395221916217843,-0.2465285167299454,-0.5952663630175802,-0.27399984970154034,0.00014499927500362497,0.00013715827202414097,-0.6189040162896601,-1.0683798916703744,-0.2680468946132868,-0.9867278129039422,-0.3118476639201716,2.9999850000749997e-05,0.006305720522849783,MC 200000,,,G,,
P1A_secondary_G_A+,log2 growth OC vs Geo,A+,log2_growth,OC - Geo,26,156,1089,26,0,0,1.5399138773924046,1.3374182115451796,1.6966295871115529,1.3730325352007946,1.6726153274468518,4.9999750001249995e-06,2.103732493859074e-15,1.5574247061941533,1.3660384556536014,1.702142503797553,1.4008092290264413,1.6811564405522461,4.9999750001249995e-06,3.3192999075102684e-16,1.3389062159208147,1.1229081305367543,1.5427904071968823,1.1598941800710767,1.5097988857232958,4.9999750001249995e-06,3.619286140219508e-12,MC 200000,,,G,,
P1A_secondary_G_A+,log2 growth OC vs CM,A+,log2_growth,OC - CM,26,156,1089,26,0,0,-2.132402659142048,-2.4107556639347596,-1.8789300614476567,-2.362386174903302,-1.9205436740245314,4.9999750001249995e-06,6.227121682090162e-15,-2.1811709915420847,-2.469409062186995,-1.921220563866958,-2.416086893656968,-1.963434421923284,4.9999750001249995e-06,6.95122113944861e-15,-2.4304754677571405,-2.8253490256489626,-2.070659072318039,-2.762186527614513,-2.120575795254565,4.9999750001249995e-06,3.914856437072151e-12,MC 200000,,,G,,
P1A_secondary_G_all,P1A-1 context-only local suffix change,all,suffix_loc,C1 - U; H1: C1 > U,26,208,1453,26,0,0,0.30302081623811095,0.2485284252507771,0.3405726737753704,0.2575281030046956,0.3357521384589709,4.9999750001249995e-06,1.7681487554258288e-12,0.3050092999911098,0.2524877813858873,0.3414975402822151,0.26118073835448347,0.3362099746960365,4.9999750001249995e-06,5.579079506614606e-13,0.2726196792198698,0.2190479664005244,0.3289026451166255,0.2274895563209724,0.3191034091901536,4.9999750001249995e-06,9.086668833586565e-10,MC 200000,0.02,False,G,,
P1A_secondary_G_all,P1A-2 endpoint deviation beyond geometric propagation,all,dev9_ref,OC - Geo; H1: OC > Geo,26,208,1453,26,0,0,2.319934486592847,1.8120366759519473,2.663893221526414,1.8958619940763417,2.6142959368147145,4.9999750001249995e-06,6.620738723157678e-11,2.343858116695029,1.8571181052045822,2.6729993512145467,1.9386638176520763,2.6261163231985596,4.9999750001249995e-06,1.985039169368534e-11,1.9766602244203981,1.5359596049938726,2.439519536458772,1.6016351024162805,2.3663654025612515,4.9999750001249995e-06,1.2899597482810532e-08,MC 200000,0.25,False,G,,
P1A_secondary_G_all,P1A-3 repeated GT-free reference correction,all,dev9_ref,OC_refR - OC; H1: OC_refR < OC,26,208,1453,26,0,0,-1.7178222660889706,-2.023264592601478,-1.2736755393323995,-1.9804471405306645,-1.3455965891367612,4.9999750001249995e-06,3.2735083476498923e-09,-1.7683779777123196,-2.0555874287297984,-1.347648375401958,-2.0128639068581564,-1.4193614195646953,4.9999750001249995e-06,4.286827224882486e-10,-1.534664217094428,-1.9515192000325992,-1.1418969037655657,-1.8781478119597024,-1.2046867152540168,4.9999750001249995e-06,1.0843645771390356e-07,MC 200000,0.25,False,G,,
P1A_secondary_G_all,O1 vs Geo (expected identical up to numerics),all,dev9_ref,O1 - Geo,26,208,1453,12,0,0,0.06829710435701693,0.03244082699040232,0.11044911242019162,0.03798429740604553,0.10292757237718765,0.0009549952250238749,0.001942728114846528,0.0743185809256326,0.03396640807351021,0.12152693382144973,0.0399167872648817,0.11343535799900684,0.0009549952250238749,0.002698746768170162,0.039294162525505,0.013862578303725467,0.0707316858128577,0.01723061519034908,0.06517844724215431,0.0009549952250238749,0.015247398286008431,MC 200000,,,G,,
P1A_secondary_G_all,OC vs constant-motion,all,dev9_ref,OC - CM,26,208,1453,26,0,0,-3.6631560834947603,-4.347997145176029,-2.9567819049093775,-4.229606526407216,-3.060997542221821,4.9999750001249995e-06,9.074992283020083e-11,-3.7553491228373796,-4.490371117713846,-2.991544162446277,-4.368280215363584,-3.103670761315356,4.9999750001249995e-06,2.7897284177131195e-10,-3.9516028851519187,-4.9955927185182745,-3.0743535107705093,-4.804568773941357,-3.181979781021709,4.9999750001249995e-06,3.568560115840057e-08,MC 200000,,,G,,
P1A_secondary_G_all,OC vs O1,all,dev9_ref,OC - O1,26,208,1453,26,0,0,2.25163738223583,1.7424896316702014,2.5828398601472995,1.8350470761240976,2.536357720914516,4.9999750001249995e-06,9.521982308385779e-11,2.2695395357693964,1.7832956591493883,2.584120335442572,1.8707181778285276,2.5396045238604605,4.9999750001249995e-06,2.6021581932389914e-11,1.937366061894893,1.4890286509147477,2.3994912290410677,1.560084756907376,2.3250416227490205,4.9999750001249995e-06,1.4927744473186523e-08,MC 200000,,,G,,
P1A_secondary_G_all,C1 vs U endpoint,all,dev9_ref,C1 - U,26,208,1453,26,0,0,2.6079958611906418,2.054912013587664,2.973387481099455,2.1385818031115362,2.926343001804631,4.9999750001249995e-06,5.114485259548128e-11,2.61866228880277,2.087710597153572,2.9656755882016443,2.1725712918363196,2.922178974607787,4.9999750001249995e-06,1.3319467581697579e-11,2.247924829559607,1.7715755238134456,2.721703560681168,1.8467590950121837,2.646347036564453,4.9999750001249995e-06,2.6292547972639492e-09,MC 200000,,,G,,
P1A_secondary_G_all,C1 vs U local heading,all,suffix_yaw,C1 - U,26,208,1453,26,0,0,0.022160229654424986,0.017015257298414823,0.025516770958889594,0.01783353559819269,0.0250595660384007,4.9999750001249995e-06,2.7756568893684516e-10,0.02159780437652358,0.0164507032093427,0.02502768232010376,0.017196387622915903,0.024580090699832788,4.9999750001249995e-06,6.911911644627257e-10,0.017465168711781155,0.013673804656218848,0.0212957190590687,0.014273341473544187,0.020720247142311164,4.9999750001249995e-06,4.4669853324145156e-09,MC 200000,,,G,,
P1A_secondary_G_all,C1 vs U token mismatch,all,suffix_mismatch,C1 - U,26,208,1453,26,0,0,0.7381127036819002,0.7017512759640333,0.7662736980524844,0.7084008034586673,0.7616491692558731,4.9999750001249995e-06,8.508390963593171e-26,0.7340065436589869,0.699287192007545,0.7611910542992771,0.7053840996119298,0.7569376766495104,4.9999750001249995e-06,4.0571953651877476e-26,0.7009759449085021,0.6435839614650534,0.7535527027459756,0.6532797154153047,0.7461519047304814,4.9999750001249995e-06,5.408781009547368e-19,MC 200000,,,G,,
P1A_secondary_G_all,OC vs U local suffix change,all,suffix_loc,OC - U,26,208,1453,26,0,0,0.30302081623811095,0.2479149998481446,0.34063230845098696,0.25773131788082726,0.3351524853780314,4.9999750001249995e-06,1.7681487554258288e-12,0.3050092999911098,0.25214128638396444,0.3410900258121391,0.2614706003865345,0.3361961611879614,4.9999750001249995e-06,5.579079506614606e-13,0.2726196792198698,0.2177197505488385,0.32868067097850595,0.226531245739187,0.3189492791903085,4.9999750001249995e-06,9.086668833586565e-10,MC 200000,,,G,,
P1A_secondary_G_all,OC follow vs C1 follow,all,follow,OC - C1,26,208,1453,0,0,0,0.0,0.0,0.0,0.0,0.0,1.0,1.0,0.0,0.0,0.0,0.0,0.0,1.0,1.0,0.0,0.0,0.0,0.0,0.0,1.0,1.0,MC 200000,,,G,,
P1A_secondary_G_all,one-shot reference correction,all,dev9_ref,OC_ref1 - OC,26,208,1453,26,0,0,-1.0371402675827155,-1.264786484146352,-0.7185968862377259,-1.2305880998343859,-0.7697663527795832,4.9999750001249995e-06,8.064518532757078e-08,-1.0592670259223267,-1.27884695023198,-0.757288123771409,-1.2444470598539974,-0.8070267299330274,4.9999750001249995e-06,2.016899378298404e-08,-0.9953942918188756,-1.363023330109666,-0.6680584735527367,-1.3038106301868257,-0.7159519488774095,4.9999750001249995e-06,1.159532281336249e-05,MC 200000,,,G,,
P1A_secondary_G_all,reference history,all,dev9_ref,OC_refH - OC,26,208,1453,26,0,0,-1.9374365419357074,-2.2570690162816303,-1.4740236203770305,-2.2080111454005467,-1.555061171647947,4.9999750001249995e-06,5.359186092738241e-10,-1.9784514435435567,-2.2876311307605466,-1.532148093683983,-2.2405561245613876,-1.618211924562857,4.9999750001249995e-06,1.0635830427908572e-10,-1.671522047098679,-2.0914802892619555,-1.2596198010807975,-2.0264991168876834,-1.3249520381471283,4.9999750001249995e-06,5.646746186025002e-08,MC 200000,,,G,,
P1A_secondary_G_all,"output perturbed + reference context, repeated",all,dev9_ref,O_refH - OC,26,208,1453,26,0,0,-2.3119084072411247,-2.649669083490038,-1.8055898486991127,-2.6050044449072276,-1.8858892967123315,4.9999750001249995e-06,7.153239178274782e-11,-2.335565787476462,-2.6596806449638506,-1.851923342370628,-2.61791851089892,-1.9263553308682975,4.9999750001249995e-06,2.082585324117764e-11,-1.9713917499346463,-2.4272806964473093,-1.5080178220155256,-2.357182823118137,-1.5884661423982867,4.9999750001249995e-06,1.3316294545034893e-08,MC 200000,,,G,,
P1A_secondary_G_all,Recent-GT (GT arm),all,dev9_ref,OC_gtR - OC,26,208,1453,26,0,0,0.21732152438954339,-0.17755263078304787,0.5034251545283407,-0.10597265219769007,0.45975971583085956,0.3075634621826891,0.21192972002754312,0.21701496225821235,-0.18482014845888725,0.5091508990347337,-0.11773039014380597,0.4641260050324522,0.32087839560802195,0.22257038721837186,0.0008891335330102324,-0.5974813048260373,0.6324919308426202,-0.5006399529071279,0.5267352149993916,0.9976200118999405,0.9977764500982507,MC 200000,,,G,,
P1A_secondary_G_all,Recent-GT vs Recent-reference,all,dev9_ref,OC_gtR - OC_refR,26,208,1453,26,0,0,1.935143790478514,1.2330636697934463,2.439998725204929,1.341537805497426,2.3710588360879967,9.999950000249999e-06,2.107412865924835e-06,1.9853929399705321,1.3090945220573234,2.466656230541546,1.4086828705970962,2.4040704862518396,9.999950000249999e-06,6.928796168524545e-07,1.5355533506274381,0.9448125692820597,2.207761432706242,1.0354461825280572,2.0871019030005953,4.9999750001249995e-06,8.621895972637161e-05,MC 200000,,,G,,
P1A_secondary_G_all,severe_ref3 OC vs Geo,all,severe_ref3,OC - Geo,26,208,1453,23,0,0,0.2940304487179487,0.22428930687232773,0.345213474025974,0.23393385625278146,0.3384075185158809,4.9999750001249995e-06,2.1930572504949264e-09,0.29662766689607706,0.23008013634823848,0.3442745223916717,0.2399200552792873,0.3381250035591106,4.9999750001249995e-06,5.208265282356357e-10,0.23439347901720353,0.17766168346015282,0.2917296581736951,0.1864183971970962,0.2832788833662558,4.9999750001249995e-06,3.010647419293966e-08,MC 200000,,,G,,
P1A_secondary_G_all,severe_ref3 OC_refR vs OC,all,severe_ref3,OC_refR - OC,26,208,1453,21,0,0,-0.21019345238095236,-0.2563417983996878,-0.14687370511049727,-0.25034727643334204,-0.15743263029134852,4.9999750001249995e-06,8.333813467204144e-08,-0.21610461114934618,-0.25791524369781077,-0.15744903955260178,-0.2525002304663322,-0.16739567632387606,4.9999750001249995e-06,9.274085394321877e-09,-0.173738713100958,-0.22382698264745454,-0.12458171632788978,-0.21626700864328413,-0.1322939659546802,4.9999750001249995e-06,5.046331196669389e-07,MC 200000,,,G,,
P1A_secondary_G_all,ref_amp3 OC vs Geo,all,ref_amp3,OC - Geo,26,208,1453,19,0,0,0.11960851648351647,0.0847243674764535,0.14673362447747507,0.0911382072670338,0.1422390468629536,4.9999750001249995e-06,2.128484953258324e-08,0.12250516173434274,0.08609181347299773,0.15067411926367988,0.09294151808070564,0.14630473088453208,4.9999750001249995e-06,2.655267926929215e-08,0.0919549413171862,0.06196219101193591,0.12284851486382098,0.06673509101442775,0.11756058284119505,4.9999750001249995e-06,3.763658728211654e-06,MC 200000,,,G,,
P1A_secondary_G_all,GT amplification OC vs U,all,amplification,OC - U,26,208,1453,20,0,0,-0.03355654761904762,-0.06657323346651724,0.0108779559442824,-0.061710862128801905,0.004472187985681152,0.21101394493027534,0.11453135642994497,-0.03716448726772195,-0.06843594452659468,0.006532167391519191,-0.06418438768550448,0.0,0.16073419632901836,0.07000398561909536,-0.009170796607021097,-0.04309848297252634,0.02307415143671521,-0.03792110029992683,0.01819447913197912,0.6080619596902016,0.6011237900748647,MC 200000,,,G,,
P1A_secondary_G_all,GT amplification OC_refR vs OC,all,amplification,OC_refR - OC,26,208,1453,18,0,0,0.029882097069597068,-0.0006701238576238558,0.052157313891266065,0.003991175417535435,0.0489031969170647,0.11989440052799737,0.03812834934064901,0.031658637302133516,0.0,0.0541919442245005,0.00530949977700054,0.0507958470843553,0.12440937795311023,0.029741533034813375,0.002962768523993015,-0.01955658924408924,0.02501559735615858,-0.015798735703072435,0.02182566229122348,0.8003059984700076,0.8009931238255561,MC 200000,,,G,,
P1A_secondary_G_all,GT amplification OC_gtR vs OC,all,amplification,OC_gtR - OC,26,208,1453,19,0,0,-0.12286515567765567,-0.1586177014881485,-0.08196571420247253,-0.15247575175207692,-0.0885735799465584,9.999950000249999e-06,1.3066717037022298e-06,-0.1231933929800413,-0.15606985990342956,-0.08523622504705915,-0.1504970597632554,-0.09100959170564858,9.999950000249999e-06,3.6458130767445245e-07,-0.1224683196621972,-0.18881416326728825,-0.06989476881536834,-0.17640876484626486,-0.07663040757428514,9.999950000249999e-06,0.0005825304688016534,MC 200000,,,G,,
P1A_secondary_G_all,GT FDE5 OC_refR vs OC,all,fde5,OC_refR - OC,26,208,1453,26,0,0,0.07319245473620357,-0.2312564919516015,0.30239708724543646,-0.18101830465895535,0.26510393385275355,0.6118469407652962,0.5804515909196677,0.08278305452592993,-0.24587455947894193,0.3331813635905531,-0.19069059868534324,0.2879332071836895,0.6003919980400098,0.5633923957771139,-0.2709572364190463,-0.7861028172220298,0.171334145799844,-0.6995674346125353,0.10732252078255021,0.3123284383578082,0.2860955691792157,MC 200000,,,G,,
P1A_secondary_G_all,log2 growth OC vs Geo,all,log2_growth,OC - Geo,26,208,1453,26,0,0,1.8625755928949772,1.6065075010209007,2.033274525247775,1.6473531574918037,2.0095397500051475,4.9999750001249995e-06,1.688046249986514e-15,1.8911989527817614,1.641972884532415,2.0541344981978926,1.6833299462973745,2.0316262725403473,4.9999750001249995e-06,4.02910885368184e-16,1.589760641937199,1.3632361660488994,1.805203882976389,1.3991211519466344,1.7711912354831327,4.9999750001249995e-06,4.019971760950116e-13,MC 200000,,,G,,
P1A_secondary_G_all,log2 growth OC vs CM,all,log2_growth,OC - CM,26,208,1453,26,0,0,-1.7550350367031629,-2.0472941453633893,-1.5748485528583527,-1.9846759854983873,-1.6005975521159372,4.9999750001249995e-06,1.314442851075399e-14,-1.7854941782643718,-2.093159362996481,-1.5961288641287843,-2.0248822005241083,-1.623489953090764,4.9999750001249995e-06,2.864633025359456e-14,-2.1699611484948527,-2.531323605213637,-1.830100869142006,-2.474208434159404,-1.8790715694755848,4.9999750001249995e-06,1.3529427175625307e-11,MC 200000,,,G,,
P1A_secondary_E_A-,P1A-1 context-only local suffix change,A-,suffix_loc,C1 - U; H1: C1 > U,16,52,313,16,0,0,0.7421197390708106,0.5671756263388683,0.9090568539378437,0.595719742877697,0.8814227959245269,3.0517578125e-05,2.0893272759081596e-07,0.7808804394260128,0.6128043602887221,0.9589451357874283,0.6402963186333055,0.9298164863994076,3.0517578125e-05,8.612969375820627e-08,0.7355887005300649,0.5225249954426651,0.9687417195895504,0.5546164767801869,0.9311093290184004,3.0517578125e-05,1.6509806674308342e-05,exact 2^16,0.02,False,E,,
P1A_secondary_E_A-,P1A-2 endpoint deviation beyond geometric propagation,A-,dev9_ref,OC - Geo; H1: OC > Geo,16,52,313,16,0,0,5.6156615247104975,4.302448955575954,6.808280248601071,4.533687683296863,6.588644326343672,3.0517578125e-05,7.373818595593007e-08,6.015470481113137,4.653428045307517,7.334200683934296,4.9117711070352605,7.067073050800874,3.0517578125e-05,4.909771239714469e-08,5.448069451070362,3.8580922859131115,7.20018510986568,4.098086860469373,6.892045517602674,3.0517578125e-05,1.5010591648011674e-05,exact 2^16,0.25,False,E,,
P1A_secondary_E_A-,P1A-3 repeated GT-free reference correction,A-,dev9_ref,OC_refR - OC; H1: OC_refR < OC,16,52,313,16,0,0,-4.450869885028647,-5.486597756399387,-3.3451908558604484,-5.288233869411296,-3.556543307344057,3.0517578125e-05,2.1240030499923411e-07,-4.764964732743282,-5.902688208727933,-3.6290485322190347,-5.687903185628112,-3.856150418593189,3.0517578125e-05,1.4704818548651176e-07,-4.265581984730366,-5.727199272957944,-2.978743889972772,-5.453480315800508,-3.1810357545325205,3.0517578125e-05,2.419408935270783e-05,exact 2^16,0.25,False,E,,
P1A_secondary_E_A-,O1 vs Geo (expected identical up to numerics),A-,dev9_ref,O1 - Geo,16,52,313,4,0,0,0.05166358336128728,0.0,0.10537528892900846,0.014664879478140267,0.09391062658901862,0.25,0.04030625280023132,0.05100470706414862,0.0,0.09615654411708842,0.014821603662344697,0.08651275060087481,0.25,0.02808095105086271,0.03236247460099008,0.0,0.08597620489879595,0.002302453356235053,0.07767551863357469,0.25,0.20445385735927435,exact 2^16,,,E,,
P1A_secondary_E_A-,OC vs constant-motion,A-,dev9_ref,OC - CM,16,52,313,16,0,0,-0.7185246404807207,-1.85274968653754,0.6278573976869964,-1.670601043306546,0.36852772835957187,0.304229736328125,0.2502012686890323,-0.7257281906761556,-2.039925112818447,0.807744688851064,-1.8332160165793023,0.522016913005613,0.37615966796875,0.31494384009256515,-0.8000414776263428,-2.062096488708129,0.6097265350202428,-1.8781140008659458,0.3578151995828987,0.275970458984375,0.27656187774254726,exact 2^16,,,E,,
P1A_secondary_E_A-,OC vs O1,A-,dev9_ref,OC - O1,16,52,313,16,0,0,5.563997941349211,4.281584955442183,6.740238226293145,4.519995379444971,6.509304447745603,3.0517578125e-05,8.530597858775268e-08,5.964465774048988,4.6374070331867845,7.270462878586407,4.88537333246093,7.002156695286007,3.0517578125e-05,5.6965813036751104e-08,5.415706976469371,3.846804953168111,7.155818171004904,4.082715164024811,6.863269096970759,3.0517578125e-05,1.5995142599111923e-05,exact 2^16,,,E,,
P1A_secondary_E_A-,C1 vs U endpoint,A-,dev9_ref,C1 - U,16,52,313,16,0,0,6.086469452248532,4.7709051801210896,7.230867561016084,5.0133228025944,6.999216298404266,3.0517578125e-05,2.5087832989436396e-08,6.523339848998957,5.178453146121737,7.761319660287371,5.4313135426202015,7.527560926475875,3.0517578125e-05,1.534283871103429e-08,5.949387875552815,4.363540968819326,7.6620011584118375,4.604342892277498,7.370024844207174,3.0517578125e-05,6.038957280541691e-06,exact 2^16,,,E,,
P1A_secondary_E_A-,C1 vs U local heading,A-,suffix_yaw,C1 - U,16,52,313,16,0,0,0.03278578051787275,0.025157089736005774,0.041784312426200225,0.02654089694902308,0.039782226172128426,3.0517578125e-05,2.576784573151556e-07,0.034801696808206675,0.026994871520310538,0.044118088784597304,0.028327657538345843,0.04211689305416501,3.0517578125e-05,1.9085555599964814e-07,0.03898445516312257,0.026056138704310592,0.05471186948143368,0.027753873207344956,0.05176712941108824,3.0517578125e-05,0.00010556693474088749,exact 2^16,,,E,,
P1A_secondary_E_A-,C1 vs U token mismatch,A-,suffix_mismatch,C1 - U,16,52,313,16,0,0,0.8717361747049247,0.8227648407288928,0.9114823436183143,0.8321211919163508,0.9051224826591516,3.0517578125e-05,9.234558255532993e-17,0.8739768750950859,0.828509915315711,0.913169980362521,0.8372424746170545,0.9064982253529921,3.0517578125e-05,2.9937292845738235e-17,0.8843867256393299,0.8327746069637345,0.9303120783730159,0.8416037250606261,0.9238478946208113,3.0517578125e-05,1.2783411887757636e-15,exact 2^16,,,E,,
P1A_secondary_E_A-,OC vs U local suffix change,A-,suffix_loc,OC - U,16,52,313,16,0,0,0.7421197390708106,0.563278864864112,0.9030023581394405,0.5942211610319653,0.8757392516502853,3.0517578125e-05,2.0893272759081596e-07,0.7808804394260128,0.6097342470467703,0.9573836912787673,0.6399928455699153,0.9205007470688276,3.0517578125e-05,8.612969375820627e-08,0.7355887005300649,0.5175903785423114,0.968060528805168,0.5501265326170143,0.929197598916198,3.0517578125e-05,1.6509806674308342e-05,exact 2^16,,,E,,
P1A_secondary_E_A-,OC follow vs C1 follow,A-,follow,OC - C1,16,52,313,0,0,0,0.0,0.0,0.0,0.0,0.0,1.0,1.0,0.0,0.0,0.0,0.0,0.0,1.0,1.0,0.0,0.0,0.0,0.0,0.0,1.0,1.0,exact 2^16,,,E,,
P1A_secondary_E_A-,one-shot reference correction,A-,dev9_ref,OC_ref1 - OC,16,52,313,16,0,0,-2.8231620949544376,-3.7787524116538465,-1.7452598624415612,-3.6157802034239173,-1.9168998907470882,0.00048828125,3.7654026801253134e-05,-3.0092769162296795,-3.9771110447511107,-1.9525237545965304,-3.796863439518109,-2.131397782212856,0.000396728515625,1.3374567750796925e-05,-2.458063161267795,-3.6164458588485497,-1.3937963000599165,-3.43705178690913,-1.5522820772825985,0.000518798828125,0.0007743129999285743,exact 2^16,,,E,,
P1A_secondary_E_A-,reference history,A-,dev9_ref,OC_refH - OC,16,52,313,16,0,0,-4.829924505050756,-5.9436187263163145,-3.7456842991978463,-5.7536878455126885,-3.9296405961220175,3.0517578125e-05,1.7601650651912438e-07,-5.156332142652947,-6.392940560102273,-4.036926345499566,-6.16880365316965,-4.228273421200466,3.0517578125e-05,1.4540811195406838e-07,-4.795258040898012,-6.3879520218629695,-3.3748197733305627,-6.098924363515759,-3.5700897610119133,3.0517578125e-05,2.544492953026968e-05,exact 2^16,,,E,,
P1A_secondary_E_A-,"output perturbed + reference context, repeated",A-,dev9_ref,O_refH - OC,16,52,313,16,0,0,-5.614184091301961,-6.792247841564495,-4.316117287769294,-6.5803125212362445,-4.545724147650894,3.0517578125e-05,7.402310458306361e-08,-6.013709033606516,-7.325934846796876,-4.645309431693852,-7.077168935861295,-4.923477648907344,3.0517578125e-05,4.949789896609081e-08,-5.4483707340827445,-7.175932921456833,-3.884357489261475,-6.857772161573205,-4.101473708975879,3.0517578125e-05,1.5269657690404632e-05,exact 2^16,,,E,,
P1A_secondary_E_A-,Recent-GT (GT arm),A-,dev9_ref,OC_gtR - OC,16,52,313,16,0,0,0.9168546700991622,-0.2215778047285852,1.871242666993832,-0.06742839597112837,1.7358136525537213,0.19647216796875,0.11434193973514703,0.8282926936893019,-0.3479543109887018,1.84897495725418,-0.18936969177606544,1.7016605220886865,0.26715087890625,0.1718834938544315,0.9051672200572343,-0.23265201253093942,2.174731444143314,-0.04628893106732041,1.9421398313341482,0.175445556640625,0.17021662044288619,exact 2^16,,,E,,
P1A_secondary_E_A-,Recent-GT vs Recent-reference,A-,dev9_ref,OC_gtR - OC_refR,16,52,313,16,0,0,5.3677245551278086,3.862618690103262,6.590078614210017,4.060692057458633,6.422503247017821,9.1552734375e-05,2.757152219844907e-06,5.593257426432583,4.063736356420298,6.854766256967352,4.281050730486255,6.670154405731461,9.1552734375e-05,1.6540970742163298e-06,5.1707492047876,3.609347577547848,6.698650320989429,3.8737179091207676,6.446165453922945,9.1552734375e-05,1.1140723607838801e-05,exact 2^16,,,E,,
P1A_secondary_E_A-,severe_ref3 OC vs Geo,A-,severe_ref3,OC - Geo,16,52,313,16,0,0,0.5561584249084249,0.4207663085559426,0.6728578042328044,0.43943825738180575,0.6540910867452571,3.0517578125e-05,5.721887354704765e-07,0.5654952076677316,0.4341029213915049,0.6756787609527335,0.45344003822264695,0.6588636576751165,3.0517578125e-05,2.713091406392513e-07,0.5772180886243387,0.45548644179894177,0.6947592385912699,0.47520903604497355,0.6776073082010582,3.0517578125e-05,1.7478166198869603e-07,exact 2^16,,,E,,
P1A_secondary_E_A-,severe_ref3 OC_refR vs OC,A-,severe_ref3,OC_refR - OC,16,52,313,16,0,0,-0.3904761904761905,-0.46607217261904765,-0.29595543825496656,-0.4546174832112332,-0.30987016455766464,3.0517578125e-05,2.4247438444898447e-07,-0.38977635782747605,-0.4621430229184798,-0.2951354166666667,-0.45174583018120246,-0.30952380952380953,3.0517578125e-05,2.0423984166073984e-07,-0.39135499338624335,-0.48522234623015875,-0.30062956762566134,-0.469619957010582,-0.3134646577380953,3.0517578125e-05,9.136407073961695e-07,exact 2^16,,,E,,
P1A_secondary_E_A-,ref_amp3 OC vs Geo,A-,ref_amp3,OC - Geo,16,52,313,10,0,0,0.3144001831501831,0.22844785327924275,0.4138561958874459,0.24251063152533742,0.3933971088435373,0.001953125,2.2461694228446943e-06,0.33226837060702874,0.24711180546121453,0.4418604651162791,0.2608695652173913,0.41975519319091553,0.001953125,2.477262907314426e-06,0.3133482142857143,0.16746614583333336,0.47376525297619054,0.18822718253968254,0.4464749503968254,0.001953125,0.001603654734480131,exact 2^16,,,E,,
P1A_secondary_E_A-,GT amplification OC vs U,A-,amplification,OC - U,16,52,313,13,0,0,-0.24214743589743593,-0.37367841015716635,-0.08518834440753048,-0.35710811673695136,-0.10060690235690237,0.0009765625,0.009861108289266006,-0.24920127795527156,-0.38235294117647056,-0.09006211180124224,-0.36585619390497437,-0.10605558900260895,0.001220703125,0.009083813833899158,-0.19768601190476193,-0.3061545138888889,-0.09579216269841272,-0.28833395337301587,-0.11038975694444454,0.002197265625,0.002782703145350572,exact 2^16,,,E,,
P1A_secondary_E_A-,GT amplification OC_refR vs OC,A-,amplification,OC_refR - OC,16,52,313,13,0,0,0.19523809523809524,0.06423553619561032,0.30185028021703425,0.08026421957671957,0.2863257738993033,0.006103515625,0.008325373609998753,0.19808306709265175,0.06706998163077865,0.30297538582854566,0.08540708271851402,0.28813853578154425,0.0087890625,0.006866371574793586,0.13918320105820106,0.03325983796296296,0.248730572089947,0.0488358134920635,0.23291848544973545,0.0283203125,0.02687018694975652,exact 2^16,,,E,,
P1A_secondary_E_A-,GT amplification OC_gtR vs OC,A-,amplification,OC_gtR - OC,16,52,313,13,0,0,-0.3539835164835165,-0.4556446256038647,-0.25694790640394094,-0.4352350324225325,-0.27261712749615974,0.000244140625,2.421573478231436e-06,-0.35782747603833864,-0.4644808743169399,-0.2653689616386456,-0.4444444444444444,-0.28009947643979066,0.000244140625,1.8108226082882012e-06,-0.40154761904761904,-0.5538721478174603,-0.25248859126984124,-0.5292175099206349,-0.2765409226190476,0.000244140625,0.00012687781401214015,exact 2^16,,,E,,
P1A_secondary_E_A-,GT FDE5 OC_refR vs OC,A-,fde5,OC_refR - OC,16,52,313,16,0,0,1.39775288439499,0.3633559512868611,2.220880536770747,0.505379138216256,2.111444534909912,0.02001953125,0.012819017660868001,1.412343837777026,0.34854005117367703,2.268781990479669,0.4877652554233376,2.1526427060022155,0.026397705078125,0.014363545393447594,1.1845766374068787,0.032252145856752464,2.387138689428884,0.19308829969137084,2.181752817027856,0.075836181640625,0.0777434454613816,exact 2^16,,,E,,
P1A_secondary_E_A-,log2 growth OC vs Geo,A-,log2_growth,OC - Geo,16,52,302,16,11,0,2.9241073094208145,2.421008014319121,3.33474217741711,2.5012703592020666,3.2763536187431086,3.0517578125e-05,2.8132186831019296e-09,2.9013380402632385,2.4253842670078805,3.319922512675721,2.4991248081853064,3.2556768182899787,3.0517578125e-05,2.3923282418638358e-09,2.8279403071465756,2.359393627346634,3.2891431842446757,2.4339962321696564,3.2207130542475144,3.0517578125e-05,7.823244277226662e-09,exact 2^16,,,E,,
P1A_secondary_E_A-,log2 growth OC vs CM,A-,log2_growth,OC - CM,16,52,302,16,11,0,-0.3601767199659437,-0.6885464543341685,-0.004251998917191223,-0.6244569597207861,-0.07964542138965688,0.06939697265625,0.03653972879552046,-0.35712443770430174,-0.6815557647545393,-0.020558760068929434,-0.6230744457606854,-0.09163130878981471,0.060028076171875,0.03227602177473069,-0.4097953354501509,-0.7647874748667408,-0.016980850748059884,-0.711525918549617,-0.08822907672815256,0.056121826171875,0.055169933911242225,exact 2^16,,,E,,
P1A_secondary_E_A+,P1A-1 context-only local suffix change,A+,suffix_loc,C1 - U; H1: C1 > U,26,156,887,26,0,0,0.23642732634746702,0.19107837221287216,0.27128990305314493,0.19997910864571442,0.26602096375476514,4.9999750001249995e-06,1.4354910257154603e-11,0.23929422679365786,0.19607169026482268,0.27156776272723754,0.2045509662928069,0.2666653492284032,4.9999750001249995e-06,3.3344431318023305e-12,0.19608422898779698,0.15316811882413706,0.2413300910345332,0.1599870633834446,0.2337372058080804,4.9999750001249995e-06,6.794739577698036e-09,MC 200000,0.02,False,E,,
P1A_secondary_E_A+,P1A-2 endpoint deviation beyond geometric propagation,A+,dev9_ref,OC - Geo; H1: OC > Geo,26,156,887,26,0,0,1.7934568300012432,1.3280660506495918,2.1288854147917564,1.4119021794231743,2.0759704281303564,4.9999750001249995e-06,2.674951326388969e-09,1.814714181268297,1.352042713369878,2.127992387483897,1.4326999582703783,2.085369497093424,4.9999750001249995e-06,1.4610773284537794e-09,1.3556035743954449,0.9713382636332282,1.7571718432276444,1.0342596302493021,1.68936524483642,4.9999750001249995e-06,6.318007283571382e-07,MC 200000,0.25,False,E,,
P1A_secondary_E_A+,P1A-3 repeated GT-free reference correction,A+,dev9_ref,OC_refR - OC; H1: OC_refR < OC,26,156,887,26,0,0,-1.2934956542052918,-1.5832827054236969,-0.8717714021117664,-1.5419215401295054,-0.9455538669220663,4.9999750001249995e-06,1.4593365346202368e-07,-1.3121041349200009,-1.5991749469478234,-0.8864926081455583,-1.559002985436729,-0.9582880486543334,4.9999750001249995e-06,1.3328797550448918e-07,-0.9745898354364478,-1.296269121566262,-0.6583451813863761,-1.2401438995352225,-0.7107356936340343,4.9999750001249995e-06,3.509737411993257e-06,MC 200000,0.25,False,E,,
P1A_secondary_E_A+,O1 vs Geo (expected identical up to numerics),A+,dev9_ref,O1 - Geo,26,156,887,11,0,0,0.0642696037464845,0.01807877134926615,0.12627776567055127,0.02637681223222105,0.11362222174332623,0.0038549807250963745,0.02459681173407706,0.05870629853455458,0.01872239801351611,0.11483846541834604,0.024716845758475617,0.10348068977544708,0.0028799856000719997,0.02200615471853609,0.052913129154970075,0.011254890613001412,0.11201358890556407,0.014896093059703052,0.10218674296520058,0.004944975275123624,0.06714708159131046,MC 200000,,,E,,
P1A_secondary_E_A+,OC vs constant-motion,A+,dev9_ref,OC - CM,26,156,887,26,0,0,-4.818310471825301,-5.667589362268708,-3.938691360153533,-5.51024175457545,-4.099106903496317,4.9999750001249995e-06,1.3703834851449331e-11,-4.82798348699855,-5.6138585794119065,-3.990037116126025,-5.467449042902502,-4.1385465781060224,4.9999750001249995e-06,3.735154466717616e-12,-4.918042814577719,-6.0042787483739355,-3.925106345580881,-5.836284553498922,-4.068505236902358,4.9999750001249995e-06,2.8554655289438124e-09,MC 200000,,,E,,
P1A_secondary_E_A+,OC vs O1,A+,dev9_ref,OC - O1,26,156,887,26,0,0,1.7291872262547583,1.2739066450820233,2.0524709076302536,1.3516320524405405,2.0043504986587504,4.9999750001249995e-06,3.697764539387731e-09,1.7560078827337422,1.2989985445240113,2.0599226128410417,1.3785668166647986,2.019314537742079,4.9999750001249995e-06,1.9777571186626785e-09,1.3026904452404746,0.927474191167794,1.687893134171083,0.9850591128286558,1.6236739073437287,4.9999750001249995e-06,6.293930012724352e-07,MC 200000,,,E,,
P1A_secondary_E_A+,C1 vs U endpoint,A+,dev9_ref,C1 - U,26,156,887,26,0,0,2.108367944835916,1.6112549622978736,2.4519830687542403,1.6912831313871757,2.4029586547373767,4.9999750001249995e-06,3.817112008502532e-10,2.1462368274434422,1.6481330371270753,2.469548378065168,1.7315782678230138,2.428038294458743,4.9999750001249995e-06,1.8453782669481172e-10,1.6158991928867097,1.2009345529597864,2.0152772834267623,1.2730028574488943,1.9517322467372942,4.9999750001249995e-06,5.5278467968298016e-08,MC 200000,,,E,,
P1A_secondary_E_A+,C1 vs U local heading,A+,suffix_yaw,C1 - U,26,156,887,26,0,0,0.019351645077250186,0.01394176501655453,0.022567009933348894,0.014976812764915717,0.02219089094727672,4.9999750001249995e-06,2.2679984112254426e-09,0.02000941506577023,0.014169561503058047,0.023440591056567105,0.01525492298137761,0.02303745843929466,4.9999750001249995e-06,5.217851665613047e-09,0.013426638736092447,0.009990365416983853,0.01688500573276093,0.010553908914613068,0.016312060518379193,4.9999750001249995e-06,5.854209450554158e-08,MC 200000,,,E,,
P1A_secondary_E_A+,C1 vs U token mismatch,A+,suffix_mismatch,C1 - U,26,156,887,26,0,0,0.7130561278998778,0.6573081744713389,0.7508944180778221,0.6683089365000996,0.7459837333911921,4.9999750001249995e-06,2.819311070256925e-21,0.7170840715090997,0.6605831475881287,0.7560569585588516,0.6710948144546655,0.7509859033527012,4.9999750001249995e-06,6.2756647798230326e-21,0.6622354647364859,0.5933476011948745,0.7292061471193415,0.6041289650213773,0.718685044507961,4.9999750001249995e-06,3.651738597045235e-16,MC 200000,,,E,,
P1A_secondary_E_A+,OC vs U local suffix change,A+,suffix_loc,OC - U,26,156,887,26,0,0,0.23642732634746702,0.1890612621868544,0.2713084570520884,0.19795014766681457,0.26628528199301615,4.9999750001249995e-06,1.4354910257154603e-11,0.23929422679365786,0.1938903938964947,0.27142729658204484,0.2025378205083689,0.26683603006266715,4.9999750001249995e-06,3.3344431318023305e-12,0.19608422898779698,0.15279731644156677,0.240675107097772,0.15945455976562212,0.23349945996027438,4.9999750001249995e-06,6.794739577698036e-09,MC 200000,,,E,,
P1A_secondary_E_A+,OC follow vs C1 follow,A+,follow,OC - C1,26,156,887,0,0,0,0.0,0.0,0.0,0.0,0.0,1.0,1.0,0.0,0.0,0.0,0.0,0.0,1.0,1.0,0.0,0.0,0.0,0.0,0.0,1.0,1.0,MC 200000,,,E,,
P1A_secondary_E_A+,one-shot reference correction,A+,dev9_ref,OC_ref1 - OC,26,156,887,26,0,0,-0.8066009063520655,-1.033837878859133,-0.5133752169253893,-0.9962078456162732,-0.5601070275283822,0.00022499887500562497,1.5317954580954997e-06,-0.8213737609664031,-1.0306468692915927,-0.5271390426542977,-1.0008340766020571,-0.576832594443306,0.000244998775006125,7.26190533625682e-07,-0.6018527964311372,-0.915227128435267,-0.2974125161511541,-0.8657358339252107,-0.34869112651212997,0.00044999775001124993,0.0007906345917089793,MC 200000,,,E,,
P1A_secondary_E_A+,reference history,A+,dev9_ref,OC_refH - OC,26,156,887,26,0,0,-1.4499882747721788,-1.7386097531522966,-1.0445872238888048,-1.698224184881163,-1.1078642401233718,4.9999750001249995e-06,1.3609993430834296e-08,-1.4653546757454428,-1.7433211243559559,-1.0521736124881687,-1.7069535901255457,-1.122661240224122,4.9999750001249995e-06,1.0239397172152453e-08,-1.0834480437001652,-1.4118934041930709,-0.7642960331909542,-1.3559518119021603,-0.8115347430433928,4.9999750001249995e-06,1.097022897461816e-06,MC 200000,,,E,,
P1A_secondary_E_A+,"output perturbed + reference context, repeated",A+,dev9_ref,O_refH - OC,26,156,887,26,0,0,-1.7942774185252284,-2.124391421821808,-1.3266560368611984,-2.0749050105656903,-1.414289700534594,4.9999750001249995e-06,2.5778157510486185e-09,-1.8164681964165217,-2.1310277189905826,-1.3464252888443704,-2.0843996380374996,-1.437340138608694,4.9999750001249995e-06,1.4136094504391612e-09,-1.3567133087565788,-1.755742298709811,-0.9707143275103864,-1.690957908979838,-1.0325949370105203,4.9999750001249995e-06,5.810425620518144e-07,MC 200000,,,E,,
P1A_secondary_E_A+,Recent-GT (GT arm),A+,dev9_ref,OC_gtR - OC,26,156,887,26,0,0,-0.5253452954876017,-0.7358547893174553,-0.2551968009865305,-0.7059691680693675,-0.30501379443420157,0.00306998465007675,0.00018054159482964565,-0.546574105573412,-0.7525202557701225,-0.2725388079818727,-0.7213244017262209,-0.3278109151337408,0.0025449872750636245,8.885274865487344e-05,-0.5081642763471436,-0.7831316710562914,-0.2636734902436597,-0.7323882197067634,-0.3003773018609676,0.00029499852500737496,0.0009563113161893486,MC 200000,,,E,,
P1A_secondary_E_A+,Recent-GT vs Recent-reference,A+,dev9_ref,OC_gtR - OC_refR,26,156,887,25,0,0,0.7681503587176903,0.3774685567378802,1.0577173909082642,0.4473693703459852,1.0122122012549448,0.0005449972750136249,0.00011976970181504683,0.7655300293465886,0.37251616776475693,1.0491710930374893,0.44111286600801974,1.0081356221605018,0.00024999875000624995,0.00012446047910339648,0.4664255590893041,0.1990367824024507,0.7527384946862782,0.23591832493502674,0.7048547589318385,0.0027799861000694995,0.0036930246437870714,MC 200000,,,E,,
P1A_secondary_E_A+,severe_ref3 OC vs Geo,A+,severe_ref3,OC - Geo,26,156,887,19,0,0,0.21168345543345543,0.1447713358070501,0.2570673673282278,0.1561590816741162,0.25095118211734063,4.9999750001249995e-06,6.87274505090898e-08,0.21871476888387825,0.14799897959183672,0.26635574444086363,0.16,0.2605865282894214,4.9999750001249995e-06,1.1590626843449735e-07,0.15825169928111105,0.10605424395865573,0.21405068277310924,0.1134469970389088,0.20436631179278236,4.9999750001249995e-06,5.855539844065532e-06,MC 200000,,,E,,
P1A_secondary_E_A+,severe_ref3 OC_refR vs OC,A+,severe_ref3,OC_refR - OC,26,156,887,19,0,0,-0.13365384615384615,-0.1817661366104837,-0.06979275046761753,-0.175790805231964,-0.07850727576335881,0.00035999820000899997,0.00017379280765916134,-0.1375422773393461,-0.19033468409983306,-0.06838796440051607,-0.18333333333333332,-0.07778881406036041,0.0007599962000189999,0.00034283444230774157,-0.08865566078801372,-0.1335887390795479,-0.045461770663976546,-0.12603220091455386,-0.05186824450059746,0.0007049964750176249,0.0006806339044777264,MC 200000,,,E,,
P1A_secondary_E_A+,ref_amp3 OC vs Geo,A+,ref_amp3,OC - Geo,26,156,887,13,0,0,0.06955891330891333,0.039490258607803086,0.10316154633896568,0.04407274883637664,0.09625669382345542,0.00027499862500687496,9.489332580763338e-05,0.07440811724915446,0.04235587215226557,0.11021323848042755,0.04736818588025023,0.10287049895843661,0.00027499862500687496,8.866591256552773e-05,0.0437118573147985,0.02257435885193238,0.06902526497195614,0.025582034387181443,0.06408362606892018,0.00027499862500687496,0.0011257928273717321,MC 200000,,,E,,
P1A_secondary_E_A+,GT amplification OC vs U,A+,amplification,OC - U,26,156,887,11,0,0,0.036309523809523805,0.011661185438125088,0.054833503416935964,0.016758202955236855,0.05193035800178655,0.019774901125494373,0.0017106830424769418,0.03945885005636979,0.015935462919692996,0.056497360743000956,0.020919493064618117,0.053693114918167875,0.016754916225418873,0.00036899048469434323,0.018045557383792675,-0.0027841337583984667,0.03689937105378282,0.0007666006379241668,0.033929624297271345,0.09509952450237749,0.09358643108692402,MC 200000,,,E,,
P1A_secondary_E_A+,GT amplification OC_refR vs OC,A+,amplification,OC_refR - OC,26,156,887,10,0,0,-0.03603479853479853,-0.049993164797829975,-0.01922207485047159,-0.047593493830901036,-0.022186418025991767,0.002154989225053875,5.256774426882688e-05,-0.03720405862457723,-0.049116224908851445,-0.0210010506456387,-0.04730201766496449,-0.0238967451314997,0.002154989225053875,1.0755088873495929e-05,-0.021786261124496418,-0.035053854438045616,-0.009973046765326177,-0.03275669183757419,-0.011529830463653997,0.002154989225053875,0.002848087205531674,MC 200000,,,E,,
P1A_secondary_E_A+,GT amplification OC_gtR vs OC,A+,amplification,OC_gtR - OC,26,156,887,10,0,0,-0.03507326007326007,-0.05561685507536347,-0.011442580049261087,-0.05222815504569139,-0.01546355691683363,0.02150989245053775,0.00394660870448044,-0.03720405862457723,-0.056075045167622066,-0.014285322251842564,-0.05283095566804725,-0.017971374324521696,0.02150989245053775,0.0014218194058153927,-0.021358910697145992,-0.03805454043505514,-0.007198322510822511,-0.034973372216019274,-0.00931956115779645,0.011714941425292873,0.012949938903129878,MC 200000,,,E,,
P1A_secondary_E_A+,GT FDE5 OC_refR vs OC,A+,fde5,OC_refR - OC,26,156,887,26,0,0,-0.3599446343278594,-0.5912923786342883,-0.1113805303690461,-0.5473890365127682,-0.14889669041129167,0.023039884800575998,0.00495046739235317,-0.3898832693316887,-0.6178377330149097,-0.13347690748302848,-0.5788685025870864,-0.1762198797369874,0.019124904375478122,0.0026025829437731868,-0.378032303684851,-0.686262352759934,-0.10721900194471762,-0.6331326488229395,-0.14387115627136288,0.017689911550442246,0.02072593392729426,MC 200000,,,E,,
P1A_secondary_E_A+,log2 growth OC vs Geo,A+,log2_growth,OC - Geo,26,156,860,26,27,0,1.414202072887598,1.1646434864312618,1.5780615217305043,1.2100244854659654,1.553043588109875,4.9999750001249995e-06,4.185337465839072e-13,1.4071400094678683,1.1619142928088628,1.5670658055274482,1.2029829633756117,1.5445649850508607,4.9999750001249995e-06,3.3656187267540054e-13,1.1606499310239544,0.9289132428436668,1.3903529575601952,0.9670003086627105,1.350075196323395,4.9999750001249995e-06,5.429768406992696e-10,MC 200000,,,E,,
P1A_secondary_E_A+,log2 growth OC vs CM,A+,log2_growth,OC - CM,26,156,860,26,27,0,-2.1717682021388702,-2.591655675181988,-1.8880562617137109,-2.5066009646188734,-1.9254648194772195,4.9999750001249995e-06,2.1096239805755567e-12,-2.107374071649431,-2.4914692218326655,-1.8538728278449714,-2.4093658706863272,-1.8872427088110832,4.9999750001249995e-06,3.3394291852233005e-13,-2.561915277529252,-3.0519023527021676,-2.0951223672132824,-2.9722872119669317,-2.1716244047461024,4.9999750001249995e-06,1.3907420291907508e-10,MC 200000,,,E,,
P1A_secondary_E_all,P1A-1 context-only local suffix change,all,suffix_loc,C1 - U; H1: C1 > U,26,208,1200,26,0,0,0.36285042952830293,0.2827217119587824,0.41648913812557065,0.2964660777645915,0.408619412526355,4.9999750001249995e-06,5.732655615343587e-11,0.3805579639219305,0.2989474632573913,0.43526905045948816,0.3148424261711971,0.4269257568512642,4.9999750001249995e-06,1.6040069091474135e-11,0.2889890662731804,0.22157325673038258,0.36097309843004627,0.2316213797346939,0.34880385515005224,4.9999750001249995e-06,2.7626643129232566e-08,MC 200000,0.02,False,E,,
P1A_secondary_E_all,P1A-2 endpoint deviation beyond geometric propagation,all,dev9_ref,OC - Geo; H1: OC > Geo,26,208,1200,26,0,0,2.7490080036785565,2.0321188401977617,3.2207558065181736,2.1461255568697744,3.152671748273671,4.9999750001249995e-06,1.786235140391695e-09,2.910411449477826,2.1622312022997074,3.4109675969831046,2.284200307279873,3.3384104293921473,4.9999750001249995e-06,1.177569461704415e-09,2.0165015672960753,1.4628626981458155,2.596519211276638,1.5541420777043304,2.499197139193987,4.9999750001249995e-06,4.4144282096520026e-07,MC 200000,0.25,False,E,,
P1A_secondary_E_all,P1A-3 repeated GT-free reference correction,all,dev9_ref,OC_refR - OC; H1: OC_refR < OC,26,208,1200,26,0,0,-2.082839211911131,-2.4863256780351843,-1.4525423986454067,-2.4371134561784333,-1.563238398747989,4.9999750001249995e-06,3.151279094417909e-08,-2.212725274185573,-2.6339978756817604,-1.5498718501020672,-2.580364231852391,-1.67190447310087,4.9999750001249995e-06,1.8019710187581586e-08,-1.5436916625695614,-2.0095388674435704,-1.1089500841503093,-1.931005449346566,-1.1755688629763836,4.9999750001249995e-06,8.799795845077378e-07,MC 200000,0.25,False,E,,
P1A_secondary_E_all,O1 vs Geo (expected identical up to numerics),all,dev9_ref,O1 - Geo,26,208,1200,12,0,0,0.06111809865018518,0.027380919445133666,0.1031692111171808,0.03267465778385556,0.0959345211410759,0.0040449797751011245,0.0035343531309982488,0.056697466759357024,0.025958375681934518,0.09392943091461789,0.031080967648668217,0.08779571034447796,0.0035949820250898747,0.0025215245715059296,0.038024042421336286,0.013193704047166705,0.06924391890264306,0.016263149804093813,0.06348199569482227,0.003919980400098,0.015831418795852096,MC 200000,,,E,,
P1A_secondary_E_all,OC vs constant-motion,all,dev9_ref,OC - CM,26,208,1200,26,0,0,-3.793364013989156,-4.626934877510954,-3.1405940146427005,-4.4516929431002605,-3.246440081018816,4.9999750001249995e-06,4.166636838000908e-11,-3.7579785638744587,-4.550233510482968,-3.110020040199635,-4.38491693283427,-3.219745574134468,4.9999750001249995e-06,2.643061335100447e-11,-4.446142545744592,-5.542224473900671,-3.4504748847555637,-5.354653836897129,-3.5904900453056388,4.9999750001249995e-06,1.3717246755370106e-08,MC 200000,,,E,,
P1A_secondary_E_all,OC vs O1,all,dev9_ref,OC - O1,26,208,1200,26,0,0,2.6878899050283716,1.9521166255139115,3.1495314354641697,2.0852427100010336,3.0859997899174454,4.9999750001249995e-06,2.3795162946173973e-09,2.853713982718469,2.0801734227677944,3.3400665696297462,2.2267928178387515,3.267288764873563,4.9999750001249995e-06,1.3682896350124042e-09,1.9784775248747395,1.4318019743545607,2.5553966552463643,1.5171412464234482,2.4679366734572206,4.9999750001249995e-06,4.4869197718036587e-07,MC 200000,,,E,,
P1A_secondary_E_all,C1 vs U endpoint,all,dev9_ref,C1 - U,26,208,1200,26,0,0,3.1028933216890704,2.334013792674856,3.600773024961387,2.4689131257472483,3.5351574993730144,4.9999750001249995e-06,4.291345316072214e-10,3.2879311988991726,2.4790632738169025,3.8175421099643554,2.6301348661877757,3.742874985876537,4.9999750001249995e-06,2.5345368962348024e-10,2.344525813503186,1.7583787223738079,2.9607108047266264,1.8433716351433167,2.8618076236846974,4.9999750001249995e-06,7.391768496590308e-08,MC 200000,,,E,,
P1A_secondary_E_all,C1 vs U local heading,all,suffix_yaw,C1 - U,26,208,1200,26,0,0,0.022710178937405824,0.017560573674472973,0.0257494512103147,0.01844611289699726,0.025320802231550733,4.9999750001249995e-06,3.095135529806179e-11,0.023867735220255735,0.018242462573005443,0.027129264772073936,0.0192258361765685,0.026712927897016528,4.9999750001249995e-06,4.920184047898401e-11,0.01712268387529418,0.012982530302388724,0.021484347828822248,0.013635185111120161,0.020747798573005904,4.9999750001249995e-06,3.597988833541825e-08,MC 200000,,,E,,
P1A_secondary_E_all,C1 vs U token mismatch,all,suffix_mismatch,C1 - U,26,208,1200,26,0,0,0.7527261396011398,0.6975969786356805,0.7881001594210525,0.7081407461096667,0.7833741925188878,4.9999750001249995e-06,2.6203741720435495e-22,0.7580069444444445,0.7032554899254417,0.7925239258959395,0.7136600431399674,0.7881596287111016,4.9999750001249995e-06,1.7567587825983756e-22,0.6944162081554018,0.6331370834449862,0.7538341520482961,0.6433838601156575,0.744012065565699,4.9999750001249995e-06,5.753834154511932e-18,MC 200000,,,E,,
P1A_secondary_E_all,OC vs U local suffix change,all,suffix_loc,OC - U,26,208,1200,26,0,0,0.36285042952830293,0.28221290695196743,0.4155546995517512,0.2962290629395429,0.40853066445592284,4.9999750001249995e-06,5.732655615343587e-11,0.3805579639219305,0.2984559649473152,0.43528018659868134,0.3143880410351645,0.42745544469581465,4.9999750001249995e-06,1.6040069091474135e-11,0.2889890662731804,0.22049574720832282,0.3622868323726795,0.23123751098662812,0.350626893553791,4.9999750001249995e-06,2.7626643129232566e-08,MC 200000,,,E,,
P1A_secondary_E_all,OC follow vs C1 follow,all,follow,OC - C1,26,208,1200,0,0,0,0.0,0.0,0.0,0.0,0.0,1.0,1.0,0.0,0.0,0.0,0.0,0.0,1.0,1.0,0.0,0.0,0.0,0.0,0.0,1.0,1.0,MC 200000,,,E,,
P1A_secondary_E_all,one-shot reference correction,all,dev9_ref,OC_ref1 - OC,26,208,1200,26,0,0,-1.3107412035026582,-1.6364479551134767,-0.8165668682421703,-1.5861911429832143,-0.901492014175624,7.999960000199999e-05,1.01176935582223e-06,-1.3920518339642411,-1.7159778608813179,-0.8882550927333807,-1.66693511537303,-0.9765621764302375,6.4999675001625e-05,3.638294363602943e-07,-0.9107068567927658,-1.2863758361258602,-0.5516949340028409,-1.2216352241935062,-0.6050161386822739,5.4999725001374995e-05,7.26194017870733e-05,MC 200000,,,E,,
P1A_secondary_E_all,reference history,all,dev9_ref,OC_refH - OC,26,208,1200,26,0,0,-2.294972332341823,-2.711425059143752,-1.6688157684334355,-2.6507837479064698,-1.7885428717509697,4.9999750001249995e-06,3.0964176812087284e-09,-2.4280846316971503,-2.8778597833045287,-1.762601991125862,-2.80624136217519,-1.8932483406866218,4.9999750001249995e-06,2.3766137823967955e-09,-1.7135382475761942,-2.234172159530897,-1.2292964430836544,-2.1500539016093074,-1.3079630948507823,4.9999750001249995e-06,6.934427467662782e-07,MC 200000,,,E,,
P1A_secondary_E_all,"output perturbed + reference context, repeated",all,dev9_ref,O_refH - OC,26,208,1200,26,0,0,-2.7492540867194117,-3.2270248422926673,-2.0219312984349136,-3.163633417815385,-2.1500864491736404,4.9999750001249995e-06,1.7661941790376553e-09,-2.9112485147835785,-3.418689211915142,-2.1411061954385384,-3.3450188902408065,-2.288083653375248,4.9999750001249995e-06,1.1867436779652507e-09,-2.017905360250539,-2.6003949427748125,-1.4587259079822954,-2.5047031504764488,-1.5467840957966226,4.9999750001249995e-06,4.1903819427213023e-07,MC 200000,,,E,,
P1A_secondary_E_all,Recent-GT (GT arm),all,dev9_ref,OC_gtR - OC,26,208,1200,26,0,0,-0.1647953040909108,-0.5080644988786375,0.15568856983166693,-0.4572686067587938,0.1020363263925206,0.3296233518832406,0.330700229392767,-0.1879630154323875,-0.5386016123496308,0.14769148197861612,-0.48843343635643166,0.08708647557212555,0.28225858870705645,0.2822163757957301,-0.049389671255491305,-0.47052318751241257,0.433109407269885,-0.41032931681458673,0.3452734537606221,0.8422057889710551,0.8358709141430235,MC 200000,,,E,,
P1A_secondary_E_all,Recent-GT vs Recent-reference,all,dev9_ref,OC_gtR - OC_refR,26,208,1200,26,0,0,1.91804390782022,1.1825184278509837,2.431061441130514,1.3029717290265121,2.3586692932609554,4.9999750001249995e-06,3.4852815633346255e-06,2.0247622587531855,1.2508702020596913,2.5481044532306427,1.384021293236912,2.4737057252299617,4.9999750001249995e-06,2.250754934421501e-06,1.4943019913140698,0.9295879831792272,2.1168437406818996,1.0075846719068766,2.0082758486690366,4.9999750001249995e-06,6.143952516027138e-05,MC 200000,,,E,,
P1A_secondary_E_all,severe_ref3 OC vs Geo,all,severe_ref3,OC - Geo,26,208,1200,22,0,0,0.2978021978021978,0.2168981762917933,0.35348865155979015,0.22990128018001582,0.34586230587078937,9.999950000249999e-06,1.1317918026076787e-08,0.30916666666666665,0.22446194757520604,0.3666701122268162,0.23749502652519894,0.3591281400611421,9.999950000249999e-06,1.1598187503217733e-08,0.22578420516558273,0.16665321748357462,0.2833753744248005,0.1767422985296072,0.27400023049512845,9.999950000249999e-06,8.289744313244092e-08,MC 200000,,,E,,
P1A_secondary_E_all,severe_ref3 OC_refR vs OC,all,severe_ref3,OC_refR - OC,26,208,1200,21,0,0,-0.19785943223443223,-0.25247766299357205,-0.12179644728838147,-0.24510734443362953,-0.13230321132723866,4.9999750001249995e-06,7.541359213357477e-06,-0.20333333333333334,-0.2607775258452311,-0.12220271703304586,-0.2528411400591279,-0.13420703611919038,4.9999750001249995e-06,1.1600267532548485e-05,-0.15300154564822932,-0.19948732384159681,-0.10567107966438322,-0.19191829070400498,-0.11387113679970821,4.9999750001249995e-06,1.4056091287005996e-06,MC 200000,,,E,,
P1A_secondary_E_all,ref_amp3 OC vs Geo,all,ref_amp3,OC - Geo,26,208,1200,15,0,0,0.13076923076923078,0.091348898005148,0.1631815713281564,0.09917111237521269,0.1575868247815922,5.9999700001499995e-05,4.755717266935301e-08,0.14166666666666666,0.10061471376078801,0.17987609035188953,0.10852659936962263,0.17309227761485824,5.9999700001499995e-05,5.68772994194135e-08,0.08996721532435817,0.053280633800723086,0.12950777099884242,0.058500439705796846,0.12295546599564455,5.9999700001499995e-05,0.0001593709059231995,MC 200000,,,E,,
P1A_secondary_E_all,GT amplification OC vs U,all,amplification,OC - U,26,208,1200,17,0,0,-0.03330471611721612,-0.06936477969031891,0.013083684560780809,-0.06456982829162707,0.0067935782961199495,0.2499037504812476,0.14496323552069415,-0.035833333333333335,-0.0725516947871621,0.010753776500805348,-0.0674652228629664,0.004883370080546484,0.2424837875810621,0.12484960429219125,-0.014769812811904648,-0.03952912905782804,0.010024829136755141,-0.035784403096903096,0.006504374298698275,0.26599367003164986,0.26540216979160536,MC 200000,,,E,,
P1A_secondary_E_all,GT amplification OC_refR vs OC,all,amplification,OC_refR - OC,26,208,1200,15,0,0,0.02178342490842491,-0.013459263666270038,0.04878061886434166,-0.008536377583979328,0.04500719562892907,0.3421632891835541,0.20140451969574635,0.024166666666666666,-0.01017293997965412,0.05,-0.00540162445328639,0.046457608216480505,0.2986035069824651,0.14305358591912143,0.0020854032588726464,-0.021512957729156706,0.026049833150598452,-0.01745423996827058,0.02195814035737505,0.8667456662716686,0.8652068956910204,MC 200000,,,E,,
P1A_secondary_E_all,GT amplification OC_gtR vs OC,all,amplification,OC_gtR - OC,26,208,1200,14,0,0,-0.11480082417582418,-0.1497856765044265,-0.07176709386920144,-0.1444690683275141,-0.07861856453062617,9.499952500237499e-05,5.030021580820914e-06,-0.12083333333333333,-0.15587746768213248,-0.07805142202191316,-0.15020214796931716,-0.08541872061084808,9.499952500237499e-05,1.3931804392401077e-06,-0.10967400088573559,-0.17377222515296495,-0.05392949513166351,-0.1629976592757205,-0.061654134839083836,9.499952500237499e-05,0.0019266914505263368,MC 200000,,,E,,
P1A_secondary_E_all,GT FDE5 OC_refR vs OC,all,fde5,OC_refR - OC,26,208,1200,26,0,0,0.079479745352853,-0.3026933485553746,0.3637440162572398,-0.2342147117080871,0.31985659723190774,0.6620466897665511,0.6379052915951651,0.08019763443916773,-0.3129954587256163,0.37534372467650146,-0.24387321779443613,0.32970204265678466,0.6648766756166219,0.6422443043971109,-0.1390824179104181,-0.5475804016469529,0.2746999735375062,-0.4832761537548795,0.20376669060010585,0.5242973785131074,0.522253951779784,MC 200000,,,E,,
P1A_secondary_E_all,log2 growth OC vs Geo,all,log2_growth,OC - Geo,26,208,1162,26,38,0,1.7916783820209015,1.4657355181750413,2.0049714396321394,1.5163630246048674,1.9725610188531617,4.9999750001249995e-06,1.3621995765491424e-12,1.7954771913096945,1.4822820992793204,1.9988449745053711,1.5274878311489464,1.9702319562042794,4.9999750001249995e-06,5.066391304677441e-13,1.4378971615932024,1.1790468769342959,1.702026788738406,1.2181163723314472,1.661148931981513,4.9999750001249995e-06,1.5141502851125498e-10,MC 200000,,,E,,
P1A_secondary_E_all,log2 growth OC vs CM,all,log2_growth,OC - CM,26,208,1162,26,38,0,-1.7188703315956384,-2.158885479073333,-1.4633175968937129,-2.06344397870219,-1.499315319214143,4.9999750001249995e-06,9.740944230279151e-11,-1.652489915495017,-2.0592320008521856,-1.4176968145376854,-1.9704525721425503,-1.4522054320428037,4.9999750001249995e-06,3.3253824756764387e-11,-2.252565915303969,-2.7140917321069344,-1.8160449981944078,-2.626658587651265,-1.8859885865459343,4.9999750001249995e-06,5.117880386012458e-10,MC 200000,,,E,,
P1A_sensitivity_rank_le_100,P1A-1 context-only local suffix change,A-,suffix_loc,C1 - U,16,51,214,16,0,0,0.507974906653321,0.3935209388161663,0.5852664677881438,0.4126053463446832,0.5751338531332344,3.0517578125e-05,1.8257473432354082e-08,0.5066212113867659,0.39219451186201737,0.5819540918762212,0.41448562623313434,0.5723705309354729,3.0517578125e-05,2.0336258959420833e-08,0.48717279778951794,0.3739193219491735,0.6032995267866779,0.39262008909460927,0.5841125725877143,3.0517578125e-05,7.703154539976642e-07,exact 2^16,0.02,False,G,,
P1A_sensitivity_rank_le_100,P1A-2 endpoint deviation beyond geometric propagation,A-,dev9_ref,OC - Geo,16,51,214,16,0,0,3.8406191445343416,2.9565150535338147,4.5762359208408485,3.11720903275216,4.433028665136726,3.0517578125e-05,4.141000701587785e-08,4.083803189882023,3.011175114941555,4.790540078417973,3.193283123126382,4.705651961227568,3.0517578125e-05,2.3598549843476424e-07,3.897034919122294,3.0190101207040905,4.783106013300399,3.1614170901130474,4.645068234488836,3.0517578125e-05,4.827177280003357e-07,exact 2^16,0.25,False,G,,
P1A_sensitivity_rank_le_100,P1A-3 repeated GT-free reference correction,A-,dev9_ref,OC_refR - OC,16,51,214,16,0,0,-3.1228845679903716,-3.733777672149133,-2.3991256319009784,-3.6194934394823512,-2.5328255570617304,6.103515625e-05,6.161988949508143e-08,-3.255861827558296,-3.800023248617926,-2.444220035659631,-3.7304247601095457,-2.6029186911382673,3.0517578125e-05,1.0397796629356053e-07,-3.1478751159021017,-3.9505061941038755,-2.366107363582835,-3.8192644870215893,-2.4938118755352483,6.103515625e-05,2.017586249115146e-06,exact 2^16,0.25,False,G,,
P1A_sensitivity_full_8_sector_scenes,P1A-1 context-only local suffix change,A-,suffix_loc,C1 - U,10,21,168,10,0,0,0.5359649682984274,0.383989290508741,0.73131142064469,0.40534140865935303,0.6960018748501473,0.001953125,0.00027242583860483544,0.5359649682984274,0.383989290508741,0.73131142064469,0.40534140865935303,0.6960018748501473,0.001953125,0.00027242583860483544,0.5502594034585094,0.3963144629178012,0.7315704603377704,0.4169599777272285,0.697677155422417,0.001953125,0.00018250834275418165,exact 2^10,0.02,False,G,,
P1A_sensitivity_full_8_sector_scenes,P1A-2 endpoint deviation beyond geometric propagation,A-,dev9_ref,OC - Geo,10,21,168,10,0,0,4.310050681086847,3.0872522660554615,5.717496842075795,3.266248130309168,5.4771670931451775,0.001953125,0.000205322196060572,4.310050681086847,3.0872522660554615,5.717496842075795,3.266248130309168,5.4771670931451775,0.001953125,0.000205322196060572,4.5348336028266,3.487395745772135,5.661404027453257,3.644369448645539,5.477869511670169,0.001953125,3.049844869824354e-05,exact 2^10,0.25,False,G,,
P1A_sensitivity_full_8_sector_scenes,P1A-3 repeated GT-free reference correction,A-,dev9_ref,OC_refR - OC,10,21,168,10,0,0,-3.695990631130645,-5.001578507898653,-2.6281694578913792,-4.787793277451822,-2.7634155094344317,0.001953125,0.0002787383002142933,-3.695990631130645,-5.001578507898653,-2.6281694578913792,-4.787793277451822,-2.7634155094344317,0.001953125,0.0002787383002142933,-3.840884018753658,-5.051325118953222,-2.7609898178161996,-4.842437798904535,-2.9113716797169586,0.001953125,0.0001539535944252535,exact 2^10,0.25,False,G,,
