estimand,sd_used(boot90),n_for_halfwidth_5.0pp,n_for_halfwidth_7.5pp,n_for_halfwidth_10.0pp,halfwidth_pp_at_n80,halfwidth_pp_at_n160,halfwidth_pp_at_n240,halfwidth_pp_at_n320,halfwidth_pp_at_n480,power_d5pp_n160_a.05,power_d5pp_n160_a.0125,power_d5pp_n240_a.05,power_d5pp_n240_a.0125,power_d5pp_n320_a.05,power_d5pp_n320_a.0125,power_d5pp_n480_a.05,power_d5pp_n480_a.0125,power_d10pp_n160_a.05,power_d10pp_n160_a.0125,power_d10pp_n240_a.05,power_d10pp_n240_a.0125,power_d10pp_n320_a.05,power_d10pp_n320_a.0125,power_d10pp_n480_a.05,power_d10pp_n480_a.0125,n_for_halfwidth_25,n_for_halfwidth_50,halfwidth_at_n80,halfwidth_at_n160,halfwidth_at_n240,power_d50_n80_a.0125,power_d50_n160_a.0125,power_d50_n240_a.0125,power_d100_n80_a.0125,power_d100_n160_a.0125,power_d100_n240_a.0125
success:r1e1:R-N,0.4079,256,114,64,8.9,6.3,5.2,4.5,3.6,0.34,0.17,0.48,0.27,0.59,0.38,0.77,0.57,0.87,0.73,0.97,0.9,0.99,0.97,1.0,1.0,,,,,,,,,,,
success:r1e1:F-C,0.632,614,273,154,13.8,9.8,8.0,6.9,5.7,0.17,0.07,0.23,0.1,0.29,0.14,0.41,0.22,0.52,0.31,0.69,0.48,0.81,0.63,0.93,0.83,,,,,,,,,,,
success:r1e1:N-F,0.5704,500,223,125,12.5,8.8,7.2,6.2,5.1,0.2,0.08,0.27,0.13,0.35,0.18,0.48,0.28,0.6,0.39,0.78,0.59,0.88,0.74,0.97,0.91,,,,,,,,,,,
success:r1e2:R-N,0.4932,374,167,94,10.8,7.6,6.2,5.4,4.4,0.25,0.11,0.35,0.18,0.44,0.25,0.6,0.39,0.73,0.53,0.88,0.74,0.95,0.87,0.99,0.97,,,,,,,,,,,
success:r1e2:F-C,0.638,626,278,157,14.0,9.9,8.1,7.0,5.7,0.17,0.07,0.23,0.1,0.29,0.14,0.4,0.22,0.51,0.3,0.68,0.47,0.8,0.62,0.93,0.83,,,,,,,,,,,
success:r1e2:N-F,0.5564,476,212,119,12.2,8.6,7.0,6.1,5.0,0.21,0.09,0.29,0.13,0.36,0.19,0.5,0.3,0.62,0.41,0.8,0.61,0.9,0.76,0.98,0.93,,,,,,,,,,,
success:r1e4:R-N,0.4919,372,166,93,10.8,7.6,6.2,5.4,4.4,0.25,0.11,0.35,0.18,0.44,0.25,0.61,0.39,0.73,0.53,0.88,0.74,0.95,0.87,0.99,0.97,,,,,,,,,,,
success:r1e4:F-C,0.5774,513,228,129,12.7,8.9,7.3,6.3,5.2,0.19,0.08,0.27,0.12,0.34,0.17,0.48,0.27,0.59,0.38,0.77,0.57,0.87,0.73,0.97,0.9,,,,,,,,,,,
success:r1e4:N-F,0.5356,441,196,111,11.7,8.3,6.8,5.9,4.8,0.22,0.09,0.3,0.15,0.39,0.2,0.53,0.33,0.66,0.45,0.82,0.65,0.92,0.8,0.98,0.94,,,,,,,,,,,
success:r2e1:R-N,0.476,349,155,88,10.4,7.4,6.0,5.2,4.3,0.26,0.12,0.37,0.19,0.47,0.27,0.63,0.42,0.76,0.56,0.9,0.78,0.96,0.9,1.0,0.98,,,,,,,,,,,
success:r2e1:F-C,0.5957,546,243,137,13.1,9.2,7.5,6.5,5.3,0.19,0.08,0.26,0.12,0.32,0.16,0.45,0.26,0.56,0.35,0.74,0.54,0.85,0.69,0.96,0.88,,,,,,,,,,,
success:r2e1:N-F,0.5296,431,192,108,11.6,8.2,6.7,5.8,4.7,0.22,0.1,0.31,0.15,0.39,0.21,0.54,0.33,0.67,0.46,0.83,0.67,0.92,0.81,0.99,0.95,,,,,,,,,,,
success:r2e2:R-N,0.5454,458,204,115,12.0,8.5,6.9,6.0,4.9,0.21,0.09,0.3,0.14,0.37,0.2,0.52,0.31,0.64,0.43,0.81,0.63,0.91,0.78,0.98,0.94,,,,,,,,,,,
success:r2e2:F-C,0.5287,430,191,108,11.6,8.2,6.7,5.8,4.7,0.22,0.1,0.31,0.15,0.39,0.21,0.54,0.34,0.67,0.46,0.83,0.67,0.92,0.81,0.99,0.95,,,,,,,,,,,
success:r2e2:N-F,0.5859,528,235,132,12.8,9.1,7.4,6.4,5.2,0.19,0.08,0.26,0.12,0.33,0.17,0.46,0.26,0.58,0.37,0.75,0.56,0.86,0.71,0.96,0.89,,,,,,,,,,,
success:r4e1:R-N,0.4893,368,164,92,10.7,7.6,6.2,5.4,4.4,0.25,0.11,0.35,0.18,0.45,0.25,0.61,0.4,0.73,0.53,0.89,0.75,0.96,0.88,0.99,0.98,,,,,,,,,,,
success:r4e1:F-C,0.5724,504,224,126,12.5,8.9,7.2,6.3,5.1,0.2,0.08,0.27,0.13,0.35,0.17,0.48,0.28,0.6,0.39,0.77,0.58,0.88,0.73,0.97,0.91,,,,,,,,,,,
success:r4e1:N-F,0.5816,520,232,130,12.7,9.0,7.4,6.4,5.2,0.19,0.08,0.27,0.12,0.34,0.17,0.47,0.27,0.59,0.37,0.76,0.57,0.87,0.72,0.96,0.9,,,,,,,,,,,
success:r1e4:R-N,0.4667,335,149,84,10.2,7.2,5.9,5.1,4.2,0.27,0.13,0.38,0.2,0.48,0.28,0.65,0.44,0.77,0.58,0.91,0.79,0.97,0.91,1.0,0.99,,,,,,,,,,,
success:r1e4:F-C,0.5744,507,226,127,12.6,8.9,7.3,6.3,5.1,0.2,0.08,0.27,0.13,0.34,0.17,0.48,0.28,0.6,0.38,0.77,0.58,0.88,0.73,0.97,0.91,,,,,,,,,,,
success:r4e1:R-N,0.4726,344,153,86,10.4,7.3,6.0,5.2,4.2,0.27,0.12,0.37,0.2,0.47,0.27,0.64,0.43,0.76,0.57,0.91,0.78,0.97,0.9,1.0,0.98,,,,,,,,,,,
success:r4e1:F-C,0.5565,476,212,119,12.2,8.6,7.0,6.1,5.0,0.21,0.09,0.29,0.13,0.36,0.19,0.5,0.3,0.62,0.41,0.79,0.61,0.9,0.76,0.98,0.92,,,,,,,,,,,
success:r1e4:gen-N,0.3177,156,69,39,7.0,4.9,4.0,3.5,2.8,0.51,0.31,0.68,0.48,0.8,0.62,0.93,0.83,0.98,0.93,1.0,0.99,1.0,1.0,1.0,1.0,,,,,,,,,,,
success:r4e1:gen-N,0.416,266,119,67,9.1,6.4,5.3,4.6,3.7,0.33,0.16,0.46,0.26,0.58,0.36,0.75,0.55,0.86,0.71,0.96,0.89,0.99,0.96,1.0,1.0,,,,,,,,,,,
success:DiD r2e1-r1e1:R-N,0.6292,609,271,153,13.8,9.7,8.0,6.9,5.6,0.17,0.07,0.23,0.1,0.3,0.14,0.41,0.22,0.52,0.31,0.69,0.49,0.81,0.64,0.94,0.84,,,,,,,,,,,
success:DiD r2e1-r1e1:F-C,0.8166,1025,456,257,17.9,12.7,10.3,8.9,7.3,0.12,0.04,0.16,0.06,0.19,0.08,0.27,0.12,0.34,0.17,0.48,0.27,0.59,0.38,0.77,0.57,,,,,,,,,,,
success:DiD r4e1-r1e1:R-N,0.587,530,236,133,12.9,9.1,7.4,6.4,5.3,0.19,0.08,0.26,0.12,0.33,0.17,0.46,0.26,0.58,0.37,0.75,0.56,0.86,0.71,0.96,0.89,,,,,,,,,,,
success:DiD r4e1-r1e1:F-C,0.8822,1196,532,299,19.3,13.7,11.2,9.7,7.9,0.11,0.04,0.14,0.05,0.17,0.07,0.24,0.1,0.3,0.14,0.42,0.23,0.53,0.32,0.7,0.49,,,,,,,,,,,
success:DiD r1e2-r1e1:R-N,0.6393,629,280,158,14.0,9.9,8.1,7.0,5.7,0.17,0.07,0.23,0.1,0.29,0.14,0.4,0.22,0.51,0.3,0.68,0.47,0.8,0.62,0.93,0.82,,,,,,,,,,,
success:DiD r1e2-r1e1:F-C,0.7991,982,437,246,17.5,12.4,10.1,8.8,7.1,0.12,0.04,0.16,0.06,0.2,0.08,0.28,0.13,0.35,0.18,0.49,0.29,0.61,0.4,0.78,0.6,,,,,,,,,,,
success:DiD r1e4-r1e1:R-N,0.5885,533,237,134,12.9,9.1,7.4,6.4,5.3,0.19,0.08,0.26,0.12,0.33,0.16,0.46,0.26,0.58,0.36,0.75,0.55,0.86,0.71,0.96,0.89,,,,,,,,,,,
success:DiD r1e4-r1e1:F-C,0.8321,1064,473,266,18.2,12.9,10.5,9.1,7.4,0.12,0.04,0.15,0.06,0.19,0.08,0.26,0.12,0.33,0.16,0.46,0.26,0.58,0.36,0.75,0.55,,,,,,,,,,,
success:DiD r1e4-r1e2:R-N,0.6343,619,275,155,13.9,9.8,8.0,6.9,5.7,0.17,0.07,0.23,0.1,0.29,0.14,0.41,0.22,0.51,0.31,0.69,0.48,0.81,0.63,0.93,0.83,,,,,,,,,,,
success:DiD r1e4-r1e2:F-C,0.7489,862,384,216,16.4,11.6,9.5,8.2,6.7,0.13,0.05,0.18,0.07,0.22,0.1,0.31,0.15,0.39,0.21,0.54,0.33,0.67,0.46,0.83,0.67,,,,,,,,,,,
success:DiD r4e1-r1e4:R-N,0.6588,667,297,167,14.4,10.2,8.3,7.2,5.9,0.16,0.06,0.22,0.09,0.27,0.13,0.38,0.2,0.48,0.28,0.65,0.44,0.77,0.59,0.91,0.8,,,,,,,,,,,
success:DiD r4e1-r1e4:F-C,0.7745,922,410,231,17.0,12.0,9.8,8.5,6.9,0.13,0.05,0.17,0.07,0.21,0.09,0.29,0.14,0.37,0.19,0.52,0.31,0.64,0.43,0.81,0.63,,,,,,,,,,,
area:r1e1:R-N,306.0622,,,,,,,,,,,,,,,,,,,,,,,,,576,144,67.1,47.4,38.7,0.15,0.33,0.51,0.66,0.95,0.99
area:r1e1:F-C,419.2073,,,,,,,,,,,,,,,,,,,,,,,,,1081,271,91.9,65.0,53.0,0.08,0.16,0.26,0.36,0.7,0.88
area:r1e2:R-N,226.0011,,,,,,,,,,,,,,,,,,,,,,,,,314,79,49.5,35.0,28.6,0.3,0.62,0.82,0.93,1.0,1.0
area:r1e2:F-C,405.7451,,,,,,,,,,,,,,,,,,,,,,,,,1012,253,88.9,62.9,51.3,0.08,0.17,0.28,0.38,0.73,0.91
area:r1e4:R-N,282.3946,,,,,,,,,,,,,,,,,,,,,,,,,491,123,61.9,43.8,35.7,0.18,0.4,0.6,0.75,0.98,1.0
area:r1e4:F-C,332.461,,,,,,,,,,,,,,,,,,,,,,,,,680,170,72.9,51.5,42.1,0.12,0.28,0.43,0.58,0.9,0.98
area:r2e1:R-N,317.1689,,,,,,,,,,,,,,,,,,,,,,,,,619,155,69.5,49.1,40.1,0.14,0.31,0.48,0.63,0.93,0.99
area:r2e1:F-C,359.4894,,,,,,,,,,,,,,,,,,,,,,,,,795,199,78.8,55.7,45.5,0.11,0.23,0.37,0.5,0.85,0.96
area:r2e2:R-N,242.6751,,,,,,,,,,,,,,,,,,,,,,,,,362,91,53.2,37.6,30.7,0.26,0.54,0.76,0.88,1.0,1.0
area:r2e2:F-C,205.3457,,,,,,,,,,,,,,,,,,,,,,,,,260,65,45.0,31.8,26.0,0.37,0.72,0.9,0.97,1.0,1.0
area:r4e1:R-N,295.37,,,,,,,,,,,,,,,,,,,,,,,,,537,135,64.7,45.8,37.4,0.16,0.36,0.55,0.7,0.96,1.0
area:r4e1:F-C,280.7418,,,,,,,,,,,,,,,,,,,,,,,,,485,122,61.5,43.5,35.5,0.18,0.4,0.6,0.75,0.98,1.0
area:r1e4:R-N,299.9568,,,,,,,,,,,,,,,,,,,,,,,,,554,139,65.7,46.5,37.9,0.16,0.35,0.53,0.69,0.96,1.0
area:r1e4:F-C,327.0238,,,,,,,,,,,,,,,,,,,,,,,,,658,165,71.7,50.7,41.4,0.13,0.29,0.45,0.59,0.91,0.99
area:r4e1:R-N,315.3009,,,,,,,,,,,,,,,,,,,,,,,,,612,153,69.1,48.9,39.9,0.14,0.31,0.48,0.63,0.93,0.99
area:r4e1:F-C,268.7567,,,,,,,,,,,,,,,,,,,,,,,,,444,111,58.9,41.6,34.0,0.2,0.44,0.65,0.8,0.99,1.0
area:r1e4:gen-N,324.6067,,,,,,,,,,,,,,,,,,,,,,,,,648,162,71.1,50.3,41.1,0.13,0.29,0.46,0.6,0.92,0.99
area:r4e1:gen-N,286.7668,,,,,,,,,,,,,,,,,,,,,,,,,506,127,62.8,44.4,36.3,0.17,0.39,0.58,0.73,0.97,1.0
area:DiD r2e1-r1e1:R-N,313.89,,,,,,,,,,,,,,,,,,,,,,,,,606,152,68.8,48.6,39.7,0.14,0.31,0.49,0.64,0.94,0.99
area:DiD r2e1-r1e1:F-C,519.5214,,,,,,,,,,,,,,,,,,,,,,,,,1659,415,113.8,80.5,65.7,0.05,0.1,0.16,0.22,0.47,0.69
area:DiD r4e1-r1e1:R-N,329.4336,,,,,,,,,,,,,,,,,,,,,,,,,668,167,72.2,51.0,41.7,0.13,0.28,0.44,0.59,0.91,0.99
area:DiD r4e1-r1e1:F-C,463.8128,,,,,,,,,,,,,,,,,,,,,,,,,1323,331,101.6,71.9,58.7,0.06,0.13,0.2,0.28,0.59,0.8
area:DiD r1e2-r1e1:R-N,242.8077,,,,,,,,,,,,,,,,,,,,,,,,,363,91,53.2,37.6,30.7,0.26,0.54,0.76,0.88,1.0,1.0
area:DiD r1e2-r1e1:F-C,438.5668,,,,,,,,,,,,,,,,,,,,,,,,,1183,296,96.1,68.0,55.5,0.07,0.15,0.23,0.32,0.65,0.85
area:DiD r1e4-r1e1:R-N,312.054,,,,,,,,,,,,,,,,,,,,,,,,,599,150,68.4,48.4,39.5,0.14,0.32,0.49,0.64,0.94,0.99
area:DiD r1e4-r1e1:F-C,420.5902,,,,,,,,,,,,,,,,,,,,,,,,,1088,272,92.2,65.2,53.2,0.08,0.16,0.26,0.36,0.69,0.88
area:DiD r1e4-r1e2:R-N,306.1502,,,,,,,,,,,,,,,,,,,,,,,,,577,145,67.1,47.4,38.7,0.15,0.33,0.51,0.66,0.95,0.99
area:DiD r1e4-r1e2:F-C,310.8359,,,,,,,,,,,,,,,,,,,,,,,,,594,149,68.1,48.2,39.3,0.14,0.32,0.5,0.65,0.94,0.99
area:DiD r4e1-r1e4:R-N,376.5408,,,,,,,,,,,,,,,,,,,,,,,,,872,218,82.5,58.3,47.6,0.1,0.21,0.33,0.45,0.81,0.95
area:DiD r4e1-r1e4:F-C,382.5499,,,,,,,,,,,,,,,,,,,,,,,,,900,225,83.8,59.3,48.4,0.09,0.2,0.32,0.44,0.79,0.94
