estimand,n_source,unit,observed_mean,frac_nonzero,sd_per_ep,sd_per_ep_boot90,note
success:r1e1:R-N,80,pp/100,-0.05,0.125,0.3536,0.4079,exp35 seed 0-39 (16/8/4 perturbed chunks for r1/r2/r4)
success:r1e1:F-C,80,pp/100,-0.0125,0.338,0.587,0.632,exp35 seed 0-39 (16/8/4 perturbed chunks for r1/r2/r4)
success:r1e1:N-F,80,pp/100,0.175,0.325,0.5201,0.5704,exp35 seed 0-39 (16/8/4 perturbed chunks for r1/r2/r4)
success:r1e2:R-N,80,pp/100,0.0125,0.188,0.4367,0.4932,exp35 seed 0-39 (16/8/4 perturbed chunks for r1/r2/r4)
success:r1e2:F-C,80,pp/100,0.0125,0.338,0.5881,0.638,exp35 seed 0-39 (16/8/4 perturbed chunks for r1/r2/r4)
success:r1e2:N-F,80,pp/100,0.15,0.275,0.5064,0.5564,exp35 seed 0-39 (16/8/4 perturbed chunks for r1/r2/r4)
success:r1e4:R-N,80,pp/100,0.0,0.2,0.4414,0.4919,exp35 seed 0-39 (16/8/4 perturbed chunks for r1/r2/r4)
success:r1e4:F-C,80,pp/100,-0.05,0.275,0.5281,0.5774,exp35 seed 0-39 (16/8/4 perturbed chunks for r1/r2/r4)
success:r1e4:N-F,80,pp/100,0.2125,0.312,0.4971,0.5356,exp35 seed 0-39 (16/8/4 perturbed chunks for r1/r2/r4)
success:r2e1:R-N,80,pp/100,-0.025,0.175,0.4199,0.476,exp35 seed 0-39 (16/8/4 perturbed chunks for r1/r2/r4)
success:r2e1:F-C,80,pp/100,0.075,0.3,0.5442,0.5957,exp35 seed 0-39 (16/8/4 perturbed chunks for r1/r2/r4)
success:r2e1:N-F,80,pp/100,0.1125,0.263,0.4867,0.5296,exp35 seed 0-39 (16/8/4 perturbed chunks for r1/r2/r4)
success:r2e2:R-N,80,pp/100,0.0125,0.237,0.4919,0.5454,exp35 seed 0-39 (16/8/4 perturbed chunks for r1/r2/r4)
success:r2e2:F-C,80,pp/100,0.0,0.225,0.4797,0.5287,exp35 seed 0-39 (16/8/4 perturbed chunks for r1/r2/r4)
success:r2e2:N-F,80,pp/100,0.05,0.3,0.5377,0.5859,exp35 seed 0-39 (16/8/4 perturbed chunks for r1/r2/r4)
success:r4e1:R-N,80,pp/100,-0.0125,0.188,0.4338,0.4893,exp35 seed 0-39 (16/8/4 perturbed chunks for r1/r2/r4)
success:r4e1:F-C,80,pp/100,-0.0125,0.263,0.5186,0.5724,exp35 seed 0-39 (16/8/4 perturbed chunks for r1/r2/r4)
success:r4e1:N-F,80,pp/100,0.0875,0.287,0.5284,0.5816,exp35 seed 0-39 (16/8/4 perturbed chunks for r1/r2/r4)
success:r1e4:R-N,240,pp/100,-0.0083,0.192,0.4344,0.4667,exp35 seed 0-119
success:r1e4:F-C,240,pp/100,0.0708,0.304,0.5435,0.5744,exp35 seed 0-119
success:r4e1:R-N,240,pp/100,-0.0625,0.196,0.4399,0.4726,exp35 seed 0-119
success:r4e1:F-C,240,pp/100,0.0458,0.279,0.5248,0.5565,exp35 seed 0-119
success:r1e4:gen-N,80,pp/100,0.075,0.075,0.2655,0.3177,numeric-path rerun noise
success:r4e1:gen-N,80,pp/100,-0.025,0.125,0.3563,0.416,numeric-path rerun noise
success:DiD r2e1-r1e1:R-N,80,pp/100,0.025,0.225,0.5535,0.6292,exp35 seed 0-39
success:DiD r2e1-r1e1:F-C,80,pp/100,0.0875,0.388,0.7362,0.8166,exp35 seed 0-39
success:DiD r4e1-r1e1:R-N,80,pp/100,0.0375,0.287,0.5344,0.587,exp35 seed 0-39
success:DiD r4e1-r1e1:F-C,80,pp/100,0.0,0.5,0.8161,0.8822,exp35 seed 0-39
success:DiD r1e2-r1e1:R-N,80,pp/100,0.0625,0.237,0.5624,0.6393,exp35 seed 0-39
success:DiD r1e2-r1e1:F-C,80,pp/100,0.025,0.412,0.7316,0.7991,exp35 seed 0-39
success:DiD r1e4-r1e1:R-N,80,pp/100,0.05,0.237,0.5232,0.5885,exp35 seed 0-39
success:DiD r1e4-r1e1:F-C,80,pp/100,-0.0375,0.412,0.7585,0.8321,exp35 seed 0-39
success:DiD r1e4-r1e2:R-N,80,pp/100,-0.0125,0.175,0.5392,0.6343,exp35 seed 0-39
success:DiD r1e4-r1e2:F-C,80,pp/100,-0.0625,0.325,0.6658,0.7489,exp35 seed 0-39
success:DiD r4e1-r1e4:R-N,240,pp/100,-0.0542,0.292,0.6118,0.6588,exp35 seed 0-119 (cross-axis)
success:DiD r4e1-r1e4:F-C,240,pp/100,-0.025,0.421,0.7327,0.7745,exp35 seed 0-119 (cross-axis)
area:r1e1:R-N,80,cm*step,340.5812,1.0,266.8662,306.0622,exp35 seed 0-39 (16/8/4 perturbed chunks for r1/r2/r4)
area:r1e1:F-C,80,cm*step,523.3871,1.0,376.2159,419.2073,exp35 seed 0-39 (16/8/4 perturbed chunks for r1/r2/r4)
area:r1e2:R-N,80,cm*step,290.244,1.0,209.2247,226.0011,exp35 seed 0-39 (16/8/4 perturbed chunks for r1/r2/r4)
area:r1e2:F-C,80,cm*step,395.158,1.0,351.4066,405.7451,exp35 seed 0-39 (16/8/4 perturbed chunks for r1/r2/r4)
area:r1e4:R-N,80,cm*step,299.461,1.0,238.3423,282.3946,exp35 seed 0-39 (16/8/4 perturbed chunks for r1/r2/r4)
area:r1e4:F-C,80,cm*step,396.8934,1.0,293.2921,332.461,exp35 seed 0-39 (16/8/4 perturbed chunks for r1/r2/r4)
area:r2e1:R-N,80,cm*step,338.0957,1.0,288.337,317.1689,exp35 seed 0-39 (16/8/4 perturbed chunks for r1/r2/r4)
area:r2e1:F-C,80,cm*step,452.0233,1.0,320.9943,359.4894,exp35 seed 0-39 (16/8/4 perturbed chunks for r1/r2/r4)
area:r2e2:R-N,80,cm*step,309.7642,1.0,211.3181,242.6751,exp35 seed 0-39 (16/8/4 perturbed chunks for r1/r2/r4)
area:r2e2:F-C,80,cm*step,323.8582,1.0,183.4836,205.3457,exp35 seed 0-39 (16/8/4 perturbed chunks for r1/r2/r4)
area:r4e1:R-N,80,cm*step,401.153,1.0,254.0807,295.37,exp35 seed 0-39 (16/8/4 perturbed chunks for r1/r2/r4)
area:r4e1:F-C,80,cm*step,478.4637,1.0,254.6911,280.7418,exp35 seed 0-39 (16/8/4 perturbed chunks for r1/r2/r4)
area:r1e4:R-N,240,cm*step,292.472,1.0,266.877,299.9568,exp35 seed 0-119
area:r1e4:F-C,240,cm*step,401.7577,1.0,300.7261,327.0238,exp35 seed 0-119
area:r4e1:R-N,240,cm*step,424.9147,1.0,286.7912,315.3009,exp35 seed 0-119
area:r4e1:F-C,240,cm*step,496.6079,1.0,249.7864,268.7567,exp35 seed 0-119
area:r1e4:gen-N,80,cm*step,200.0,0.963,273.4196,324.6067,numeric-path rerun noise
area:r4e1:gen-N,80,cm*step,182.0328,0.775,247.9178,286.7668,numeric-path rerun noise
area:DiD r2e1-r1e1:R-N,80,cm*step,-2.4855,1.0,284.4837,313.89,exp35 seed 0-39
area:DiD r2e1-r1e1:F-C,80,cm*step,-71.3638,1.0,463.6246,519.5214,exp35 seed 0-39
area:DiD r4e1-r1e1:R-N,80,cm*step,60.5718,1.0,284.5591,329.4336,exp35 seed 0-39
area:DiD r4e1-r1e1:F-C,80,cm*step,-44.9234,1.0,420.2156,463.8128,exp35 seed 0-39
area:DiD r1e2-r1e1:R-N,80,cm*step,-50.3372,1.0,213.109,242.8077,exp35 seed 0-39
area:DiD r1e2-r1e1:F-C,80,cm*step,-128.2291,1.0,400.926,438.5668,exp35 seed 0-39
area:DiD r1e4-r1e1:R-N,80,cm*step,-41.1201,1.0,274.0218,312.054,exp35 seed 0-39
area:DiD r1e4-r1e1:F-C,80,cm*step,-126.4937,1.0,376.5772,420.5902,exp35 seed 0-39
area:DiD r1e4-r1e2:R-N,80,cm*step,9.217,1.0,258.3725,306.1502,exp35 seed 0-39
area:DiD r1e4-r1e2:F-C,80,cm*step,1.7354,1.0,275.6583,310.8359,exp35 seed 0-39
area:DiD r4e1-r1e4:R-N,240,cm*step,132.4427,1.0,345.2303,376.5408,exp35 seed 0-119 (cross-axis)
area:DiD r4e1-r1e4:F-C,240,cm*step,94.8501,1.0,362.0015,382.5499,exp35 seed 0-119 (cross-axis)
