experiment,group,condition,original_unit_rate,recovered_unit_rate,diff_pp,n_units,share_tokens_equal_exp7_raw
R8,A-,gt_history,0.043835616438356165,0.0,-4.383561643835616,2,1.0
R8,A-,identitysrc@L0,0.07397260273972603,0.0,-7.397260273972603,2,
R8,A-,identitysrc@L12,0.07397260273972603,0.0,-7.397260273972603,2,
R8,A-,identitysrc@L16,0.07397260273972603,0.0,-7.397260273972603,2,
R8,A-,identitysrc@L20,0.07397260273972603,0.0,-7.397260273972603,2,
R8,A-,identitysrc@L24,0.07397260273972603,0.0,-7.397260273972603,2,
R8,A-,identitysrc@L28,0.07397260273972603,0.0,-7.397260273972603,2,
R8,A-,identitysrc@L35,0.07397260273972603,0.0,-7.397260273972603,2,
R8,A-,identitysrc@L4,0.07397260273972603,0.0,-7.397260273972603,2,
R8,A-,identitysrc@L8,0.07397260273972603,0.0,-7.397260273972603,2,
R8,A-,identitysrc@emb,0.07397260273972603,0.0,-7.397260273972603,2,
R8,A-,normal,0.4684931506849315,0.0,-46.849315068493155,2,1.0
R8,A-,patch_delta0.25@L0,0.32054794520547947,0.0,-32.054794520547944,2,
R8,A-,patch_delta0.25@L12,0.32602739726027397,0.0,-32.602739726027394,2,
R8,A-,patch_delta0.25@L16,0.30684931506849317,0.0,-30.684931506849317,2,
R8,A-,patch_delta0.25@L20,0.3095890410958904,0.0,-30.958904109589042,2,
R8,A-,patch_delta0.25@L24,0.3095890410958904,0.0,-30.958904109589042,2,
R8,A-,patch_delta0.25@L28,0.28493150684931506,0.0,-28.493150684931507,2,
R8,A-,patch_delta0.25@L35,0.3424657534246575,0.0,-34.24657534246575,2,
R8,A-,patch_delta0.25@L4,0.32602739726027397,0.0,-32.602739726027394,2,
R8,A-,patch_delta0.25@L8,0.3178082191780822,0.0,-31.780821917808222,2,
R8,A-,patch_delta0.25@emb,0.3424657534246575,0.0,-34.24657534246575,2,
R8,A-,patch_delta0.5@L0,0.14246575342465753,0.0,-14.246575342465754,2,
R8,A-,patch_delta0.5@L12,0.13424657534246576,0.0,-13.424657534246576,2,
R8,A-,patch_delta0.5@L16,0.14794520547945206,0.0,-14.794520547945206,2,
R8,A-,patch_delta0.5@L20,0.1232876712328767,0.0,-12.32876712328767,2,
R8,A-,patch_delta0.5@L24,0.1095890410958904,0.0,-10.95890410958904,2,
R8,A-,patch_delta0.5@L28,0.09863013698630137,0.0,-9.863013698630137,2,
R8,A-,patch_delta0.5@L35,0.06575342465753424,0.0,-6.575342465753424,2,
R8,A-,patch_delta0.5@L4,0.13972602739726028,0.0,-13.972602739726028,2,
R8,A-,patch_delta0.5@L8,0.14246575342465753,0.0,-14.246575342465754,2,
R8,A-,patch_delta0.5@emb,0.136986301369863,0.0,-13.698630136986301,2,
R8,A-,patch_delta0.75@L0,0.07397260273972603,0.0,-7.397260273972603,2,
R8,A-,patch_delta0.75@L12,0.07671232876712329,0.0,-7.671232876712329,2,
R8,A-,patch_delta0.75@L16,0.0821917808219178,0.0,-8.21917808219178,2,
R8,A-,patch_delta0.75@L20,0.06575342465753424,0.0,-6.575342465753424,2,
R8,A-,patch_delta0.75@L24,0.06027397260273973,0.0,-6.027397260273973,2,
R8,A-,patch_delta0.75@L28,0.057534246575342465,0.0,-5.7534246575342465,2,
R8,A-,patch_delta0.75@L35,0.04657534246575343,0.0,-4.657534246575342,2,
R8,A-,patch_delta0.75@L4,0.06027397260273973,0.0,-6.027397260273973,2,
R8,A-,patch_delta0.75@L8,0.08493150684931507,0.0,-8.493150684931507,2,
R8,A-,patch_delta0.75@emb,0.07123287671232877,0.0,-7.123287671232877,2,
R8,A-,patch_full@L0,0.0684931506849315,0.0,-6.8493150684931505,2,
R8,A-,patch_full@L1,0.06575342465753424,0.0,-6.575342465753424,2,
R8,A-,patch_full@L10,0.06575342465753424,0.0,-6.575342465753424,2,
R8,A-,patch_full@L11,0.07123287671232877,0.0,-7.123287671232877,2,
R8,A-,patch_full@L12,0.07123287671232877,0.0,-7.123287671232877,2,
R8,A-,patch_full@L13,0.07397260273972603,0.0,-7.397260273972603,2,
R8,A-,patch_full@L14,0.07123287671232877,0.0,-7.123287671232877,2,
R8,A-,patch_full@L15,0.0684931506849315,0.0,-6.8493150684931505,2,
R8,A-,patch_full@L16,0.06575342465753424,0.0,-6.575342465753424,2,
R8,A-,patch_full@L17,0.06301369863013699,0.0,-6.301369863013699,2,
R8,A-,patch_full@L18,0.06301369863013699,0.0,-6.301369863013699,2,
R8,A-,patch_full@L19,0.06027397260273973,0.0,-6.027397260273973,2,
R8,A-,patch_full@L2,0.0684931506849315,0.0,-6.8493150684931505,2,
R8,A-,patch_full@L20,0.057534246575342465,0.0,-5.7534246575342465,2,
R8,A-,patch_full@L21,0.057534246575342465,0.0,-5.7534246575342465,2,
R8,A-,patch_full@L22,0.0547945205479452,0.0,-5.47945205479452,2,
R8,A-,patch_full@L23,0.052054794520547946,0.0,-5.205479452054795,2,
R8,A-,patch_full@L24,0.049315068493150684,0.0,-4.931506849315069,2,
R8,A-,patch_full@L25,0.04657534246575343,0.0,-4.657534246575342,2,
R8,A-,patch_full@L26,0.0410958904109589,0.0,-4.10958904109589,2,
R8,A-,patch_full@L27,0.049315068493150684,0.0,-4.931506849315069,2,
R8,A-,patch_full@L28,0.0410958904109589,0.0,-4.10958904109589,2,
R8,A-,patch_full@L29,0.0410958904109589,0.0,-4.10958904109589,2,
R8,A-,patch_full@L3,0.06575342465753424,0.0,-6.575342465753424,2,
R8,A-,patch_full@L30,0.043835616438356165,0.0,-4.383561643835616,2,
R8,A-,patch_full@L31,0.038356164383561646,0.0,-3.8356164383561646,2,
R8,A-,patch_full@L32,0.0410958904109589,0.0,-4.10958904109589,2,
R8,A-,patch_full@L33,0.0410958904109589,0.0,-4.10958904109589,2,
R8,A-,patch_full@L34,0.043835616438356165,0.0,-4.383561643835616,2,
R8,A-,patch_full@L35,0.043835616438356165,0.0,-4.383561643835616,2,
R8,A-,patch_full@L4,0.06575342465753424,0.0,-6.575342465753424,2,
R8,A-,patch_full@L5,0.07397260273972603,0.0,-7.397260273972603,2,
R8,A-,patch_full@L6,0.06575342465753424,0.0,-6.575342465753424,2,
R8,A-,patch_full@L7,0.06575342465753424,0.0,-6.575342465753424,2,
R8,A-,patch_full@L8,0.06575342465753424,0.0,-6.575342465753424,2,
R8,A-,patch_full@L9,0.0684931506849315,0.0,-6.8493150684931505,2,
R8,A-,patch_full@emb,0.07397260273972603,0.0,-7.397260273972603,2,
R8,A-,recent_gt,0.07397260273972603,0.0,-7.397260273972603,2,1.0
R8,A-,reverse@L0,0.3863013698630137,0.0,-38.63013698630137,2,
R8,A-,reverse@L12,0.38082191780821917,0.0,-38.082191780821915,2,
R8,A-,reverse@L16,0.3972602739726027,0.0,-39.726027397260275,2,
R8,A-,reverse@L20,0.4054794520547945,0.0,-40.54794520547945,2,
R8,A-,reverse@L24,0.40821917808219177,0.0,-40.821917808219176,2,
R8,A-,reverse@L28,0.4136986301369863,0.0,-41.369863013698634,2,
R8,A-,reverse@L35,0.4684931506849315,0.0,-46.849315068493155,2,
R8,A-,reverse@L4,0.3863013698630137,0.0,-38.63013698630137,2,
R8,A-,reverse@L8,0.39452054794520547,0.0,-39.45205479452055,2,
R8,A-,reverse@emb,0.33424657534246577,0.0,-33.42465753424658,2,
R8,A-,selfpatch@L16,0.4684931506849315,0.0,-46.849315068493155,2,
R8,A-,selfpatch@L35,0.4684931506849315,0.0,-46.849315068493155,2,
R8,A-,selfpatch@emb,0.4684931506849315,0.0,-46.849315068493155,2,
R9,A-,delay2_len1,0.1917808219178082,0.0,-19.17808219178082,3,
R9,A-,delay2_len2,0.1178082191780822,0.0,-11.78082191780822,3,
R9,A-,delay3_len1,0.16712328767123288,0.0,-16.71232876712329,3,
R9,A-,delay3_len2,0.10684931506849316,0.0,-10.684931506849315,3,
R9,A-,delay4_len1,0.1643835616438356,0.0,-16.43835616438356,3,
R9,A-,gt_history,0.0410958904109589,0.0,-4.10958904109589,3,1.0
R9,A-,normal,0.4657534246575342,0.0,-46.57534246575342,3,0.6666666666666666
R9,A-,skipfirst2_full,0.052054794520547946,0.0,-5.205479452054795,3,
R9,A-,skipfirst3_full,0.06575342465753424,0.0,-6.575342465753424,3,
R9,A-,win1,0.26575342465753427,0.3333333333333333,6.757990867579905,3,
R9,A-,win2,0.14246575342465753,0.3333333333333333,19.08675799086758,3,
R9,A-,win3,0.08493150684931507,0.0,-8.493150684931507,3,
R9,A-,win4,0.057534246575342465,0.0,-5.7534246575342465,3,
R9,A-,win5,0.052054794520547946,0.0,-5.205479452054795,3,
R9,A-,win6,0.0410958904109589,0.0,-4.10958904109589,3,
R9,A-,win7,0.0410958904109589,0.0,-4.10958904109589,3,
R9,A-,win8,0.0410958904109589,0.0,-4.10958904109589,3,
