experiment,group,condition,metric,scene_mean,ci95_lo,ci95_hi,unit_mean,n_units,n_scenes,n_logs,fde5_unit_mean
R8,A-,gt_history,amplification,0.0,0.0,0.0,0.0,2,1,1,2.130611023201801
R8,A-,identitysrc@L0,amplification,0.0,0.0,0.0,0.0,2,1,1,1.8523963580223133
R8,A-,identitysrc@L12,amplification,0.0,0.0,0.0,0.0,2,1,1,1.8523963580223133
R8,A-,identitysrc@L16,amplification,0.0,0.0,0.0,0.0,2,1,1,1.8523963580223133
R8,A-,identitysrc@L20,amplification,0.0,0.0,0.0,0.0,2,1,1,1.8523963580223133
R8,A-,identitysrc@L24,amplification,0.0,0.0,0.0,0.0,2,1,1,1.8523963580223133
R8,A-,identitysrc@L28,amplification,0.0,0.0,0.0,0.0,2,1,1,1.8523963580223133
R8,A-,identitysrc@L35,amplification,0.0,0.0,0.0,0.0,2,1,1,1.8523963580223133
R8,A-,identitysrc@L4,amplification,0.0,0.0,0.0,0.0,2,1,1,1.8523963580223133
R8,A-,identitysrc@L8,amplification,0.0,0.0,0.0,0.0,2,1,1,1.8523963580223133
R8,A-,identitysrc@emb,amplification,0.0,0.0,0.0,0.0,2,1,1,1.8523963580223133
R8,A-,normal,amplification,0.0,0.0,0.0,0.0,2,1,1,1.408266141887928
R8,A-,patch_delta0.25@L0,amplification,0.0,0.0,0.0,0.0,2,1,1,1.6401237009317025
R8,A-,patch_delta0.25@L12,amplification,0.0,0.0,0.0,0.0,2,1,1,1.6401237009317025
R8,A-,patch_delta0.25@L16,amplification,0.0,0.0,0.0,0.0,2,1,1,1.6401237009317025
R8,A-,patch_delta0.25@L20,amplification,0.0,0.0,0.0,0.0,2,1,1,1.6458892784865622
R8,A-,patch_delta0.25@L24,amplification,0.0,0.0,0.0,0.0,2,1,1,1.3965613453340777
R8,A-,patch_delta0.25@L28,amplification,0.0,0.0,0.0,0.0,2,1,1,1.4816555575769732
R8,A-,patch_delta0.25@L35,amplification,0.0,0.0,0.0,0.0,2,1,1,1.7762098873785288
R8,A-,patch_delta0.25@L4,amplification,0.0,0.0,0.0,0.0,2,1,1,1.6401237009317025
R8,A-,patch_delta0.25@L8,amplification,0.0,0.0,0.0,0.0,2,1,1,1.4816555575769732
R8,A-,patch_delta0.25@emb,amplification,0.0,0.0,0.0,0.0,2,1,1,1.5966041169837926
R8,A-,patch_delta0.5@L0,amplification,0.0,0.0,0.0,0.0,2,1,1,2.4608016134730937
R8,A-,patch_delta0.5@L12,amplification,0.0,0.0,0.0,0.0,2,1,1,2.550238980757495
R8,A-,patch_delta0.5@L16,amplification,0.0,0.0,0.0,0.0,2,1,1,2.5470719444459804
R8,A-,patch_delta0.5@L20,amplification,0.0,0.0,0.0,0.0,2,1,1,2.7038697281470974
R8,A-,patch_delta0.5@L24,amplification,0.0,0.0,0.0,0.0,2,1,1,2.3689768206462425
R8,A-,patch_delta0.5@L28,amplification,0.0,0.0,0.0,0.0,2,1,1,2.613979204625928
R8,A-,patch_delta0.5@L35,amplification,0.0,0.0,0.0,0.0,2,1,1,2.064106828206537
R8,A-,patch_delta0.5@L4,amplification,0.0,0.0,0.0,0.0,2,1,1,2.0744062312995255
R8,A-,patch_delta0.5@L8,amplification,0.0,0.0,0.0,0.0,2,1,1,2.154619871511443
R8,A-,patch_delta0.5@emb,amplification,0.0,0.0,0.0,0.0,2,1,1,2.454201060011759
R8,A-,patch_delta0.75@L0,amplification,0.0,0.0,0.0,0.0,2,1,1,1.8241092864094306
R8,A-,patch_delta0.75@L12,amplification,0.0,0.0,0.0,0.0,2,1,1,2.205076983980162
R8,A-,patch_delta0.75@L16,amplification,0.0,0.0,0.0,0.0,2,1,1,2.0244708982624458
R8,A-,patch_delta0.75@L20,amplification,0.0,0.0,0.0,0.0,2,1,1,2.1130813752455397
R8,A-,patch_delta0.75@L24,amplification,0.0,0.0,0.0,0.0,2,1,1,2.10147606292718
R8,A-,patch_delta0.75@L28,amplification,0.0,0.0,0.0,0.0,2,1,1,2.006661668978583
R8,A-,patch_delta0.75@L35,amplification,0.0,0.0,0.0,0.0,2,1,1,1.7849196407332426
R8,A-,patch_delta0.75@L4,amplification,0.0,0.0,0.0,0.0,2,1,1,1.969111931921485
R8,A-,patch_delta0.75@L8,amplification,0.0,0.0,0.0,0.0,2,1,1,2.205076983980162
R8,A-,patch_delta0.75@emb,amplification,0.0,0.0,0.0,0.0,2,1,1,2.087143013817949
R8,A-,patch_full@L0,amplification,0.0,0.0,0.0,0.0,2,1,1,1.928704337348143
R8,A-,patch_full@L1,amplification,0.0,0.0,0.0,0.0,2,1,1,1.928704337348143
R8,A-,patch_full@L10,amplification,0.0,0.0,0.0,0.0,2,1,1,1.7631624530760932
R8,A-,patch_full@L11,amplification,0.0,0.0,0.0,0.0,2,1,1,1.8523963580223133
R8,A-,patch_full@L12,amplification,0.0,0.0,0.0,0.0,2,1,1,1.7631624530760932
R8,A-,patch_full@L13,amplification,0.0,0.0,0.0,0.0,2,1,1,1.7109121051070693
R8,A-,patch_full@L14,amplification,0.0,0.0,0.0,0.0,2,1,1,1.7109121051070693
R8,A-,patch_full@L15,amplification,0.0,0.0,0.0,0.0,2,1,1,1.7109121051070693
R8,A-,patch_full@L16,amplification,0.0,0.0,0.0,0.0,2,1,1,1.7109121051070693
R8,A-,patch_full@L17,amplification,0.0,0.0,0.0,0.0,2,1,1,1.6767242840671712
R8,A-,patch_full@L18,amplification,0.0,0.0,0.0,0.0,2,1,1,1.6766688298506218
R8,A-,patch_full@L19,amplification,0.0,0.0,0.0,0.0,2,1,1,1.8424180255213982
R8,A-,patch_full@L2,amplification,0.0,0.0,0.0,0.0,2,1,1,1.928704337348143
R8,A-,patch_full@L20,amplification,0.0,0.0,0.0,0.0,2,1,1,1.7694248894108797
R8,A-,patch_full@L21,amplification,0.0,0.0,0.0,0.0,2,1,1,1.8424180255213982
R8,A-,patch_full@L22,amplification,0.0,0.0,0.0,0.0,2,1,1,2.074711719986177
R8,A-,patch_full@L23,amplification,0.0,0.0,0.0,0.0,2,1,1,2.063915945510323
R8,A-,patch_full@L24,amplification,0.0,0.0,0.0,0.0,2,1,1,2.2867416017434756
R8,A-,patch_full@L25,amplification,0.0,0.0,0.0,0.0,2,1,1,2.2867416017434756
R8,A-,patch_full@L26,amplification,0.0,0.0,0.0,0.0,2,1,1,2.3174893065169413
R8,A-,patch_full@L27,amplification,0.0,0.0,0.0,0.0,2,1,1,2.3202578479015386
R8,A-,patch_full@L28,amplification,0.0,0.0,0.0,0.0,2,1,1,2.3174893065169413
R8,A-,patch_full@L29,amplification,0.0,0.0,0.0,0.0,2,1,1,2.3174893065169413
R8,A-,patch_full@L3,amplification,0.0,0.0,0.0,0.0,2,1,1,1.928704337348143
R8,A-,patch_full@L30,amplification,0.0,0.0,0.0,0.0,2,1,1,2.058850873940933
R8,A-,patch_full@L31,amplification,0.0,0.0,0.0,0.0,2,1,1,2.2344203719736586
R8,A-,patch_full@L32,amplification,0.0,0.0,0.0,0.0,2,1,1,2.224218066763827
R8,A-,patch_full@L33,amplification,0.0,0.0,0.0,0.0,2,1,1,2.1204087179919697
R8,A-,patch_full@L34,amplification,0.0,0.0,0.0,0.0,2,1,1,2.130611023201801
R8,A-,patch_full@L35,amplification,0.0,0.0,0.0,0.0,2,1,1,2.130611023201801
R8,A-,patch_full@L4,amplification,0.0,0.0,0.0,0.0,2,1,1,1.8523963580223133
R8,A-,patch_full@L5,amplification,0.0,0.0,0.0,0.0,2,1,1,1.8523963580223133
R8,A-,patch_full@L6,amplification,0.0,0.0,0.0,0.0,2,1,1,1.787220084432899
R8,A-,patch_full@L7,amplification,0.0,0.0,0.0,0.0,2,1,1,1.787220084432899
R8,A-,patch_full@L8,amplification,0.0,0.0,0.0,0.0,2,1,1,1.7109121051070693
R8,A-,patch_full@L9,amplification,0.0,0.0,0.0,0.0,2,1,1,1.8523963580223133
R8,A-,patch_full@emb,amplification,0.0,0.0,0.0,0.0,2,1,1,1.8523963580223133
R8,A-,recent_gt,amplification,0.0,0.0,0.0,0.0,2,1,1,1.8523963580223133
R8,A-,reverse@L0,amplification,0.0,0.0,0.0,0.0,2,1,1,1.4129579707342192
R8,A-,reverse@L12,amplification,0.0,0.0,0.0,0.0,2,1,1,1.359687269627363
R8,A-,reverse@L16,amplification,0.0,0.0,0.0,0.0,2,1,1,1.411324296211701
R8,A-,reverse@L20,amplification,0.0,0.0,0.0,0.0,2,1,1,1.1945993879694325
R8,A-,reverse@L24,amplification,0.0,0.0,0.0,0.0,2,1,1,1.2519821959219244
R8,A-,reverse@L28,amplification,0.0,0.0,0.0,0.0,2,1,1,1.3428342947321892
R8,A-,reverse@L35,amplification,0.0,0.0,0.0,0.0,2,1,1,1.408266141887928
R8,A-,reverse@L4,amplification,0.0,0.0,0.0,0.0,2,1,1,1.447941071718866
R8,A-,reverse@L8,amplification,0.0,0.0,0.0,0.0,2,1,1,1.359687269627363
R8,A-,reverse@emb,amplification,0.0,0.0,0.0,0.0,2,1,1,1.5551042907036488
R8,A-,selfpatch@L16,amplification,0.0,0.0,0.0,0.0,2,1,1,1.408266141887928
R8,A-,selfpatch@L35,amplification,0.0,0.0,0.0,0.0,2,1,1,1.408266141887928
R8,A-,selfpatch@emb,amplification,0.0,0.0,0.0,0.0,2,1,1,1.408266141887928
R9,A-,delay2_len1,amplification,0.0,0.0,0.0,0.0,3,1,1,1.8307033393473766
R9,A-,delay2_len2,amplification,0.0,0.0,0.0,0.0,3,1,1,1.5247736965310086
R9,A-,delay3_len1,amplification,0.0,0.0,0.0,0.0,3,1,1,1.6188741700131766
R9,A-,delay3_len2,amplification,0.0,0.0,0.0,0.0,3,1,1,1.519595485364625
R9,A-,delay4_len1,amplification,0.0,0.0,0.0,0.0,3,1,1,1.4816506401456866
R9,A-,gt_history,amplification,0.0,0.0,0.0,0.0,3,1,1,1.9501010967782186
R9,A-,normal,amplification,0.0,0.0,0.0,0.0,3,1,1,1.7461218469804793
R9,A-,skipfirst2_full,amplification,0.0,0.0,0.0,0.0,3,1,1,1.2785552889049854
R9,A-,skipfirst3_full,amplification,0.0,0.0,0.0,0.0,3,1,1,1.617516677633837
R9,A-,win1,amplification,0.3333333333333333,0.3333333333333333,0.3333333333333333,0.3333333333333333,3,1,1,3.1259178174133972
R9,A-,win2,amplification,0.3333333333333333,0.3333333333333333,0.3333333333333333,0.3333333333333333,3,1,1,3.089365536299354
R9,A-,win3,amplification,0.0,0.0,0.0,0.0,3,1,1,2.3321077024474026
R9,A-,win4,amplification,0.0,0.0,0.0,0.0,3,1,1,1.9119042683651453
R9,A-,win5,amplification,0.0,0.0,0.0,0.0,3,1,1,1.9501010967782186
R9,A-,win6,amplification,0.0,0.0,0.0,0.0,3,1,1,1.9501010967782186
R9,A-,win7,amplification,0.0,0.0,0.0,0.0,3,1,1,1.9501010967782186
R9,A-,win8,amplification,0.0,0.0,0.0,0.0,3,1,1,1.9501010967782186
