model,experiment,group,condition,metric,rate_scene_weighted,ci95_lo,ci95_hi,rate_unit_weighted,rate_log_equal,n_clusters,cluster_unit,n_scenes,n_units,note
AutoVLA,exp07_action_history_causal,A-,normal,amplification,0.4595543345543346,0.35172529149323456,0.558574695121951,0.473972602739726,0.48319968033509697,16,navtest log,52.0,365,
AutoVLA,exp07_action_history_causal,A-,hist_attn_mask,amplification,0.4493666056166056,0.3678796215640728,0.5710683578987149,0.4602739726027397,0.494061397707231,16,navtest log,52.0,365,
AutoVLA,exp07_action_history_causal,A-,recent_attn_mask,amplification,0.43307387057387053,0.3205548469387755,0.5273516180897645,0.4410958904109589,0.41705246913580246,16,navtest log,52.0,365,
AutoVLA,exp07_action_history_causal,A-,hist_emb_neutral,amplification,0.6734203296703296,0.5437389270590268,0.8186274509803921,0.6657534246575343,0.6750744047619047,16,navtest log,52.0,365,OOD condition in original analysis (not used for verdicts)
AutoVLA,exp07_action_history_causal,A-,recent_emb_neutral,amplification,0.5305631868131868,0.43694881084362797,0.6310966483250277,0.5232876712328767,0.5737847222222222,16,navtest log,52.0,365,OOD condition in original analysis (not used for verdicts)
AutoVLA,exp07_action_history_causal,A-,gt_history,amplification,0.03426434676434676,0.012217844290212712,0.0649352515938069,0.0410958904109589,0.028913139329805992,16,navtest log,52.0,365,
AutoVLA,exp07_action_history_causal,A-,recent_gt,amplification,0.061660561660561664,0.03687018613607189,0.0844882205710694,0.07123287671232877,0.05314704585537919,16,navtest log,52.0,365,
AutoVLA,exp07_action_history_causal,A+,normal,amplification,0.04002594627594627,0.022017477203647415,0.060710829849157835,0.04218600191754554,0.025949289000759587,26,navtest log,156.0,1043,
AutoVLA,exp07_action_history_causal,A+,hist_attn_mask,amplification,0.04082722832722833,0.0214108688463308,0.05639512336685765,0.046021093000958774,0.021630305515109433,26,navtest log,156.0,1043,
AutoVLA,exp07_action_history_causal,A+,recent_attn_mask,amplification,0.04429945054945055,0.027280571219715957,0.0629994003714849,0.04793863854266539,0.027878643687467213,26,navtest log,156.0,1043,
AutoVLA,exp07_action_history_causal,A+,hist_emb_neutral,amplification,0.5719627594627595,0.49885113263310465,0.6725694444444444,0.5666347075743049,0.6920697766286001,26,navtest log,156.0,1043,OOD condition in original analysis (not used for verdicts)
AutoVLA,exp07_action_history_causal,A+,recent_emb_neutral,amplification,0.37099358974358976,0.3052747069252351,0.4492089207995026,0.3681687440076702,0.4572589878349682,26,navtest log,156.0,1043,OOD condition in original analysis (not used for verdicts)
AutoVLA,exp07_action_history_causal,A+,gt_history,amplification,0.006143162393162393,0.0,0.017243149991905446,0.005752636625119847,0.006871600621600622,26,navtest log,156.0,1043,
AutoVLA,exp07_action_history_causal,A+,recent_gt,amplification,0.006499287749287749,0.0007032348804500703,0.016779482948294813,0.006711409395973154,0.005408249158249158,26,navtest log,156.0,1043,
AutoVLA,exp11_prev_action_identity,A-,normal,amplification,0.4568070818070818,0.34699138312419564,0.5619054820437659,0.4712328767123288,0.4865892305996473,16,navtest log,52.0,365,
AutoVLA,exp11_prev_action_identity,A-,gt_history,amplification,0.03426434676434676,0.012217844290212712,0.0649352515938069,0.0410958904109589,0.028913139329805992,16,navtest log,52.0,365,
AutoVLA,exp11_prev_action_identity,A-,recent_gt,amplification,0.06894841269841269,0.03876005263216398,0.09660262542517005,0.07945205479452055,0.05081845238095238,16,navtest log,52.0,365,
AutoVLA,exp11_prev_action_identity,A-,geo_nn_gt,amplification,0.07677045177045178,0.04040319846292948,0.13906597222222214,0.08493150684931507,0.08940145502645502,16,navtest log,52.0,365,
AutoVLA,exp11_prev_action_identity,A-,emb_nn_gt,amplification,0.06994047619047619,0.03365036418607847,0.12210113211951448,0.07671232876712329,0.07814429012345679,16,navtest log,52.0,365,
AutoVLA,exp11_prev_action_identity,A-,geo_nn_self,amplification,0.4274267399267399,0.3398307911706349,0.5202167145593868,0.4383561643835616,0.42881393298059967,16,navtest log,52.0,365,
AutoVLA,exp11_prev_action_identity,A-,emb_nn_self,amplification,0.5026327838827839,0.4117947525492073,0.6339939856150792,0.5013698630136987,0.581802524250441,16,navtest log,52.0,365,
AutoVLA,exp11_prev_action_identity,A-,random_tok,amplification,0.52117673992674,0.4298115079365079,0.605984310002167,0.5150684931506849,0.5391534391534392,16,navtest log,52.0,365,
AutoVLA,exp11_prev_action_identity,A-,mean_emb,amplification,0.5254502442002442,0.4216865827688834,0.6179561979771582,0.5205479452054794,0.5434413580246913,16,navtest log,52.0,365,OOD condition in original analysis
AutoVLA,exp11_prev_action_identity,A+,normal,amplification,0.04038207163207163,0.022829033707729946,0.058721463920817354,0.04218600191754554,0.026537118019961153,26,navtest log,156.0,1043,
AutoVLA,exp11_prev_action_identity,A+,gt_history,amplification,0.006143162393162393,0.0,0.017243149991905446,0.005752636625119847,0.006871600621600622,26,navtest log,156.0,1043,
AutoVLA,exp11_prev_action_identity,A+,recent_gt,amplification,0.006499287749287749,0.0007032348804500703,0.016779482948294813,0.006711409395973154,0.005408249158249158,26,navtest log,156.0,1043,
AutoVLA,exp11_prev_action_identity,A+,geo_nn_gt,amplification,0.005990537240537241,0.0026076211734693874,0.009550010545414619,0.007670182166826462,0.004006115525723369,26,navtest log,156.0,1043,
AutoVLA,exp11_prev_action_identity,A+,emb_nn_gt,amplification,0.03149165649165649,0.01326020663137819,0.05562643319339748,0.030680728667305847,0.020856186297362765,26,navtest log,156.0,1043,
AutoVLA,exp11_prev_action_identity,A+,geo_nn_self,amplification,0.06953347578347578,0.04554569634871493,0.09436177851755355,0.07190795781399809,0.0451687677790619,26,navtest log,156.0,1043,
AutoVLA,exp11_prev_action_identity,A+,emb_nn_self,amplification,0.11865333740333739,0.09095964779918353,0.157756992460643,0.11984659635666348,0.1478411974735504,26,navtest log,156.0,1043,
AutoVLA,exp11_prev_action_identity,A+,random_tok,amplification,0.43349358974358976,0.36676082877188326,0.5168697033898305,0.4324065196548418,0.509098814674795,26,navtest log,156.0,1043,
AutoVLA,exp11_prev_action_identity,A+,mean_emb,amplification,0.40701312576312576,0.3276265548804181,0.49866749249249237,0.4046021093000959,0.5109914436507574,26,navtest log,156.0,1043,OOD condition in original analysis
AutoVLA,exp32_motion_semantics,A-,normal,amplification,0.4659645909645909,0.3528012052230802,0.5759476788531209,0.4794520547945205,0.49313684964726634,16,navtest log,52.0,365,
AutoVLA,exp32_motion_semantics,A-,recent_gt,amplification,0.06654456654456654,0.037837459057697156,0.09591579898849371,0.07671232876712329,0.05029761904761904,16,navtest log,52.0,365,
AutoVLA,exp32_motion_semantics,A-,dir_ok_mag_wrong,amplification,0.16239316239316237,0.09620255759961642,0.21655446900982614,0.1726027397260274,0.15827959656084656,16,navtest log,52.0,365,
AutoVLA,exp32_motion_semantics,A-,dir_wrong_mag_ok,amplification,0.2609126984126984,0.2173166554357592,0.3385885453425776,0.26301369863013696,0.2876432980599647,16,navtest log,52.0,365,
AutoVLA,exp32_motion_semantics,A-,mirror_same_dist,amplification,0.12965506715506717,0.08746647192827747,0.17437534606866,0.136986301369863,0.13931051587301585,16,navtest log,52.0,365,
AutoVLA,exp32_motion_semantics,A-,random_mag_matched,amplification,0.18246336996336995,0.14041913746630727,0.23780507407019486,0.1917808219178082,0.20020805776014108,16,navtest log,52.0,365,
AutoVLA,exp32_motion_semantics,A+,normal,amplification,0.04099257224257224,0.02275619823299767,0.05908937292865862,0.04314477468839885,0.02558760457044771,26,navtest log,156.0,1043,
AutoVLA,exp32_motion_semantics,A+,recent_gt,amplification,0.006499287749287749,0.0007032348804500703,0.016779482948294813,0.006711409395973154,0.005408249158249158,26,navtest log,156.0,1043,
AutoVLA,exp32_motion_semantics,A+,dir_ok_mag_wrong,amplification,0.037011599511599505,0.023140878717387337,0.05263834180134665,0.037392138063279005,0.03690498635351576,26,navtest log,156.0,1043,
AutoVLA,exp32_motion_semantics,A+,dir_wrong_mag_ok,amplification,0.08203601953601952,0.05278137899896801,0.11430631299695544,0.0862895493767977,0.09149655038135429,26,navtest log,156.0,1043,
AutoVLA,exp32_motion_semantics,A+,mirror_same_dist,amplification,0.030741249491249487,0.01777463393450854,0.041997161206541525,0.031639501438159155,0.022812765030902286,26,navtest log,156.0,1043,
AutoVLA,exp32_motion_semantics,A+,random_mag_matched,amplification,0.11525742775742777,0.07905280137417287,0.14557657384987888,0.11601150527325024,0.10250367823897234,26,navtest log,156.0,1043,
Impromptu-VLA-3B,exp33_impromptu_cde,all,normal,amplification,0.6342261904761904,0.6053234106010269,0.6636492045330717,0.6342785654712261,0.6360791442203447,28,navtest log,300.0,2398,
Impromptu-VLA-3B,exp33_impromptu_cde,all,win1,amplification,0.4802976190476191,0.42656349164965807,0.5189503044564553,0.48040033361134277,0.4482504013510166,28,navtest log,300.0,2398,
Impromptu-VLA-3B,exp33_impromptu_cde,all,win2,amplification,0.38857142857142857,0.33822519983744714,0.42941874246180645,0.3886572143452877,0.3653474038424894,28,navtest log,300.0,2398,
Impromptu-VLA-3B,exp33_impromptu_cde,all,win3,amplification,0.06,0.02934181043196981,0.08215988507185244,0.060050041701417846,0.03500734723714046,28,navtest log,300.0,2398,
Impromptu-VLA-3B,exp33_impromptu_cde,all,win4,amplification,0.03208333333333333,0.01059322033898305,0.05366947674418603,0.03211009174311927,0.014863774457151282,28,navtest log,300.0,2398,
Impromptu-VLA-3B,exp33_impromptu_cde,all,gt_history,amplification,0.0,0.0,0.0,0.0,0.0,28,navtest log,300.0,2398,
Impromptu-VLA-3B,exp33_impromptu_cde,all,recent_gt,amplification,0.0125,0.008093183248078343,0.01729723532494758,0.012510425354462052,0.009109449700933003,28,navtest log,300.0,2398,
Impromptu-VLA-3B,exp33_impromptu_cde,all,reverse,amplification,0.819047619047619,0.8035196016702015,0.8407851636678603,0.8190158465387823,0.832763061364897,28,navtest log,300.0,2398,
Impromptu-VLA-3B,exp33_impromptu_cde,all,near_gt,amplification,0.011666666666666667,0.007196901569653368,0.015719034054193767,0.011676396997497914,0.008040644986064601,28,navtest log,300.0,2398,
Impromptu-VLA-3B,exp33_impromptu_cde,all,dir_ok_mag_wrong,amplification,0.6420833333333333,0.5957846347259063,0.6785380354244583,0.6422018348623854,0.6390486073815492,28,navtest log,300.0,2398,
Impromptu-VLA-3B,exp33_impromptu_cde,all,dir_wrong_mag_ok,amplification,0.7986904761904762,0.762603699427509,0.8522225413894673,0.7985821517931609,0.8466049938145684,28,navtest log,300.0,2398,
Impromptu-VLA-3B,exp33_impromptu_cde,all,random_mag_matched,amplification,0.8152976190476191,0.7894363791552029,0.8545952840595697,0.8152627189324437,0.8423252469847589,28,navtest log,300.0,2398,
SpatialVLA-4B,exp34_closed_loop,google_robot_move_near,corrected_opposite,success,0.65,0.5,0.8,0.65,,40,"episode (task, seed)",,40,rate_scene_weighted = task-equal episode mean
SpatialVLA-4B,exp34_closed_loop,google_robot_pick_coke_can,corrected_opposite,success,0.625,0.475,0.775,0.625,,40,"episode (task, seed)",,40,rate_scene_weighted = task-equal episode mean
SpatialVLA-4B,exp34_closed_loop,pooled,corrected_opposite,success,0.6375,0.5375,0.7375,0.6375,,80,"episode (task, seed)",,80,rate_scene_weighted = task-equal episode mean
SpatialVLA-4B,exp34_closed_loop,google_robot_move_near,corrected_perp_left,success,0.875,0.775,0.975,0.875,,40,"episode (task, seed)",,40,rate_scene_weighted = task-equal episode mean
SpatialVLA-4B,exp34_closed_loop,google_robot_pick_coke_can,corrected_perp_left,success,0.95,0.875,1.0,0.95,,40,"episode (task, seed)",,40,rate_scene_weighted = task-equal episode mean
SpatialVLA-4B,exp34_closed_loop,pooled,corrected_perp_left,success,0.9125,0.8500000000000001,0.9625,0.9125,,80,"episode (task, seed)",,80,rate_scene_weighted = task-equal episode mean
SpatialVLA-4B,exp34_closed_loop,google_robot_move_near,feedback_opposite,success,0.75,0.6,0.875,0.75,,40,"episode (task, seed)",,40,rate_scene_weighted = task-equal episode mean
SpatialVLA-4B,exp34_closed_loop,google_robot_pick_coke_can,feedback_opposite,success,0.55,0.4,0.7,0.55,,40,"episode (task, seed)",,40,rate_scene_weighted = task-equal episode mean
SpatialVLA-4B,exp34_closed_loop,pooled,feedback_opposite,success,0.65,0.55,0.75,0.65,,80,"episode (task, seed)",,80,rate_scene_weighted = task-equal episode mean
SpatialVLA-4B,exp34_closed_loop,google_robot_move_near,feedback_perp_left,success,0.775,0.65,0.9,0.775,,40,"episode (task, seed)",,40,rate_scene_weighted = task-equal episode mean
SpatialVLA-4B,exp34_closed_loop,google_robot_pick_coke_can,feedback_perp_left,success,0.95,0.875,1.0,0.95,,40,"episode (task, seed)",,40,rate_scene_weighted = task-equal episode mean
SpatialVLA-4B,exp34_closed_loop,pooled,feedback_perp_left,success,0.8625,0.7875,0.9375,0.8625,,80,"episode (task, seed)",,80,rate_scene_weighted = task-equal episode mean
SpatialVLA-4B,exp34_closed_loop,google_robot_move_near,natural,success,0.775,0.65,0.9,0.775,,40,"episode (task, seed)",,40,rate_scene_weighted = task-equal episode mean
SpatialVLA-4B,exp34_closed_loop,google_robot_pick_coke_can,natural,success,0.925,0.85,1.0,0.925,,40,"episode (task, seed)",,40,rate_scene_weighted = task-equal episode mean
SpatialVLA-4B,exp34_closed_loop,pooled,natural,success,0.8500000000000001,0.7749999999999999,0.9125000000000001,0.8500000000000001,,80,"episode (task, seed)",,80,rate_scene_weighted = task-equal episode mean
SpatialVLA-4B,exp34_closed_loop,google_robot_move_near,natural_gen,success,0.9,0.8,0.975,0.9,,40,"episode (task, seed)",,40,rate_scene_weighted = task-equal episode mean
SpatialVLA-4B,exp34_closed_loop,google_robot_pick_coke_can,natural_gen,success,0.975,0.925,1.0,0.975,,40,"episode (task, seed)",,40,rate_scene_weighted = task-equal episode mean
SpatialVLA-4B,exp34_closed_loop,pooled,natural_gen,success,0.9375,0.8875,0.9875,0.9375,,80,"episode (task, seed)",,80,rate_scene_weighted = task-equal episode mean
SpatialVLA-4B,exp34_closed_loop,google_robot_move_near,natural_mix,success,0.775,0.65,0.9,0.775,,40,"episode (task, seed)",,40,rate_scene_weighted = task-equal episode mean
SpatialVLA-4B,exp34_closed_loop,google_robot_pick_coke_can,natural_mix,success,0.925,0.85,1.0,0.925,,40,"episode (task, seed)",,40,rate_scene_weighted = task-equal episode mean
SpatialVLA-4B,exp34_closed_loop,pooled,natural_mix,success,0.8500000000000001,0.7749999999999999,0.9125000000000001,0.8500000000000001,,80,"episode (task, seed)",,80,rate_scene_weighted = task-equal episode mean
SpatialVLA-4B,exp34_closed_loop,google_robot_move_near,reverse_opposite,success,0.85,0.725,0.95,0.85,,40,"episode (task, seed)",,40,rate_scene_weighted = task-equal episode mean
SpatialVLA-4B,exp34_closed_loop,google_robot_pick_coke_can,reverse_opposite,success,0.825,0.7,0.925,0.825,,40,"episode (task, seed)",,40,rate_scene_weighted = task-equal episode mean
SpatialVLA-4B,exp34_closed_loop,pooled,reverse_opposite,success,0.8374999999999999,0.75,0.9125,0.8374999999999999,,80,"episode (task, seed)",,80,rate_scene_weighted = task-equal episode mean
SpatialVLA-4B,exp34_closed_loop,google_robot_move_near,reverse_perp_left,success,0.825,0.7,0.925,0.825,,40,"episode (task, seed)",,40,rate_scene_weighted = task-equal episode mean
SpatialVLA-4B,exp34_closed_loop,google_robot_pick_coke_can,reverse_perp_left,success,0.975,0.925,1.0,0.975,,40,"episode (task, seed)",,40,rate_scene_weighted = task-equal episode mean
SpatialVLA-4B,exp34_closed_loop,pooled,reverse_perp_left,success,0.8999999999999999,0.8374999999999999,0.9625,0.8999999999999999,,80,"episode (task, seed)",,80,rate_scene_weighted = task-equal episode mean
SpatialVLA-4B,exp34_token_level,google_robot_move_near,normal,token amplification (A>=1),0.25189263028589404,0.21096065371263395,0.2963564605658155,0.2517193947730399,,40,"episode (task, seed)",,9451,rate_scene_weighted = episode-weighted (task-equal)
SpatialVLA-4B,exp34_token_level,google_robot_pick_coke_can,normal,token amplification (A>=1),0.18992027713910228,0.16247463966355571,0.2204193785676353,0.1896262074758505,,40,"episode (task, seed)",,9524,rate_scene_weighted = episode-weighted (task-equal)
SpatialVLA-4B,exp34_token_level,pooled,normal,token amplification (A>=1),0.22090645371249817,0.19675842390767037,0.2473767963757987,0.22055335968379447,,80,"episode (task, seed)",,18975,rate_scene_weighted = episode-weighted (task-equal)
SpatialVLA-4B,exp34_token_level,google_robot_move_near,recent_ref,token amplification (A>=1),0.15792406447288526,0.12731780429645131,0.1915173288389238,0.1577610834832293,,40,"episode (task, seed)",,9451,rate_scene_weighted = episode-weighted (task-equal)
SpatialVLA-4B,exp34_token_level,google_robot_pick_coke_can,recent_ref,token amplification (A>=1),0.11758191291192391,0.09666082959075889,0.1403312313485616,0.11738765224695506,,40,"episode (task, seed)",,9524,rate_scene_weighted = episode-weighted (task-equal)
SpatialVLA-4B,exp34_token_level,pooled,recent_ref,token amplification (A>=1),0.1377529886924046,0.11824592843373193,0.1581063363459198,0.13749670619235838,,80,"episode (task, seed)",,18975,rate_scene_weighted = episode-weighted (task-equal)
SpatialVLA-4B,exp34_token_level,google_robot_move_near,full_ref,token amplification (A>=1),0.15498618815260592,0.12590219831476981,0.1864729770762337,0.15479843402814517,,40,"episode (task, seed)",,9451,rate_scene_weighted = episode-weighted (task-equal)
SpatialVLA-4B,exp34_token_level,google_robot_pick_coke_can,full_ref,token amplification (A>=1),0.11567735555340031,0.09576622783137,0.13704485099860383,0.11549769004619907,,40,"episode (task, seed)",,9524,rate_scene_weighted = episode-weighted (task-equal)
SpatialVLA-4B,exp34_token_level,pooled,full_ref,token amplification (A>=1),0.1353317718530031,0.11690165434397928,0.15441478865462202,0.13507246376811594,,80,"episode (task, seed)",,18975,rate_scene_weighted = episode-weighted (task-equal)
SpatialVLA-4B,exp34_token_level,google_robot_move_near,win1,token amplification (A>=1),0.17806508885901096,0.1449547797203408,0.21485764326108966,0.17786477621415722,,40,"episode (task, seed)",,9451,rate_scene_weighted = episode-weighted (task-equal)
SpatialVLA-4B,exp34_token_level,google_robot_pick_coke_can,win1,token amplification (A>=1),0.13028976278597107,0.10875007019785546,0.1535666445212249,0.13009239815203696,,40,"episode (task, seed)",,9524,rate_scene_weighted = episode-weighted (task-equal)
SpatialVLA-4B,exp34_token_level,pooled,win1,token amplification (A>=1),0.154177425822491,0.13357799477596763,0.1755995169243002,0.1538866930171278,,80,"episode (task, seed)",,18975,rate_scene_weighted = episode-weighted (task-equal)
SpatialVLA-4B,exp34_token_level,google_robot_move_near,reverse,token amplification (A>=1),0.21477603484382382,0.17975949340117045,0.254019115902548,0.21458046767537828,,40,"episode (task, seed)",,9451,rate_scene_weighted = episode-weighted (task-equal)
SpatialVLA-4B,exp34_token_level,google_robot_pick_coke_can,reverse,token amplification (A>=1),0.15790823762919665,0.13512292059775582,0.18259000293465488,0.15770684586308273,,40,"episode (task, seed)",,9524,rate_scene_weighted = episode-weighted (task-equal)
SpatialVLA-4B,exp34_token_level,pooled,reverse,token amplification (A>=1),0.18634213623651025,0.1652568156694618,0.20871059359575192,0.18603425559947298,,80,"episode (task, seed)",,18975,rate_scene_weighted = episode-weighted (task-equal)
SpatialVLA-4B,exp34_token_level,google_robot_move_near,ref_trans,token amplification (A>=1),0.2103297783911636,0.1729347814921083,0.24916649182769812,0.2101364934927521,,40,"episode (task, seed)",,9451,rate_scene_weighted = episode-weighted (task-equal)
SpatialVLA-4B,exp34_token_level,google_robot_pick_coke_can,ref_trans,token amplification (A>=1),0.15304905022355764,0.13025566263127492,0.17675570769496587,0.15287694246115077,,40,"episode (task, seed)",,9524,rate_scene_weighted = episode-weighted (task-equal)
SpatialVLA-4B,exp34_token_level,pooled,ref_trans,token amplification (A>=1),0.18168941430736063,0.1602260325384425,0.2045301093624144,0.1813965744400527,,80,"episode (task, seed)",,18975,rate_scene_weighted = episode-weighted (task-equal)
SpatialVLA-4B,exp34_token_level,google_robot_move_near,near_ref,token amplification (A>=1),0.24480610037782205,0.20758407690008426,0.2850346535159471,0.24463019786266005,,40,"episode (task, seed)",,9451,rate_scene_weighted = episode-weighted (task-equal)
SpatialVLA-4B,exp34_token_level,google_robot_pick_coke_can,near_ref,token amplification (A>=1),0.19581039120271143,0.1709567693651152,0.22121329023163058,0.19561108777824443,,40,"episode (task, seed)",,9524,rate_scene_weighted = episode-weighted (task-equal)
SpatialVLA-4B,exp34_token_level,pooled,near_ref,token amplification (A>=1),0.22030824579026675,0.19764704674537992,0.24388060034507342,0.22002635046113306,,80,"episode (task, seed)",,18975,rate_scene_weighted = episode-weighted (task-equal)
SpatialVLA-4B,exp34_token_level,google_robot_move_near,dir_ok_mag_wrong,token amplification (A>=1),0.2614610636183576,0.22131892083607838,0.3038231704432965,0.2612421965929531,,40,"episode (task, seed)",,9451,rate_scene_weighted = episode-weighted (task-equal)
SpatialVLA-4B,exp34_token_level,google_robot_pick_coke_can,dir_ok_mag_wrong,token amplification (A>=1),0.18590192695864452,0.16182586433546847,0.21200992640709074,0.18563628727425452,,40,"episode (task, seed)",,9524,rate_scene_weighted = episode-weighted (task-equal)
SpatialVLA-4B,exp34_token_level,pooled,dir_ok_mag_wrong,token amplification (A>=1),0.22368149528850106,0.20034804729182804,0.2476085649186772,0.22329380764163373,,80,"episode (task, seed)",,18975,rate_scene_weighted = episode-weighted (task-equal)
SpatialVLA-4B,exp34_token_level,google_robot_move_near,dir_wrong_mag_ok,token amplification (A>=1),0.26612007573162116,0.22633487026880036,0.30897341192567446,0.26600359750290975,,40,"episode (task, seed)",,9451,rate_scene_weighted = episode-weighted (task-equal)
SpatialVLA-4B,exp34_token_level,google_robot_pick_coke_can,dir_wrong_mag_ok,token amplification (A>=1),0.19239691244623625,0.16724513367315166,0.21950428947106332,0.19214615707685848,,40,"episode (task, seed)",,9524,rate_scene_weighted = episode-weighted (task-equal)
SpatialVLA-4B,exp34_token_level,pooled,dir_wrong_mag_ok,token amplification (A>=1),0.2292584940889287,0.2055027058092239,0.2545132115927474,0.22893280632411067,,80,"episode (task, seed)",,18975,rate_scene_weighted = episode-weighted (task-equal)
SpatialVLA-4B,exp34_token_level,google_robot_move_near,random_mag_matched,token amplification (A>=1),0.3616085611940463,0.3219224939307984,0.40366059663212406,0.36133742461115226,,40,"episode (task, seed)",,9451,rate_scene_weighted = episode-weighted (task-equal)
SpatialVLA-4B,exp34_token_level,google_robot_pick_coke_can,random_mag_matched,token amplification (A>=1),0.2355584147771604,0.21091150302688522,0.26165976168065747,0.2353002939941201,,40,"episode (task, seed)",,9524,rate_scene_weighted = episode-weighted (task-equal)
SpatialVLA-4B,exp34_token_level,pooled,random_mag_matched,token amplification (A>=1),0.29858348798560336,0.2756622321368953,0.32239919997710836,0.2980764163372859,,80,"episode (task, seed)",,18975,rate_scene_weighted = episode-weighted (task-equal)
